[14:13:14] [main/DEBUG] [FML/]: Injecting tracing printstreams for STDOUT/STDERR.
[14:13:15] [main/INFO] [FML/]: Forge Mod Loader version 7.99.40.1614 for Minecraft 1.7.10 loading
[14:13:15] [main/INFO] [FML/]: Java is OpenJDK 64-Bit Server VM, version 1.8.0_402, running on Linux:amd64:6.5.0-valve23-1-neptune-65-g385b5e207ae2, installed at /usr/lib/jvm/java-8-openjdk/jre
[14:13:15] [main/DEBUG] [FML/]: Java classpath at launch is /home/deck/Desktop/server/forge-1.7.10-10.13.4.1614-1.7.10-universal.jar
[14:13:15] [main/DEBUG] [FML/]: Java library path at launch is /usr/java/packages/lib/amd64:/usr/lib64:/lib64:/lib:/usr/lib
[14:13:15] [main/DEBUG] [FML/]: Enabling runtime deobfuscation
[14:13:15] [main/DEBUG] [FML/]: Instantiating coremod class FMLCorePlugin
[14:13:15] [main/DEBUG] [FML/]: Added access transformer class cpw.mods.fml.common.asm.transformers.AccessTransformer to enqueued access transformers
[14:13:15] [main/DEBUG] [FML/]: Enqueued coremod FMLCorePlugin
[14:13:15] [main/DEBUG] [FML/]: Instantiating coremod class FMLForgePlugin
[14:13:15] [main/DEBUG] [FML/]: Added access transformer class net.minecraftforge.transformers.ForgeAccessTransformer to enqueued access transformers
[14:13:15] [main/DEBUG] [FML/]: Enqueued coremod FMLForgePlugin
[14:13:15] [main/DEBUG] [FML/]: All fundamental core mods are successfully located
[14:13:15] [main/DEBUG] [FML/]: Attempting to load commandline specified mods, relative to /home/deck/Desktop/server/.
[14:13:15] [main/DEBUG] [FML/]: Discovering coremods
[14:13:15] [main/DEBUG] [FML/]: Examining for coremod candidacy [1.7.10] SecurityCraft v1.8.13.jar
[14:13:15] [main/DEBUG] [FML/]: Not found coremod data in [1.7.10] SecurityCraft v1.8.13.jar
[14:13:15] [main/DEBUG] [FML/]: Examining for coremod candidacy ActuallyAdditions-1.7.10-r21.jar
[14:13:15] [main/DEBUG] [FML/]: Not found coremod data in ActuallyAdditions-1.7.10-r21.jar
[14:13:15] [main/DEBUG] [FML/]: Examining for coremod candidacy additionalpipes-4.7.7.jar
[14:13:15] [main/DEBUG] [FML/]: Not found coremod data in additionalpipes-4.7.7.jar
[14:13:15] [main/DEBUG] [FML/]: Examining for coremod candidacy AdvancedRocketry-1.7.10-1.4.0-32.jar
[14:13:15] [main/TRACE] [FML/]: Found FMLCorePluginContainsFMLMod marker in AdvancedRocketry-1.7.10-1.4.0-32.jar, it will be examined later for regular @Mod instances
[14:13:15] [main/DEBUG] [FML/]: Instantiating coremod class AdvancedRocketryPlugin
[14:13:15] [main/DEBUG] [FML/]: The coremod zmaster587.advancedRocketry.asm.AdvancedRocketryPlugin requested minecraft version 1.7.10 and minecraft is 1.7.10. It will be loaded.
[14:13:15] [main/DEBUG] [FML/]: Enqueued coremod AdvancedRocketryPlugin
[14:13:15] [main/DEBUG] [FML/]: Examining for coremod candidacy ae2stuff-0.5.0.56-mc1.7.10.jar
[14:13:15] [main/DEBUG] [FML/]: Not found coremod data in ae2stuff-0.5.0.56-mc1.7.10.jar
[14:13:15] [main/DEBUG] [FML/]: Examining for coremod candidacy AirPort-[1.7.10]-2.4.6.jar
[14:13:15] [main/DEBUG] [FML/]: Not found coremod data in AirPort-[1.7.10]-2.4.6.jar
[14:13:15] [main/DEBUG] [FML/]: Examining for coremod candidacy appliedenergistics2-rv3-beta-6.jar
[14:13:15] [main/TRACE] [FML/]: Found FMLCorePluginContainsFMLMod marker in appliedenergistics2-rv3-beta-6.jar, it will be examined later for regular @Mod instances
[14:13:15] [main/DEBUG] [FML/]: Instantiating coremod class AppEngCore
[14:13:15] [main/DEBUG] [FML/]: The coremod appeng.transformer.AppEngCore requested minecraft version 1.7.10 and minecraft is 1.7.10. It will be loaded.
[14:13:15] [main/INFO] [FML/]: [AppEng] Core Init
[14:13:15] [main/DEBUG] [FML/]: Added access transformer class appeng.transformer.asm.ASMTweaker to enqueued access transformers
[14:13:15] [main/DEBUG] [FML/]: Enqueued coremod AppEngCore
[14:13:15] [main/DEBUG] [FML/]: Examining for coremod candidacy Aroma1997Core-1.7.10-1.0.2.16.jar
[14:13:15] [main/TRACE] [FML/]: Found FMLCorePluginContainsFMLMod marker in Aroma1997Core-1.7.10-1.0.2.16.jar, it will be examined later for regular @Mod instances
[14:13:15] [main/DEBUG] [FML/]: Instantiating coremod class CoreMod
[14:13:15] [main/WARN] [FML/]: The coremod aroma1997.core.coremod.CoreMod does not have a MCVersion annotation, it may cause issues with this version of Minecraft
[14:13:15] [main/DEBUG] [FML/]: Added access transformer class aroma1997.core.coremod.asm.AromaAccessTransformer to enqueued access transformers
[14:13:15] [main/DEBUG] [FML/]: Enqueued coremod CoreMod
[14:13:15] [main/DEBUG] [FML/]: Examining for coremod candidacy AromaBackup-1.7.10-0.1.0.0.jar
[14:13:15] [main/DEBUG] [FML/]: Not found coremod data in AromaBackup-1.7.10-0.1.0.0.jar
[14:13:15] [main/DEBUG] [FML/]: Examining for coremod candidacy bdlib-1.9.5.1-mc1.7.10.jar
[14:13:15] [main/DEBUG] [FML/]: Not found coremod data in bdlib-1.9.5.1-mc1.7.10.jar
[14:13:15] [main/DEBUG] [FML/]: Examining for coremod candidacy BetterFps-1.0.1.jar
[14:13:15] [main/INFO] [FML/]: Loading tweaker me.guichaguri.betterfps.tweaker.BetterFpsTweaker from BetterFps-1.0.1.jar
[14:13:15] [main/DEBUG] [FML/]: Examining for coremod candidacy BetterQuesting-3.0.328.jar
[14:13:15] [main/DEBUG] [FML/]: Not found coremod data in BetterQuesting-3.0.328.jar
[14:13:15] [main/DEBUG] [FML/]: Examining for coremod candidacy BiblioCraft[v1.11.7][MC1.7.10].jar
[14:13:15] [main/DEBUG] [FML/]: Not found coremod data in BiblioCraft[v1.11.7][MC1.7.10].jar
[14:13:15] [main/DEBUG] [FML/]: Examining for coremod candidacy BlueIceV1.0.jar
[14:13:15] [main/DEBUG] [FML/]: Not found coremod data in BlueIceV1.0.jar
[14:13:15] [main/DEBUG] [FML/]: Examining for coremod candidacy BrandonsCore-1.0.0.12.jar
[14:13:15] [main/TRACE] [FML/]: Found FMLCorePluginContainsFMLMod marker in BrandonsCore-1.0.0.12.jar, it will be examined later for regular @Mod instances
[14:13:15] [main/DEBUG] [FML/]: Instantiating coremod class LoadingPlugin
[14:13:15] [main/TRACE] [FML/]: coremod named Brandon's Core is loading
[14:13:15] [main/DEBUG] [FML/]: The coremod com.brandon3055.brandonscore.asm.LoadingPlugin requested minecraft version 1.7.10 and minecraft is 1.7.10. It will be loaded.
[14:13:15] [main/DEBUG] [FML/]: Enqueued coremod Brandon's Core
[14:13:15] [main/DEBUG] [FML/]: Examining for coremod candidacy buildcraft-7.1.25.jar
[14:13:15] [main/DEBUG] [FML/]: Not found coremod data in buildcraft-7.1.25.jar
[14:13:15] [main/DEBUG] [FML/]: Examining for coremod candidacy CarbonConfig-1.7.10-1.2.4.jar
[14:13:15] [main/TRACE] [FML/]: Found FMLCorePluginContainsFMLMod marker in CarbonConfig-1.7.10-1.2.4.jar, it will be examined later for regular @Mod instances
[14:13:15] [main/DEBUG] [FML/]: Instantiating coremod class CarbonConfigHooks
[14:13:15] [main/TRACE] [FML/]: coremod named CarbonConfigHooks is loading
[14:13:15] [main/WARN] [FML/]: The coremod carbonconfiglib.impl.internal.CarbonConfigHooks does not have a MCVersion annotation, it may cause issues with this version of Minecraft
[14:13:15] [main/DEBUG] [FML/]: Enqueued coremod CarbonConfigHooks
[14:13:15] [main/DEBUG] [FML/]: Examining for coremod candidacy Carpenter's Blocks v3.3.8.2 - MC 1.7.10.jar
[14:13:15] [main/DEBUG] [FML/]: Not found coremod data in Carpenter's Blocks v3.3.8.2 - MC 1.7.10.jar
[14:13:15] [main/DEBUG] [FML/]: Examining for coremod candidacy ChickenChunks-1.7.10-1.3.4.19-universal.jar
[14:13:15] [main/DEBUG] [FML/]: Not found coremod data in ChickenChunks-1.7.10-1.3.4.19-universal.jar
[14:13:15] [main/DEBUG] [FML/]: Examining for coremod candidacy Chisel-2.9.5.11.jar
[14:13:15] [main/DEBUG] [FML/]: Not found coremod data in Chisel-2.9.5.11.jar
[14:13:15] [main/DEBUG] [FML/]: Examining for coremod candidacy CodeChickenCore-1.7.10-1.0.7.48-universal.jar
[14:13:15] [main/TRACE] [FML/]: Adding CodeChickenCore-1.7.10-1.0.7.48-universal.jar to the list of known coremods, it will not be examined again
[14:13:15] [main/DEBUG] [FML/]: Instantiating coremod class CodeChickenCorePlugin
[14:13:15] [main/WARN] [FML/]: The coremod codechicken.core.launch.CodeChickenCorePlugin does not have a MCVersion annotation, it may cause issues with this version of Minecraft
[14:13:15] [main/DEBUG] [FML/]: Added access transformer class codechicken.core.asm.CodeChickenAccessTransformer to enqueued access transformers
[14:13:15] [main/DEBUG] [FML/]: Enqueued coremod CodeChickenCorePlugin
[14:13:15] [main/DEBUG] [FML/]: Examining for coremod candidacy CodeChickenLib-1.7.10-1.1.3.141-universal.jar
[14:13:15] [main/DEBUG] [FML/]: Not found coremod data in CodeChickenLib-1.7.10-1.1.3.141-universal.jar
[14:13:15] [main/DEBUG] [FML/]: Examining for coremod candidacy CoFHCore-[1.7.10]3.1.4-329.jar
[14:13:15] [main/TRACE] [FML/]: Found FMLCorePluginContainsFMLMod marker in CoFHCore-[1.7.10]3.1.4-329.jar, it will be examined later for regular @Mod instances
[14:13:15] [main/DEBUG] [FML/]: Instantiating coremod class LoadingPlugin
[14:13:15] [main/WARN] [FML/]: The coremod cofh.asm.LoadingPlugin does not have a MCVersion annotation, it may cause issues with this version of Minecraft
[14:13:15] [main/DEBUG] [FML/]: Added access transformer class cofh.asm.CoFHAccessTransformer to enqueued access transformers
[14:13:15] [main/DEBUG] [FML/]: Enqueued coremod LoadingPlugin
[14:13:15] [main/DEBUG] [FML/]: Examining for coremod candidacy ComputerCraft1.75.jar
[14:13:15] [main/DEBUG] [FML/]: Not found coremod data in ComputerCraft1.75.jar
[14:13:15] [main/DEBUG] [FML/]: Examining for coremod candidacy cookingbook-mc1.7.10-1.0.140.jar
[14:13:15] [main/DEBUG] [FML/]: Not found coremod data in cookingbook-mc1.7.10-1.0.140.jar
[14:13:15] [main/DEBUG] [FML/]: Examining for coremod candidacy CraftTweaker-1.7.10-3.1.0-legacy.jar
[14:13:15] [main/DEBUG] [FML/]: Not found coremod data in CraftTweaker-1.7.10-3.1.0-legacy.jar
[14:13:15] [main/DEBUG] [FML/]: Examining for coremod candidacy CustomMainMenu-MC1.7.10-1.9.2.jar
[14:13:15] [main/DEBUG] [FML/]: Not found coremod data in CustomMainMenu-MC1.7.10-1.9.2.jar
[14:13:15] [main/DEBUG] [FML/]: Examining for coremod candidacy Draconic-Evolution-1.7.10-1.0.2h.jar
[14:13:15] [main/DEBUG] [FML/]: Not found coremod data in Draconic-Evolution-1.7.10-1.0.2h.jar
[14:13:15] [main/DEBUG] [FML/]: Examining for coremod candidacy EnderCore-1.7.10-0.2.0.40_beta.jar
[14:13:15] [main/TRACE] [FML/]: Found FMLCorePluginContainsFMLMod marker in EnderCore-1.7.10-0.2.0.40_beta.jar, it will be examined later for regular @Mod instances
[14:13:15] [main/DEBUG] [FML/]: Instantiating coremod class EnderCorePlugin
[14:13:15] [main/DEBUG] [FML/]: The coremod com.enderio.core.common.transform.EnderCorePlugin requested minecraft version 1.7.10 and minecraft is 1.7.10. It will be loaded.
[14:13:15] [main/DEBUG] [FML/]: Enqueued coremod EnderCorePlugin
[14:13:15] [main/DEBUG] [FML/]: Examining for coremod candidacy EnderIO-1.7.10-2.3.0.430_beta.jar
[14:13:15] [main/DEBUG] [FML/]: Not found coremod data in EnderIO-1.7.10-2.3.0.430_beta.jar
[14:13:15] [main/DEBUG] [FML/]: Examining for coremod candidacy EnderTanks-rev16-beta1.jar
[14:13:15] [main/DEBUG] [FML/]: Not found coremod data in EnderTanks-rev16-beta1.jar
[14:13:15] [main/DEBUG] [FML/]: Examining for coremod candidacy EnergyControl-1.7.10-0.3.6.jar
[14:13:15] [main/TRACE] [FML/]: Found FMLCorePluginContainsFMLMod marker in EnergyControl-1.7.10-0.3.6.jar, it will be examined later for regular @Mod instances
[14:13:15] [main/DEBUG] [FML/]: Instantiating coremod class ECHookLoader
[14:13:15] [main/WARN] [FML/]: The coremod com.zuxelus.energycontrol.hooks.ECHookLoader does not have a MCVersion annotation, it may cause issues with this version of Minecraft
[14:13:15] [main/DEBUG] [FML/]: Enqueued coremod ECHookLoader
[14:13:15] [main/DEBUG] [FML/]: Examining for coremod candidacy extrautilities-1.2.12.jar
[14:13:15] [main/DEBUG] [FML/]: Not found coremod data in extrautilities-1.2.12.jar
[14:13:15] [main/DEBUG] [FML/]: Examining for coremod candidacy FastLeafDecay-1.7.10-1.4.jar
[14:13:15] [main/TRACE] [FML/]: Found FMLCorePluginContainsFMLMod marker in FastLeafDecay-1.7.10-1.4.jar, it will be examined later for regular @Mod instances
[14:13:15] [main/DEBUG] [FML/]: Instantiating coremod class FldLoadingPlugin
[14:13:15] [main/DEBUG] [FML/]: The coremod com.olafski.fastleafdecay.FldLoadingPlugin requested minecraft version 1.7.10 and minecraft is 1.7.10. It will be loaded.
[14:13:15] [main/DEBUG] [FML/]: Enqueued coremod FldLoadingPlugin
[14:13:15] [main/DEBUG] [FML/]: Examining for coremod candidacy forestry_1.7.10-4.2.16.64.jar
[14:13:15] [main/INFO] [FML/]: Loading tweaker forestry.shade.javacheck.Java7Checker from forestry_1.7.10-4.2.16.64.jar
[14:13:15] [main/DEBUG] [FML/]: Examining for coremod candidacy ForgeMultipart-1.7.10-1.2.0.345-universal.jar
[14:13:15] [main/TRACE] [FML/]: Found FMLCorePluginContainsFMLMod marker in ForgeMultipart-1.7.10-1.2.0.345-universal.jar, it will be examined later for regular @Mod instances
[14:13:15] [main/DEBUG] [FML/]: Instantiating coremod class DepLoader
[14:13:15] [main/WARN] [FML/]: The coremod codechicken.core.launch.DepLoader does not have a MCVersion annotation, it may cause issues with this version of Minecraft
[14:13:15] [main/DEBUG] [FML/]: Enqueued coremod DepLoader
[14:13:15] [main/DEBUG] [FML/]: Examining for coremod candidacy ForgeRelocation-0.0.1.4-universal.jar
[14:13:15] [main/TRACE] [FML/]: Found FMLCorePluginContainsFMLMod marker in ForgeRelocation-0.0.1.4-universal.jar, it will be examined later for regular @Mod instances
[14:13:15] [main/DEBUG] [FML/]: Instantiating coremod class RelocationPlugin
[14:13:15] [main/WARN] [FML/]: The coremod mrtjp.relocation.asm.RelocationPlugin does not have a MCVersion annotation, it may cause issues with this version of Minecraft
[14:13:15] [main/DEBUG] [FML/]: Enqueued coremod RelocationPlugin
[14:13:15] [main/DEBUG] [FML/]: Examining for coremod candidacy ForgeRelocationFMP-0.0.1.2-universal.jar
[14:13:15] [main/DEBUG] [FML/]: Not found coremod data in ForgeRelocationFMP-0.0.1.2-universal.jar
[14:13:15] [main/DEBUG] [FML/]: Examining for coremod candidacy FTBLib-1.7.10-1.0.18.3.jar
[14:13:15] [main/DEBUG] [FML/]: Not found coremod data in FTBLib-1.7.10-1.0.18.3.jar
[14:13:15] [main/DEBUG] [FML/]: Examining for coremod candidacy FTBTweaks-1.0.2.jar
[14:13:15] [main/DEBUG] [FML/]: Not found coremod data in FTBTweaks-1.0.2.jar
[14:13:15] [main/DEBUG] [FML/]: Examining for coremod candidacy FTBUtilities-1.7.10-1.0.18.3.jar
[14:13:15] [main/DEBUG] [FML/]: Not found coremod data in FTBUtilities-1.7.10-1.0.18.3.jar
[14:13:15] [main/DEBUG] [FML/]: Examining for coremod candidacy gtnhmixins-2.1.2.jar
[14:13:15] [main/INFO] [FML/]: Loading tweaker org.spongepowered.asm.launch.MixinTweaker from gtnhmixins-2.1.2.jar
[14:13:15] [main/DEBUG] [FML/]: Examining for coremod candidacy HBM-NTM-[1.0.27_X5193].jar
[14:13:15] [main/DEBUG] [FML/]: Not found coremod data in HBM-NTM-[1.0.27_X5193].jar
[14:13:15] [main/DEBUG] [FML/]: Examining for coremod candidacy IC2NuclearControl-2.4.5a.jar
[14:13:15] [main/DEBUG] [FML/]: Not found coremod data in IC2NuclearControl-2.4.5a.jar
[14:13:15] [main/DEBUG] [FML/]: Examining for coremod candidacy ImmersiveEngineering-0.7.7.jar
[14:13:15] [main/DEBUG] [FML/]: Not found coremod data in ImmersiveEngineering-0.7.7.jar
[14:13:15] [main/DEBUG] [FML/]: Examining for coremod candidacy immersiveintegration-0.6.8.jar
[14:13:15] [main/DEBUG] [FML/]: Not found coremod data in immersiveintegration-0.6.8.jar
[14:13:15] [main/DEBUG] [FML/]: Examining for coremod candidacy industrialcraft-2-2.2.827-experimental.jar
[14:13:15] [main/TRACE] [FML/]: Found FMLCorePluginContainsFMLMod marker in industrialcraft-2-2.2.827-experimental.jar, it will be examined later for regular @Mod instances
[14:13:15] [main/DEBUG] [FML/]: Instantiating coremod class IC2core
[14:13:15] [main/WARN] [FML/]: The coremod ic2.core.coremod.IC2core does not have a MCVersion annotation, it may cause issues with this version of Minecraft
[14:13:15] [main/DEBUG] [FML/]: Enqueued coremod IC2core
[14:13:15] [main/DEBUG] [FML/]: Examining for coremod candidacy industrialperipheral-1.7.10-1.02public-universal.jar
[14:13:15] [main/DEBUG] [FML/]: Not found coremod data in industrialperipheral-1.7.10-1.02public-universal.jar
[14:13:15] [main/DEBUG] [FML/]: Examining for coremod candidacy LibVulpes-1.7.10-0.2.8-37-universal.jar
[14:13:15] [main/DEBUG] [FML/]: Not found coremod data in LibVulpes-1.7.10-0.2.8-37-universal.jar
[14:13:15] [main/DEBUG] [FML/]: Examining for coremod candidacy malisiscore-1.7.10-0.14.3.jar
[14:13:15] [main/TRACE] [FML/]: Found FMLCorePluginContainsFMLMod marker in malisiscore-1.7.10-0.14.3.jar, it will be examined later for regular @Mod instances
[14:13:15] [main/DEBUG] [FML/]: Instantiating coremod class MalisisCorePlugin
[14:13:15] [main/WARN] [FML/]: The coremod net.malisis.core.asm.MalisisCorePlugin does not have a MCVersion annotation, it may cause issues with this version of Minecraft
[14:13:15] [main/DEBUG] [FML/]: Added access transformer class net.malisis.core.asm.MalisisCoreAccessTransformer to enqueued access transformers
[14:13:15] [main/DEBUG] [FML/]: Enqueued coremod MalisisCorePlugin
[14:13:15] [main/DEBUG] [FML/]: Examining for coremod candidacy malisisdoors-1.7.10-1.13.2.jar
[14:13:15] [main/DEBUG] [FML/]: Not found coremod data in malisisdoors-1.7.10-1.13.2.jar
[14:13:15] [main/DEBUG] [FML/]: Examining for coremod candidacy mcjtylib-1.8.1.jar
[14:13:16] [main/DEBUG] [FML/]: Not found coremod data in mcjtylib-1.8.1.jar
[14:13:16] [main/DEBUG] [FML/]: Examining for coremod candidacy Mekanism-1.7.10-9.1.1.1031.jar
[14:13:16] [main/TRACE] [FML/]: Found FMLCorePluginContainsFMLMod marker in Mekanism-1.7.10-9.1.1.1031.jar, it will be examined later for regular @Mod instances
[14:13:16] [main/DEBUG] [FML/]: Instantiating coremod class LoadingHook
[14:13:16] [main/WARN] [FML/]: The coremod mekanism.common.asm.LoadingHook does not have a MCVersion annotation, it may cause issues with this version of Minecraft
[14:13:16] [main/DEBUG] [FML/]: Enqueued coremod LoadingHook
[14:13:16] [main/DEBUG] [FML/]: Examining for coremod candidacy MekanismGenerators-1.7.10-9.1.1.1031.jar
[14:13:16] [main/DEBUG] [FML/]: Not found coremod data in MekanismGenerators-1.7.10-9.1.1.1031.jar
[14:13:16] [main/DEBUG] [FML/]: Examining for coremod candidacy MekanismTools-1.7.10-9.1.1.1031.jar
[14:13:16] [main/DEBUG] [FML/]: Not found coremod data in MekanismTools-1.7.10-9.1.1.1031.jar
[14:13:16] [main/DEBUG] [FML/]: Examining for coremod candidacy Minecraft Flight Simulator-1.7.10-7.1.3.jar
[14:13:16] [main/DEBUG] [FML/]: Not found coremod data in Minecraft Flight Simulator-1.7.10-7.1.3.jar
[14:13:16] [main/DEBUG] [FML/]: Examining for coremod candidacy MineFactoryReloaded-[1.7.10]2.8.1-174.jar
[14:13:16] [main/DEBUG] [FML/]: Not found coremod data in MineFactoryReloaded-[1.7.10]2.8.1-174.jar
[14:13:16] [main/DEBUG] [FML/]: Examining for coremod candidacy ModTweaker2-0.9.6.jar
[14:13:16] [main/DEBUG] [FML/]: Not found coremod data in ModTweaker2-0.9.6.jar
[14:13:16] [main/DEBUG] [FML/]: Examining for coremod candidacy Monoblocks-11.6.jar
[14:13:16] [main/DEBUG] [FML/]: Not found coremod data in Monoblocks-11.6.jar
[14:13:16] [main/DEBUG] [FML/]: Examining for coremod candidacy MrCrayfishFurnitureModv3.4.7(1.7.10).jar
[14:13:16] [main/DEBUG] [FML/]: Not found coremod data in MrCrayfishFurnitureModv3.4.7(1.7.10).jar
[14:13:16] [main/DEBUG] [FML/]: Examining for coremod candidacy MrTJPCore-1.1.0.33-universal.jar
[14:13:16] [main/TRACE] [FML/]: Found FMLCorePluginContainsFMLMod marker in MrTJPCore-1.1.0.33-universal.jar, it will be examined later for regular @Mod instances
[14:13:16] [main/DEBUG] [FML/]: Instantiating coremod class CorePlugin
[14:13:16] [main/WARN] [FML/]: The coremod mrtjp.core.handler.CorePlugin does not have a MCVersion annotation, it may cause issues with this version of Minecraft
[14:13:16] [main/DEBUG] [FML/]: Enqueued coremod CorePlugin
[14:13:16] [main/DEBUG] [FML/]: Examining for coremod candidacy NuclearCraft-1.9g--1.7.10.jar
[14:13:16] [main/DEBUG] [FML/]: Not found coremod data in NuclearCraft-1.9g--1.7.10.jar
[14:13:16] [main/DEBUG] [FML/]: Examining for coremod candidacy OpenBlocks-1.7.10-1.6.jar
[14:13:16] [main/TRACE] [FML/]: Found FMLCorePluginContainsFMLMod marker in OpenBlocks-1.7.10-1.6.jar, it will be examined later for regular @Mod instances
[14:13:16] [main/DEBUG] [FML/]: Instantiating coremod class OpenBlocksCorePlugin
[14:13:16] [main/WARN] [FML/]: The coremod openblocks.OpenBlocksCorePlugin does not have a MCVersion annotation, it may cause issues with this version of Minecraft
[14:13:16] [main/DEBUG] [FML/]: Enqueued coremod OpenBlocksCorePlugin
[14:13:16] [main/DEBUG] [FML/]: Examining for coremod candidacy OpenComputers-MC1.7.10-1.8.7+7fecb07-universal.jar
[14:13:16] [main/TRACE] [FML/]: Found FMLCorePluginContainsFMLMod marker in OpenComputers-MC1.7.10-1.8.7+7fecb07-universal.jar, it will be examined later for regular @Mod instances
[14:13:16] [main/DEBUG] [FML/]: Instantiating coremod class TransformerLoader
[14:13:16] [main/DEBUG] [FML/]: The coremod li.cil.oc.common.launch.TransformerLoader requested minecraft version 1.7.10 and minecraft is 1.7.10. It will be loaded.
[14:13:16] [main/DEBUG] [FML/]: Enqueued coremod TransformerLoader
[14:13:16] [main/DEBUG] [FML/]: Examining for coremod candidacy OpenEye-1.7.10-0.8.jar
[14:13:16] [main/TRACE] [FML/]: Adding OpenEye-1.7.10-0.8.jar to the list of known coremods, it will not be examined again
[14:13:16] [main/DEBUG] [FML/]: Instantiating coremod class CorePlugin
[14:13:16] [main/TRACE] [FML/]: coremod named OpenEyePlugin is loading
[14:13:16] [main/WARN] [FML/]: The coremod openeye.CorePlugin does not have a MCVersion annotation, it may cause issues with this version of Minecraft
[14:13:16] [main/DEBUG] [FML/]: Enqueued coremod OpenEyePlugin
[14:13:16] [main/DEBUG] [FML/]: Examining for coremod candidacy OpenModsLib-1.7.10-0.10.1.jar
[14:13:16] [main/TRACE] [FML/]: Found FMLCorePluginContainsFMLMod marker in OpenModsLib-1.7.10-0.10.1.jar, it will be examined later for regular @Mod instances
[14:13:16] [main/DEBUG] [FML/]: Instantiating coremod class OpenModsCorePlugin
[14:13:16] [main/WARN] [FML/]: The coremod openmods.core.OpenModsCorePlugin does not have a MCVersion annotation, it may cause issues with this version of Minecraft
[14:13:16] [main/DEBUG] [OpenMods/]: openmods.core.OpenModsCorePlugin.<init>(OpenModsCorePlugin.java:18): <OpenModsLib 0.10.1>\o
[14:13:16] [main/DEBUG] [FML/]: Enqueued coremod OpenModsCorePlugin
[14:13:16] [main/DEBUG] [FML/]: Examining for coremod candidacy OpenModularTurrets-1.7.10-2.3.7.jar
[14:13:16] [main/DEBUG] [FML/]: Not found coremod data in OpenModularTurrets-1.7.10-2.3.7.jar
[14:13:16] [main/DEBUG] [FML/]: Examining for coremod candidacy OpenPeripheralAddons-1.7.10-0.6.jar
[14:13:16] [main/DEBUG] [FML/]: Not found coremod data in OpenPeripheralAddons-1.7.10-0.6.jar
[14:13:16] [main/DEBUG] [FML/]: Examining for coremod candidacy OpenPeripheralCore-1.7.10-1.4.jar
[14:13:16] [main/DEBUG] [FML/]: Not found coremod data in OpenPeripheralCore-1.7.10-1.4.jar
[14:13:16] [main/DEBUG] [FML/]: Examining for coremod candidacy OpenPeripheralIntegration-1.7.10-0.6.jar
[14:13:16] [main/DEBUG] [FML/]: Not found coremod data in OpenPeripheralIntegration-1.7.10-0.6.jar
[14:13:16] [main/DEBUG] [FML/]: Examining for coremod candidacy OpenSecurity-1.7.10-1.0-117.jar
[14:13:16] [main/TRACE] [FML/]: Found FMLCorePluginContainsFMLMod marker in OpenSecurity-1.7.10-1.0-117.jar, it will be examined later for regular @Mod instances
[14:13:16] [main/DEBUG] [FML/]: Instantiating coremod class SoundUnpack
[14:13:16] [main/WARN] [FML/]: The coremod pcl.opensecurity.util.SoundUnpack does not have a MCVersion annotation, it may cause issues with this version of Minecraft
[14:13:16] [main/DEBUG] [FML/]: Enqueued coremod SoundUnpack
[14:13:16] [main/DEBUG] [FML/]: Examining for coremod candidacy p455w0rdslib-1.7.10-1.0.4.jar
[14:13:16] [main/DEBUG] [FML/]: Not found coremod data in p455w0rdslib-1.7.10-1.0.4.jar
[14:13:16] [main/DEBUG] [FML/]: Examining for coremod candidacy PhysicaCore-1.7.10-1.5.6-0.jar
[14:13:16] [main/DEBUG] [FML/]: Not found coremod data in PhysicaCore-1.7.10-1.5.6-0.jar
[14:13:16] [main/DEBUG] [FML/]: Examining for coremod candidacy PhysicaNuclearPhysics-1.7.10-1.5.6-0.jar
[14:13:16] [main/DEBUG] [FML/]: Not found coremod data in PhysicaNuclearPhysics-1.7.10-1.5.6-0.jar
[14:13:16] [main/DEBUG] [FML/]: Examining for coremod candidacy PowerConverters-1.7.10-2.11.jar
[14:13:16] [main/TRACE] [FML/]: Found FMLCorePluginContainsFMLMod marker in PowerConverters-1.7.10-2.11.jar, it will be examined later for regular @Mod instances
[14:13:16] [main/DEBUG] [FML/]: Instantiating coremod class ASMHandler
[14:13:16] [main/INFO] [PowerConverters/]: Adding PowerConverters to Transformer Exclusions list.
[14:13:16] [main/DEBUG] [FML/]: The coremod covers1624.powerconverters.asm.ASMHandler requested minecraft version 1.7.10 and minecraft is 1.7.10. It will be loaded.
[14:13:16] [main/DEBUG] [FML/]: Enqueued coremod ASMHandler
[14:13:16] [main/DEBUG] [FML/]: Examining for coremod candidacy pressure-1.3.0.fix1-mc1.7.10.jar
[14:13:16] [main/DEBUG] [FML/]: Not found coremod data in pressure-1.3.0.fix1-mc1.7.10.jar
[14:13:16] [main/DEBUG] [FML/]: Examining for coremod candidacy ProjectRed-1.7.10-4.7.0pre12.95-Base.jar
[14:13:16] [main/TRACE] [FML/]: Found FMLCorePluginContainsFMLMod marker in ProjectRed-1.7.10-4.7.0pre12.95-Base.jar, it will be examined later for regular @Mod instances
[14:13:16] [main/DEBUG] [FML/]: Instantiating coremod class DepLoader
[14:13:16] [main/WARN] [FML/]: The coremod codechicken.core.launch.DepLoader does not have a MCVersion annotation, it may cause issues with this version of Minecraft
[14:13:16] [main/DEBUG] [FML/]: Enqueued coremod DepLoader
[14:13:16] [main/DEBUG] [FML/]: Examining for coremod candidacy ProjectRed-1.7.10-4.7.0pre12.95-Compat.jar
[14:13:16] [main/DEBUG] [FML/]: Not found coremod data in ProjectRed-1.7.10-4.7.0pre12.95-Compat.jar
[14:13:16] [main/DEBUG] [FML/]: Examining for coremod candidacy ProjectRed-1.7.10-4.7.0pre12.95-Fabrication.jar
[14:13:16] [main/DEBUG] [FML/]: Not found coremod data in ProjectRed-1.7.10-4.7.0pre12.95-Fabrication.jar
[14:13:16] [main/DEBUG] [FML/]: Examining for coremod candidacy ProjectRed-1.7.10-4.7.0pre12.95-Integration.jar
[14:13:16] [main/DEBUG] [FML/]: Not found coremod data in ProjectRed-1.7.10-4.7.0pre12.95-Integration.jar
[14:13:16] [main/DEBUG] [FML/]: Examining for coremod candidacy ProjectRed-1.7.10-4.7.0pre12.95-Lighting.jar
[14:13:16] [main/DEBUG] [FML/]: Not found coremod data in ProjectRed-1.7.10-4.7.0pre12.95-Lighting.jar
[14:13:16] [main/DEBUG] [FML/]: Examining for coremod candidacy ProjectRed-1.7.10-4.7.0pre12.95-Mechanical.jar
[14:13:16] [main/DEBUG] [FML/]: Not found coremod data in ProjectRed-1.7.10-4.7.0pre12.95-Mechanical.jar
[14:13:16] [main/DEBUG] [FML/]: Examining for coremod candidacy ProjectRed-1.7.10-4.7.0pre12.95-World.jar
[14:13:16] [main/DEBUG] [FML/]: Not found coremod data in ProjectRed-1.7.10-4.7.0pre12.95-World.jar
[14:13:16] [main/DEBUG] [FML/]: Examining for coremod candidacy Railcraft_1.7.10-9.12.2.0.jar
[14:13:16] [main/DEBUG] [FML/]: Not found coremod data in Railcraft_1.7.10-9.12.2.0.jar
[14:13:16] [main/DEBUG] [FML/]: Examining for coremod candidacy ResourceLoader-MC1.7.10-1.3.jar
[14:13:16] [main/TRACE] [FML/]: Found FMLCorePluginContainsFMLMod marker in ResourceLoader-MC1.7.10-1.3.jar, it will be examined later for regular @Mod instances
[14:13:16] [main/DEBUG] [FML/]: Instantiating coremod class LoadingPlugin
[14:13:16] [main/WARN] [FML/]: The coremod lumien.resourceloader.asm.LoadingPlugin does not have a MCVersion annotation, it may cause issues with this version of Minecraft
[14:13:16] [main/DEBUG] [FML/]: Enqueued coremod LoadingPlugin
[14:13:16] [main/DEBUG] [FML/]: Examining for coremod candidacy rftools-4.23.jar
[14:13:16] [main/DEBUG] [FML/]: Not found coremod data in rftools-4.23.jar
[14:13:16] [main/DEBUG] [FML/]: Examining for coremod candidacy ShetiPhianCore-1.7.10-3.0.0.jar
[14:13:16] [main/DEBUG] [FML/]: Not found coremod data in ShetiPhianCore-1.7.10-3.0.0.jar
[14:13:16] [main/DEBUG] [FML/]: Examining for coremod candidacy SignPicture-1.7.10-2.8.0-universal.jar
[14:13:16] [main/TRACE] [FML/]: Found FMLCorePluginContainsFMLMod marker in SignPicture-1.7.10-2.8.0-universal.jar, it will be examined later for regular @Mod instances
[14:13:16] [main/DEBUG] [FML/]: Instantiating coremod class SignPictureCorePlugin
[14:13:16] [main/WARN] [FML/]: The coremod com.kamesuta.mc.signpic.asm.SignPictureCorePlugin does not have a MCVersion annotation, it may cause issues with this version of Minecraft
[14:13:16] [main/DEBUG] [FML/]: Enqueued coremod SignPictureCorePlugin
[14:13:16] [main/DEBUG] [FML/]: Examining for coremod candidacy spark-1.10.19-forge1710.jar
[14:13:16] [main/DEBUG] [FML/]: Not found coremod data in spark-1.10.19-forge1710.jar
[14:13:16] [main/DEBUG] [FML/]: Examining for coremod candidacy StorageDrawers-1.7.10-1.10.9.jar
[14:13:16] [main/DEBUG] [FML/]: Not found coremod data in StorageDrawers-1.7.10-1.10.9.jar
[14:13:16] [main/DEBUG] [FML/]: Examining for coremod candidacy SVM-1.7.10-2.1.0.jar
[14:13:16] [main/DEBUG] [FML/]: Not found coremod data in SVM-1.7.10-2.1.0.jar
[14:13:16] [main/DEBUG] [FML/]: Examining for coremod candidacy ThermalDynamics-[1.7.10]1.2.1-172.jar
[14:13:16] [main/DEBUG] [FML/]: Not found coremod data in ThermalDynamics-[1.7.10]1.2.1-172.jar
[14:13:16] [main/DEBUG] [FML/]: Examining for coremod candidacy ThermalExpansion-[1.7.10]4.1.5-248.jar
[14:13:16] [main/DEBUG] [FML/]: Not found coremod data in ThermalExpansion-[1.7.10]4.1.5-248.jar
[14:13:16] [main/DEBUG] [FML/]: Examining for coremod candidacy ThermalFoundation-[1.7.10]1.2.6-118.jar
[14:13:16] [main/DEBUG] [FML/]: Not found coremod data in ThermalFoundation-[1.7.10]1.2.6-118.jar
[14:13:16] [main/DEBUG] [FML/]: Examining for coremod candidacy Waila-1.5.10_1.7.10.jar
[14:13:16] [main/DEBUG] [FML/]: Not found coremod data in Waila-1.5.10_1.7.10.jar
[14:13:16] [main/DEBUG] [FML/]: Examining for coremod candidacy WailaHarvestability-mc1.7.10-1.1.6.jar
[14:13:16] [main/DEBUG] [FML/]: Not found coremod data in WailaHarvestability-mc1.7.10-1.1.6.jar
[14:13:16] [main/DEBUG] [FML/]: Examining for coremod candidacy Waystones-mc1.7.10-1.0.12.jar
[14:13:16] [main/DEBUG] [FML/]: Not found coremod data in Waystones-mc1.7.10-1.0.12.jar
[14:13:16] [main/DEBUG] [FML/]: Examining for coremod candidacy WirelessCraftingTerminal-1.7.10-rv3-1.8.7.4b.jar
[14:13:16] [main/DEBUG] [FML/]: Not found coremod data in WirelessCraftingTerminal-1.7.10-rv3-1.8.7.4b.jar
[14:13:16] [main/DEBUG] [FML/]: Examining for coremod candidacy worldedit-forge-mc1.7.10-6.1.1-dist.jar
[14:13:16] [main/DEBUG] [FML/]: Not found coremod data in worldedit-forge-mc1.7.10-6.1.1-dist.jar
[14:13:16] [main/INFO] [LaunchWrapper/]: Loading tweak class name cpw.mods.fml.common.launcher.FMLInjectionAndSortingTweaker
[14:13:16] [main/INFO] [LaunchWrapper/]: Loading tweak class name me.guichaguri.betterfps.tweaker.BetterFpsTweaker
[14:13:16] [main/INFO] [LaunchWrapper/]: Loading tweak class name forestry.shade.javacheck.Java7Checker
[14:13:16] [main/INFO] [LaunchWrapper/]: Loading tweak class name org.spongepowered.asm.launch.MixinTweaker
[14:13:16] [main/DEBUG] [mixin/]: MixinService [LaunchWrapper] was successfully booted in sun.misc.Launcher$AppClassLoader@7ef20235
[14:13:16] [main/INFO] [mixin/]: SpongePowered MIXIN Subsystem Version=0.8.5 Source=file:/home/deck/Desktop/server/mods/gtnhmixins-2.1.2.jar Service=LaunchWrapper Env=SERVER
[14:13:16] [main/DEBUG] [mixin/]: Error cleaning class output directory: .mixin.out
[14:13:16] [main/DEBUG] [mixin/]: Adding new mixin transformer proxy #1
[14:13:16] [main/DEBUG] [mixin/]: Initialising Mixin Platform Manager
[14:13:16] [main/DEBUG] [mixin/]: Adding mixin platform agents for container ContainerHandleURI(file:/home/deck/Desktop/server/mods/gtnhmixins-2.1.2.jar)
[14:13:16] [main/DEBUG] [mixin/]: Instancing new MixinPlatformAgentFMLLegacy for ContainerHandleURI(file:/home/deck/Desktop/server/mods/gtnhmixins-2.1.2.jar)
[14:13:16] [main/DEBUG] [mixin/]: ForceLoadAsMod was specified for gtnhmixins-2.1.2.jar, attempting force-load
[14:13:16] [main/DEBUG] [mixin/]: Adding gtnhmixins-2.1.2.jar to reparseable coremod collection
[14:13:16] [main/DEBUG] [mixin/]: gtnhmixins-2.1.2.jar has core plugin com.gtnewhorizon.gtnhmixins.core.GTNHMixinsCore. Injecting it into FML for co-initialisation:
[14:13:16] [main/DEBUG] [FML/]: Instantiating coremod class GTNHMixinsCore
[14:13:16] [main/INFO] [GTNHMixins Core Plugin/]: Initializing GTNHMixins Core
[14:13:16] [main/DEBUG] [mixin/]: Preparing mixins for MixinEnvironment[PREINIT]
[14:13:16] [main/DEBUG] [mixin/]: Registering new injector for @Inject with org.spongepowered.asm.mixin.injection.struct.CallbackInjectionInfo
[14:13:16] [main/DEBUG] [mixin/]: Registering new injector for @ModifyArg with org.spongepowered.asm.mixin.injection.struct.ModifyArgInjectionInfo
[14:13:16] [main/DEBUG] [mixin/]: Registering new injector for @ModifyArgs with org.spongepowered.asm.mixin.injection.struct.ModifyArgsInjectionInfo
[14:13:16] [main/DEBUG] [mixin/]: Registering new injector for @Redirect with org.spongepowered.asm.mixin.injection.struct.RedirectInjectionInfo
[14:13:16] [main/DEBUG] [mixin/]: Registering new injector for @ModifyVariable with org.spongepowered.asm.mixin.injection.struct.ModifyVariableInjectionInfo
[14:13:16] [main/DEBUG] [mixin/]: Registering new injector for @ModifyConstant with org.spongepowered.asm.mixin.injection.struct.ModifyConstantInjectionInfo
[14:13:16] [main/DEBUG] [mixin/]: Registering new injector for @ModifyExpressionValue with com.gtnewhorizon.mixinextras.injector.ModifyExpressionValueInjectionInfo
[14:13:16] [main/DEBUG] [mixin/]: Registering new injector for @ModifyReceiver with com.gtnewhorizon.mixinextras.injector.ModifyReceiverInjectionInfo
[14:13:16] [main/DEBUG] [mixin/]: Registering new injector for @ModifyReturnValue with com.gtnewhorizon.mixinextras.injector.ModifyReturnValueInjectionInfo
[14:13:16] [main/DEBUG] [mixin/]: Registering new injector for @WrapOperation with com.gtnewhorizon.mixinextras.injector.wrapoperation.WrapOperationInjectionInfo
[14:13:16] [main/DEBUG] [mixin/]: Registering new injector for @WrapWithCondition with com.gtnewhorizon.mixinextras.injector.WrapWithConditionInjectionInfo
[14:13:16] [main/TRACE] [FML/]: coremod named GTNHMixins Core Plugin is loading
[14:13:16] [main/DEBUG] [FML/]: The coremod com.gtnewhorizon.gtnhmixins.core.GTNHMixinsCore requested minecraft version 1.7.10 and minecraft is 1.7.10. It will be loaded.
[14:13:16] [main/DEBUG] [FML/]: Enqueued coremod GTNHMixins Core Plugin
[14:13:16] [main/DEBUG] [mixin/]: MixinPlatformAgentFMLLegacy accepted container ContainerHandleURI(file:/home/deck/Desktop/server/mods/gtnhmixins-2.1.2.jar)
[14:13:16] [main/DEBUG] [mixin/]: Instancing new MixinPlatformAgentLiteLoaderLegacy for ContainerHandleURI(file:/home/deck/Desktop/server/mods/gtnhmixins-2.1.2.jar)
[14:13:16] [main/DEBUG] [mixin/]: MixinPlatformAgentLiteLoaderLegacy rejected container ContainerHandleURI(file:/home/deck/Desktop/server/mods/gtnhmixins-2.1.2.jar)
[14:13:16] [main/DEBUG] [mixin/]: Instancing new MixinPlatformAgentDefault for ContainerHandleURI(file:/home/deck/Desktop/server/mods/gtnhmixins-2.1.2.jar)
[14:13:16] [main/DEBUG] [mixin/]: MixinPlatformAgentDefault accepted container ContainerHandleURI(file:/home/deck/Desktop/server/mods/gtnhmixins-2.1.2.jar)
[14:13:16] [main/DEBUG] [org.spongepowered.asm.service.mojang.MixinServiceLaunchWrapper/]: Scanning file:/home/deck/Desktop/server/forge-1.7.10-10.13.4.1614-1.7.10-universal.jar for mixin tweaker
[14:13:16] [main/DEBUG] [org.spongepowered.asm.service.mojang.MixinServiceLaunchWrapper/]: Scanning file:/home/deck/Desktop/server/mods/AdvancedRocketry-1.7.10-1.4.0-32.jar for mixin tweaker
[14:13:16] [main/DEBUG] [org.spongepowered.asm.service.mojang.MixinServiceLaunchWrapper/]: Scanning file:/home/deck/Desktop/server/mods/appliedenergistics2-rv3-beta-6.jar for mixin tweaker
[14:13:16] [main/DEBUG] [org.spongepowered.asm.service.mojang.MixinServiceLaunchWrapper/]: Scanning file:/home/deck/Desktop/server/mods/Aroma1997Core-1.7.10-1.0.2.16.jar for mixin tweaker
[14:13:16] [main/DEBUG] [org.spongepowered.asm.service.mojang.MixinServiceLaunchWrapper/]: Scanning file:/home/deck/Desktop/server/mods/BetterFps-1.0.1.jar for mixin tweaker
[14:13:16] [main/DEBUG] [org.spongepowered.asm.service.mojang.MixinServiceLaunchWrapper/]: Scanning file:/home/deck/Desktop/server/mods/BrandonsCore-1.0.0.12.jar for mixin tweaker
[14:13:16] [main/DEBUG] [org.spongepowered.asm.service.mojang.MixinServiceLaunchWrapper/]: Scanning file:/home/deck/Desktop/server/mods/CarbonConfig-1.7.10-1.2.4.jar for mixin tweaker
[14:13:16] [main/DEBUG] [org.spongepowered.asm.service.mojang.MixinServiceLaunchWrapper/]: Scanning file:/home/deck/Desktop/server/mods/CodeChickenCore-1.7.10-1.0.7.48-universal.jar for mixin tweaker
[14:13:16] [main/DEBUG] [org.spongepowered.asm.service.mojang.MixinServiceLaunchWrapper/]: Scanning file:/home/deck/Desktop/server/./mods/1.7.10/CodeChickenLib-1.7.10-1.1.3.141-universal.jar for mixin tweaker
[14:13:16] [main/DEBUG] [org.spongepowered.asm.service.mojang.MixinServiceLaunchWrapper/]: Scanning file:/home/deck/Desktop/server/mods/CoFHCore-%5B1.7.10%5D3.1.4-329.jar for mixin tweaker
[14:13:16] [main/DEBUG] [org.spongepowered.asm.service.mojang.MixinServiceLaunchWrapper/]: Scanning file:/home/deck/Desktop/server/mods/EnderCore-1.7.10-0.2.0.40_beta.jar for mixin tweaker
[14:13:16] [main/DEBUG] [org.spongepowered.asm.service.mojang.MixinServiceLaunchWrapper/]: Scanning file:/home/deck/Desktop/server/mods/EnergyControl-1.7.10-0.3.6.jar for mixin tweaker
[14:13:16] [main/DEBUG] [org.spongepowered.asm.service.mojang.MixinServiceLaunchWrapper/]: Scanning file:/home/deck/Desktop/server/mods/FastLeafDecay-1.7.10-1.4.jar for mixin tweaker
[14:13:16] [main/DEBUG] [org.spongepowered.asm.service.mojang.MixinServiceLaunchWrapper/]: Scanning file:/home/deck/Desktop/server/mods/forestry_1.7.10-4.2.16.64.jar for mixin tweaker
[14:13:16] [main/DEBUG] [org.spongepowered.asm.service.mojang.MixinServiceLaunchWrapper/]: Scanning file:/home/deck/Desktop/server/mods/1.7.10/ForgeMultipart-1.7.10-1.2.0.345-universal.jar for mixin tweaker
[14:13:16] [main/DEBUG] [org.spongepowered.asm.service.mojang.MixinServiceLaunchWrapper/]: Scanning file:/home/deck/Desktop/server/mods/1.7.10/ForgeRelocation-0.0.1.4-universal.jar for mixin tweaker
[14:13:16] [main/DEBUG] [org.spongepowered.asm.service.mojang.MixinServiceLaunchWrapper/]: Scanning file:/home/deck/Desktop/server/mods/gtnhmixins-2.1.2.jar for mixin tweaker
[14:13:16] [main/DEBUG] [org.spongepowered.asm.service.mojang.MixinServiceLaunchWrapper/]: Scanning file:/home/deck/Desktop/server/mods/industrialcraft-2-2.2.827-experimental.jar for mixin tweaker
[14:13:16] [main/DEBUG] [org.spongepowered.asm.service.mojang.MixinServiceLaunchWrapper/]: Scanning file:/home/deck/Desktop/server/mods/malisiscore-1.7.10-0.14.3.jar for mixin tweaker
[14:13:16] [main/DEBUG] [org.spongepowered.asm.service.mojang.MixinServiceLaunchWrapper/]: Scanning file:/home/deck/Desktop/server/mods/Mekanism-1.7.10-9.1.1.1031.jar for mixin tweaker
[14:13:16] [main/DEBUG] [org.spongepowered.asm.service.mojang.MixinServiceLaunchWrapper/]: Scanning file:/home/deck/Desktop/server/mods/1.7.10/MrTJPCore-1.1.0.33-universal.jar for mixin tweaker
[14:13:16] [main/DEBUG] [org.spongepowered.asm.service.mojang.MixinServiceLaunchWrapper/]: Scanning file:/home/deck/Desktop/server/mods/OpenBlocks-1.7.10-1.6.jar for mixin tweaker
[14:13:16] [main/DEBUG] [org.spongepowered.asm.service.mojang.MixinServiceLaunchWrapper/]: Scanning file:/home/deck/Desktop/server/mods/OpenComputers-MC1.7.10-1.8.7+7fecb07-universal.jar for mixin tweaker
[14:13:16] [main/DEBUG] [org.spongepowered.asm.service.mojang.MixinServiceLaunchWrapper/]: Scanning file:/home/deck/Desktop/server/mods/OpenEye-1.7.10-0.8.jar for mixin tweaker
[14:13:16] [main/DEBUG] [org.spongepowered.asm.service.mojang.MixinServiceLaunchWrapper/]: Scanning file:/home/deck/Desktop/server/mods/OpenModsLib-1.7.10-0.10.1.jar for mixin tweaker
[14:13:16] [main/DEBUG] [org.spongepowered.asm.service.mojang.MixinServiceLaunchWrapper/]: Scanning file:/home/deck/Desktop/server/mods/OpenSecurity-1.7.10-1.0-117.jar for mixin tweaker
[14:13:16] [main/DEBUG] [org.spongepowered.asm.service.mojang.MixinServiceLaunchWrapper/]: Scanning file:/home/deck/Desktop/server/mods/PowerConverters-1.7.10-2.11.jar for mixin tweaker
[14:13:16] [main/DEBUG] [org.spongepowered.asm.service.mojang.MixinServiceLaunchWrapper/]: Scanning file:/home/deck/Desktop/server/mods/ProjectRed-1.7.10-4.7.0pre12.95-Base.jar for mixin tweaker
[14:13:16] [main/DEBUG] [org.spongepowered.asm.service.mojang.MixinServiceLaunchWrapper/]: Scanning file:/home/deck/Desktop/server/mods/ResourceLoader-MC1.7.10-1.3.jar for mixin tweaker
[14:13:16] [main/DEBUG] [org.spongepowered.asm.service.mojang.MixinServiceLaunchWrapper/]: Scanning file:/home/deck/Desktop/server/mods/SignPicture-1.7.10-2.8.0-universal.jar for mixin tweaker
[14:13:16] [main/DEBUG] [mixin/]: Adding agents for Mixin Container ContainerHandleURI(file:/home/deck/Desktop/server/mods/gtnhmixins-2.1.2.jar)
[14:13:16] [main/INFO] [LaunchWrapper/]: Loading tweak class name cpw.mods.fml.common.launcher.FMLDeobfTweaker
[14:13:16] [main/INFO] [LaunchWrapper/]: Calling tweak class cpw.mods.fml.common.launcher.FMLInjectionAndSortingTweaker
[14:13:16] [main/INFO] [LaunchWrapper/]: Calling tweak class cpw.mods.fml.common.launcher.FMLInjectionAndSortingTweaker
[14:13:16] [main/INFO] [LaunchWrapper/]: Calling tweak class org.spongepowered.asm.launch.MixinTweaker
[14:13:16] [main/DEBUG] [mixin/]: Processing prepare() for PlatformAgent[MixinPlatformAgentFMLLegacy:ContainerHandleURI(file:/home/deck/Desktop/server/mods/gtnhmixins-2.1.2.jar)]
[14:13:16] [main/DEBUG] [mixin/]: Processing prepare() for PlatformAgent[MixinPlatformAgentDefault:ContainerHandleURI(file:/home/deck/Desktop/server/mods/gtnhmixins-2.1.2.jar)]
[14:13:16] [main/DEBUG] [mixin/]: Registering mixin config: mixins.gtnhmixins.json
[14:13:16] [main/INFO] [mixin/]: Compatibility level set to JAVA_8
[14:13:16] [main/DEBUG] [mixin/]: Creating FML remapper adapter: org.spongepowered.asm.bridge.RemapperAdapterFML
[14:13:16] [main/DEBUG] [mixin/]: Checking for additional mixins for MixinEnvironment[PREINIT]
[14:13:16] [main/INFO] [mixin/]: Initialised Mixin FML Remapper Adapter with cpw.mods.fml.common.asm.transformers.deobf.FMLDeobfuscatingRemapper@4f49f6af
[14:13:16] [main/DEBUG] [mixin/]: Processing launch tasks for PlatformAgent[MixinPlatformAgentFMLLegacy:ContainerHandleURI(file:/home/deck/Desktop/server/mods/gtnhmixins-2.1.2.jar)]
[14:13:16] [main/DEBUG] [mixin/]: Processing launch tasks for PlatformAgent[MixinPlatformAgentDefault:ContainerHandleURI(file:/home/deck/Desktop/server/mods/gtnhmixins-2.1.2.jar)]
[14:13:16] [main/DEBUG] [org.spongepowered.asm.service.mojang.MixinServiceLaunchWrapper/]: Scanning file:/home/deck/Desktop/server/forge-1.7.10-10.13.4.1614-1.7.10-universal.jar for mixin tweaker
[14:13:16] [main/DEBUG] [org.spongepowered.asm.service.mojang.MixinServiceLaunchWrapper/]: Scanning file:/home/deck/Desktop/server/mods/AdvancedRocketry-1.7.10-1.4.0-32.jar for mixin tweaker
[14:13:16] [main/DEBUG] [org.spongepowered.asm.service.mojang.MixinServiceLaunchWrapper/]: Scanning file:/home/deck/Desktop/server/mods/appliedenergistics2-rv3-beta-6.jar for mixin tweaker
[14:13:16] [main/DEBUG] [org.spongepowered.asm.service.mojang.MixinServiceLaunchWrapper/]: Scanning file:/home/deck/Desktop/server/mods/Aroma1997Core-1.7.10-1.0.2.16.jar for mixin tweaker
[14:13:16] [main/DEBUG] [org.spongepowered.asm.service.mojang.MixinServiceLaunchWrapper/]: Scanning file:/home/deck/Desktop/server/mods/BetterFps-1.0.1.jar for mixin tweaker
[14:13:16] [main/DEBUG] [org.spongepowered.asm.service.mojang.MixinServiceLaunchWrapper/]: Scanning file:/home/deck/Desktop/server/mods/BrandonsCore-1.0.0.12.jar for mixin tweaker
[14:13:16] [main/DEBUG] [org.spongepowered.asm.service.mojang.MixinServiceLaunchWrapper/]: Scanning file:/home/deck/Desktop/server/mods/CarbonConfig-1.7.10-1.2.4.jar for mixin tweaker
[14:13:16] [main/DEBUG] [org.spongepowered.asm.service.mojang.MixinServiceLaunchWrapper/]: Scanning file:/home/deck/Desktop/server/mods/CodeChickenCore-1.7.10-1.0.7.48-universal.jar for mixin tweaker
[14:13:16] [main/DEBUG] [org.spongepowered.asm.service.mojang.MixinServiceLaunchWrapper/]: Scanning file:/home/deck/Desktop/server/./mods/1.7.10/CodeChickenLib-1.7.10-1.1.3.141-universal.jar for mixin tweaker
[14:13:16] [main/DEBUG] [org.spongepowered.asm.service.mojang.MixinServiceLaunchWrapper/]: Scanning file:/home/deck/Desktop/server/mods/CoFHCore-%5B1.7.10%5D3.1.4-329.jar for mixin tweaker
[14:13:16] [main/DEBUG] [org.spongepowered.asm.service.mojang.MixinServiceLaunchWrapper/]: Scanning file:/home/deck/Desktop/server/mods/EnderCore-1.7.10-0.2.0.40_beta.jar for mixin tweaker
[14:13:16] [main/DEBUG] [org.spongepowered.asm.service.mojang.MixinServiceLaunchWrapper/]: Scanning file:/home/deck/Desktop/server/mods/EnergyControl-1.7.10-0.3.6.jar for mixin tweaker
[14:13:16] [main/DEBUG] [org.spongepowered.asm.service.mojang.MixinServiceLaunchWrapper/]: Scanning file:/home/deck/Desktop/server/mods/FastLeafDecay-1.7.10-1.4.jar for mixin tweaker
[14:13:16] [main/DEBUG] [org.spongepowered.asm.service.mojang.MixinServiceLaunchWrapper/]: Scanning file:/home/deck/Desktop/server/mods/forestry_1.7.10-4.2.16.64.jar for mixin tweaker
[14:13:16] [main/DEBUG] [org.spongepowered.asm.service.mojang.MixinServiceLaunchWrapper/]: Scanning file:/home/deck/Desktop/server/mods/1.7.10/ForgeMultipart-1.7.10-1.2.0.345-universal.jar for mixin tweaker
[14:13:16] [main/DEBUG] [org.spongepowered.asm.service.mojang.MixinServiceLaunchWrapper/]: Scanning file:/home/deck/Desktop/server/mods/1.7.10/ForgeRelocation-0.0.1.4-universal.jar for mixin tweaker
[14:13:16] [main/DEBUG] [org.spongepowered.asm.service.mojang.MixinServiceLaunchWrapper/]: Scanning file:/home/deck/Desktop/server/mods/gtnhmixins-2.1.2.jar for mixin tweaker
[14:13:16] [main/DEBUG] [org.spongepowered.asm.service.mojang.MixinServiceLaunchWrapper/]: Scanning file:/home/deck/Desktop/server/mods/industrialcraft-2-2.2.827-experimental.jar for mixin tweaker
[14:13:16] [main/DEBUG] [org.spongepowered.asm.service.mojang.MixinServiceLaunchWrapper/]: Scanning file:/home/deck/Desktop/server/mods/malisiscore-1.7.10-0.14.3.jar for mixin tweaker
[14:13:16] [main/DEBUG] [org.spongepowered.asm.service.mojang.MixinServiceLaunchWrapper/]: Scanning file:/home/deck/Desktop/server/mods/Mekanism-1.7.10-9.1.1.1031.jar for mixin tweaker
[14:13:16] [main/DEBUG] [org.spongepowered.asm.service.mojang.MixinServiceLaunchWrapper/]: Scanning file:/home/deck/Desktop/server/mods/1.7.10/MrTJPCore-1.1.0.33-universal.jar for mixin tweaker
[14:13:16] [main/DEBUG] [org.spongepowered.asm.service.mojang.MixinServiceLaunchWrapper/]: Scanning file:/home/deck/Desktop/server/mods/OpenBlocks-1.7.10-1.6.jar for mixin tweaker
[14:13:16] [main/DEBUG] [org.spongepowered.asm.service.mojang.MixinServiceLaunchWrapper/]: Scanning file:/home/deck/Desktop/server/mods/OpenComputers-MC1.7.10-1.8.7+7fecb07-universal.jar for mixin tweaker
[14:13:16] [main/DEBUG] [org.spongepowered.asm.service.mojang.MixinServiceLaunchWrapper/]: Scanning file:/home/deck/Desktop/server/mods/OpenEye-1.7.10-0.8.jar for mixin tweaker
[14:13:16] [main/DEBUG] [org.spongepowered.asm.service.mojang.MixinServiceLaunchWrapper/]: Scanning file:/home/deck/Desktop/server/mods/OpenModsLib-1.7.10-0.10.1.jar for mixin tweaker
[14:13:16] [main/DEBUG] [org.spongepowered.asm.service.mojang.MixinServiceLaunchWrapper/]: Scanning file:/home/deck/Desktop/server/mods/OpenSecurity-1.7.10-1.0-117.jar for mixin tweaker
[14:13:16] [main/DEBUG] [org.spongepowered.asm.service.mojang.MixinServiceLaunchWrapper/]: Scanning file:/home/deck/Desktop/server/mods/PowerConverters-1.7.10-2.11.jar for mixin tweaker
[14:13:16] [main/DEBUG] [org.spongepowered.asm.service.mojang.MixinServiceLaunchWrapper/]: Scanning file:/home/deck/Desktop/server/mods/ProjectRed-1.7.10-4.7.0pre12.95-Base.jar for mixin tweaker
[14:13:16] [main/DEBUG] [org.spongepowered.asm.service.mojang.MixinServiceLaunchWrapper/]: Scanning file:/home/deck/Desktop/server/mods/ResourceLoader-MC1.7.10-1.3.jar for mixin tweaker
[14:13:16] [main/DEBUG] [org.spongepowered.asm.service.mojang.MixinServiceLaunchWrapper/]: Scanning file:/home/deck/Desktop/server/mods/SignPicture-1.7.10-2.8.0-universal.jar for mixin tweaker
[14:13:16] [main/DEBUG] [mixin/]: Adding agents for Mixin Container ContainerHandleURI(file:/home/deck/Desktop/server/mods/gtnhmixins-2.1.2.jar)
[14:13:16] [main/DEBUG] [mixin/]: inject() running with 1 agents
[14:13:16] [main/DEBUG] [mixin/]: Processing inject() for PlatformAgent[MixinPlatformAgentFMLLegacy:ContainerHandleURI(file:/home/deck/Desktop/server/mods/gtnhmixins-2.1.2.jar)]
[14:13:16] [main/DEBUG] [mixin/]: FML agent is co-initiralising coremod instance GTNHMixins Core Plugin {[]} for ContainerHandleURI(file:/home/deck/Desktop/server/mods/gtnhmixins-2.1.2.jar)
[14:13:16] [main/DEBUG] [FML/]: Injecting coremod GTNHMixins Core Plugin {com.gtnewhorizon.gtnhmixins.core.GTNHMixinsCore} class transformers
[14:13:16] [main/DEBUG] [FML/]: Injection complete
[14:13:16] [main/DEBUG] [FML/]: Running coremod plugin for GTNHMixins Core Plugin {com.gtnewhorizon.gtnhmixins.core.GTNHMixinsCore}
[14:13:16] [main/DEBUG] [FML/]: Running coremod plugin GTNHMixins Core Plugin
[14:13:16] [main/INFO] [GTNHMixins Core Plugin/]: Examining core mod list
[14:13:16] [main/INFO] [GTNHMixins Core Plugin/]: LoadedCoreMods [aroma1997.core.coremod.CoreMod, cpw.mods.fml.relauncher.FMLCorePlugin, org.spongepowered.asm.launch.MixinTweaker, ic2.core.coremod.IC2core, codechicken.core.launch.CodeChickenCorePlugin, com.kamesuta.mc.signpic.asm.SignPictureCorePlugin, net.minecraftforge.classloading.FMLForgePlugin, mrtjp.core.handler.CorePlugin, forestry.shade.javacheck.Java7Checker, openblocks.OpenBlocksCorePlugin, covers1624.powerconverters.asm.ASMHandler, carbonconfiglib.impl.internal.CarbonConfigHooks, mrtjp.relocation.asm.RelocationPlugin, openeye.CorePlugin, com.olafski.fastleafdecay.FldLoadingPlugin, me.guichaguri.betterfps.tweaker.BetterFpsTweaker, codechicken.core.launch.DepLoader, lumien.resourceloader.asm.LoadingPlugin, codechicken.core.asm.MCPDeobfuscationTransformer$LoadPlugin, com.enderio.core.common.transform.EnderCorePlugin, net.malisis.core.asm.MalisisCorePlugin, li.cil.oc.common.launch.TransformerLoader, zmaster587.advancedRocketry.asm.AdvancedRocketryPlugin, mekanism.common.asm.LoadingHook, com.brandon3055.brandonscore.asm.LoadingPlugin, com.gtnewhorizon.gtnhmixins.core.GTNHMixinsCore, Dummy Container (null) , pcl.opensecurity.util.SoundUnpack, cpw.mods.fml.common.launcher.FMLDeobfTweaker, openmods.core.OpenModsCorePlugin, com.zuxelus.energycontrol.hooks.ECHookLoader, cofh.asm.LoadingPlugin]
[14:13:16] [main/DEBUG] [FML/]: Coremod plugin class GTNHMixinsCore run successfully
[14:13:16] [main/DEBUG] [mixin/]: Processing inject() for PlatformAgent[MixinPlatformAgentDefault:ContainerHandleURI(file:/home/deck/Desktop/server/mods/gtnhmixins-2.1.2.jar)]
[14:13:16] [main/INFO] [LaunchWrapper/]: Calling tweak class cpw.mods.fml.relauncher.CoreModManager$FMLPluginWrapper
[14:13:16] [main/DEBUG] [FML/]: Injecting coremod FMLCorePlugin {cpw.mods.fml.relauncher.FMLCorePlugin} class transformers
[14:13:16] [main/TRACE] [FML/]: Registering transformer cpw.mods.fml.common.asm.transformers.MarkerTransformer
[14:13:16] [main/TRACE] [FML/]: Registering transformer cpw.mods.fml.common.asm.transformers.SideTransformer
[14:13:16] [main/TRACE] [FML/]: Registering transformer cpw.mods.fml.common.asm.transformers.EventSubscriptionTransformer
[14:13:16] [main/DEBUG] [FML/]: Injection complete
[14:13:16] [main/DEBUG] [FML/]: Running coremod plugin for FMLCorePlugin {cpw.mods.fml.relauncher.FMLCorePlugin}
[14:13:16] [main/DEBUG] [FML/]: Running coremod plugin FMLCorePlugin
[14:13:16] [main/DEBUG] [FML/]: Read 527 binary patches
[14:13:17] [main/ERROR] [FML/]: FML appears to be missing any signature data. This is not a good thing
[14:13:17] [main/DEBUG] [FML/]: Coremod plugin class FMLCorePlugin run successfully
[14:13:17] [main/INFO] [LaunchWrapper/]: Calling tweak class cpw.mods.fml.relauncher.CoreModManager$FMLPluginWrapper
[14:13:17] [main/DEBUG] [FML/]: Injecting coremod FMLForgePlugin {net.minecraftforge.classloading.FMLForgePlugin} class transformers
[14:13:17] [main/TRACE] [FML/]: Registering transformer net.minecraftforge.classloading.FluidIdTransformer
[14:13:17] [main/DEBUG] [FML/]: Injection complete
[14:13:17] [main/DEBUG] [FML/]: Running coremod plugin for FMLForgePlugin {net.minecraftforge.classloading.FMLForgePlugin}
[14:13:17] [main/DEBUG] [FML/]: Running coremod plugin FMLForgePlugin
[14:13:17] [main/DEBUG] [FML/]: Coremod plugin class FMLForgePlugin run successfully
[14:13:17] [main/INFO] [LaunchWrapper/]: Calling tweak class cpw.mods.fml.relauncher.CoreModManager$FMLPluginWrapper
[14:13:17] [main/DEBUG] [FML/]: Injecting coremod CCCDeobfPlugin {codechicken.core.asm.MCPDeobfuscationTransformer$LoadPlugin} class transformers
[14:13:17] [main/DEBUG] [FML/]: Injection complete
[14:13:17] [main/DEBUG] [FML/]: Running coremod plugin for CCCDeobfPlugin {codechicken.core.asm.MCPDeobfuscationTransformer$LoadPlugin}
[14:13:17] [main/DEBUG] [FML/]: Running coremod plugin CCCDeobfPlugin
[14:13:17] [main/DEBUG] [FML/]: Coremod plugin class LoadPlugin run successfully
[14:13:17] [main/INFO] [LaunchWrapper/]: Calling tweak class cpw.mods.fml.relauncher.CoreModManager$FMLPluginWrapper
[14:13:17] [main/DEBUG] [FML/]: Injecting coremod AdvancedRocketryPlugin {zmaster587.advancedRocketry.asm.AdvancedRocketryPlugin} class transformers
[14:13:17] [main/TRACE] [FML/]: Registering transformer zmaster587.advancedRocketry.asm.ClassTransformer
[14:13:17] [main/DEBUG] [FML/]: Injection complete
[14:13:17] [main/DEBUG] [FML/]: Running coremod plugin for AdvancedRocketryPlugin {zmaster587.advancedRocketry.asm.AdvancedRocketryPlugin}
[14:13:17] [main/DEBUG] [FML/]: Running coremod plugin AdvancedRocketryPlugin
[14:13:17] [main/DEBUG] [FML/]: Coremod plugin class AdvancedRocketryPlugin run successfully
[14:13:17] [main/INFO] [LaunchWrapper/]: Calling tweak class cpw.mods.fml.relauncher.CoreModManager$FMLPluginWrapper
[14:13:17] [main/DEBUG] [FML/]: Injecting coremod AppEngCore {appeng.transformer.AppEngCore} class transformers
[14:13:17] [main/TRACE] [FML/]: Registering transformer appeng.transformer.asm.ASMIntegration
[14:13:17] [main/DEBUG] [FML/]: Injection complete
[14:13:17] [main/DEBUG] [FML/]: Running coremod plugin for AppEngCore {appeng.transformer.AppEngCore}
[14:13:17] [main/DEBUG] [FML/]: Running coremod plugin AppEngCore
[14:13:17] [main/DEBUG] [FML/]: Coremod plugin class AppEngCore run successfully
[14:13:17] [main/INFO] [LaunchWrapper/]: Calling tweak class cpw.mods.fml.relauncher.CoreModManager$FMLPluginWrapper
[14:13:17] [main/DEBUG] [FML/]: Injecting coremod CoreMod {aroma1997.core.coremod.CoreMod} class transformers
[14:13:17] [main/DEBUG] [FML/]: Injection complete
[14:13:17] [main/DEBUG] [FML/]: Running coremod plugin for CoreMod {aroma1997.core.coremod.CoreMod}
[14:13:17] [main/DEBUG] [FML/]: Running coremod plugin CoreMod
[14:13:17] [main/INFO] [Aroma1997Core/]: Finished data injection.
[14:13:17] [main/INFO] [Aroma1997Core/]: Finished data injection.
[14:13:17] [main/TRACE] [Aroma1997Core/]: Initializing Configurations from: ./config
[14:13:17] [main/DEBUG] [FML/]: Coremod plugin class CoreMod run successfully
[14:13:17] [main/INFO] [LaunchWrapper/]: Calling tweak class cpw.mods.fml.relauncher.CoreModManager$FMLPluginWrapper
[14:13:17] [main/DEBUG] [FML/]: Injecting coremod CodeChickenCorePlugin {codechicken.core.launch.CodeChickenCorePlugin} class transformers
[14:13:17] [main/TRACE] [FML/]: Registering transformer codechicken.lib.asm.ClassHeirachyManager
[14:13:17] [main/TRACE] [FML/]: Registering transformer codechicken.core.asm.InterfaceDependancyTransformer
[14:13:17] [main/TRACE] [FML/]: Registering transformer codechicken.core.asm.TweakTransformer
[14:13:17] [main/TRACE] [FML/]: Registering transformer codechicken.core.asm.DelegatedTransformer
[14:13:17] [main/TRACE] [FML/]: Registering transformer codechicken.core.asm.DefaultImplementationTransformer
[14:13:17] [main/DEBUG] [FML/]: Injection complete
[14:13:17] [main/DEBUG] [FML/]: Running coremod plugin for CodeChickenCorePlugin {codechicken.core.launch.CodeChickenCorePlugin}
[14:13:17] [main/DEBUG] [FML/]: Running coremod plugin CodeChickenCorePlugin
[14:13:17] [main/DEBUG] [FML/]: Coremod plugin class CodeChickenCorePlugin run successfully
[14:13:17] [main/INFO] [LaunchWrapper/]: Calling tweak class cpw.mods.fml.relauncher.CoreModManager$FMLPluginWrapper
[14:13:17] [main/DEBUG] [FML/]: Injecting coremod ECHookLoader {com.zuxelus.energycontrol.hooks.ECHookLoader} class transformers
[14:13:17] [main/TRACE] [FML/]: Registering transformer com.zuxelus.hooklib.minecraft.PrimaryClassTransformer
[14:13:17] [main/INFO] [STDOUT/]: [com.zuxelus.hooklib.asm.HookLogger$SystemOutLogger:debug:20]: [DEBUG] Parsing hooks container com.zuxelus.hooklib.minecraft.SecondaryTransformerHook
[14:13:17] [main/INFO] [STDOUT/]: [com.zuxelus.hooklib.minecraft.HookLibPlugin:getObfuscated:47]:  Obfuscated: true
[14:13:17] [main/DEBUG] [FML/]: Injection complete
[14:13:17] [main/DEBUG] [FML/]: Running coremod plugin for ECHookLoader {com.zuxelus.energycontrol.hooks.ECHookLoader}
[14:13:17] [main/DEBUG] [FML/]: Running coremod plugin ECHookLoader
[14:13:17] [main/INFO] [STDOUT/]: [com.zuxelus.hooklib.asm.HookLogger$SystemOutLogger:debug:20]: [DEBUG] Parsing hooks container com.zuxelus.energycontrol.hooks.BaseHooks
[14:13:17] [main/INFO] [STDOUT/]: [com.zuxelus.hooklib.asm.HookLogger$SystemOutLogger:debug:20]: [DEBUG] Parsing hooks container com.zuxelus.energycontrol.hooks.DraconicEvolutionHooks
[14:13:17] [main/INFO] [STDOUT/]: [com.zuxelus.hooklib.asm.HookLogger$SystemOutLogger:debug:20]: [DEBUG] Parsing hooks container com.zuxelus.energycontrol.hooks.EnderIOHooks
[14:13:17] [main/INFO] [STDOUT/]: [com.zuxelus.hooklib.asm.HookLogger$SystemOutLogger:debug:20]: [DEBUG] Parsing hooks container com.zuxelus.energycontrol.hooks.GregTechHooks
[14:13:17] [main/INFO] [STDOUT/]: [com.zuxelus.hooklib.asm.HookLogger$SystemOutLogger:debug:20]: [DEBUG] Parsing hooks container com.zuxelus.energycontrol.hooks.HBMHooks
[14:13:17] [main/INFO] [STDOUT/]: [com.zuxelus.hooklib.asm.HookLogger$SystemOutLogger:debug:20]: [DEBUG] Parsing hooks container com.zuxelus.energycontrol.hooks.IC2Hooks
[14:13:17] [main/INFO] [STDOUT/]: [com.zuxelus.hooklib.asm.HookLogger$SystemOutLogger:debug:20]: [DEBUG] Parsing hooks container com.zuxelus.energycontrol.hooks.NuclearCraftHooks
[14:13:17] [main/DEBUG] [FML/]: Coremod plugin class ECHookLoader run successfully
[14:13:17] [main/INFO] [LaunchWrapper/]: Calling tweak class cpw.mods.fml.relauncher.CoreModManager$FMLPluginWrapper
[14:13:17] [main/DEBUG] [FML/]: Injecting coremod DepLoader {codechicken.core.launch.DepLoader} class transformers
[14:13:17] [main/DEBUG] [FML/]: Injection complete
[14:13:17] [main/DEBUG] [FML/]: Running coremod plugin for DepLoader {codechicken.core.launch.DepLoader}
[14:13:17] [main/DEBUG] [FML/]: Running coremod plugin DepLoader
[14:13:17] [main/DEBUG] [FML/]: Coremod plugin class DepLoader run successfully
[14:13:17] [main/INFO] [LaunchWrapper/]: Calling tweak class cpw.mods.fml.relauncher.CoreModManager$FMLPluginWrapper
[14:13:17] [main/DEBUG] [FML/]: Injecting coremod RelocationPlugin {mrtjp.relocation.asm.RelocationPlugin} class transformers
[14:13:17] [main/TRACE] [FML/]: Registering transformer mrtjp.relocation.asm.Transformer
[14:13:17] [main/DEBUG] [FML/]: Injection complete
[14:13:17] [main/DEBUG] [FML/]: Running coremod plugin for RelocationPlugin {mrtjp.relocation.asm.RelocationPlugin}
[14:13:17] [main/DEBUG] [FML/]: Running coremod plugin RelocationPlugin
[14:13:17] [main/DEBUG] [FML/]: Coremod plugin class RelocationPlugin run successfully
[14:13:17] [main/INFO] [LaunchWrapper/]: Calling tweak class cpw.mods.fml.relauncher.CoreModManager$FMLPluginWrapper
[14:13:17] [main/DEBUG] [FML/]: Injecting coremod IC2core {ic2.core.coremod.IC2core} class transformers
[14:13:17] [main/DEBUG] [FML/]: Injection complete
[14:13:17] [main/DEBUG] [FML/]: Running coremod plugin for IC2core {ic2.core.coremod.IC2core}
[14:13:17] [main/DEBUG] [FML/]: Running coremod plugin IC2core
[14:13:17] [main/INFO] [IC2-core/]: Loaded library EJML-core-0.26.jar.
[14:13:17] [main/DEBUG] [FML/]: Coremod plugin class IC2core run successfully
[14:13:17] [main/INFO] [LaunchWrapper/]: Calling tweak class cpw.mods.fml.relauncher.CoreModManager$FMLPluginWrapper
[14:13:17] [main/DEBUG] [FML/]: Injecting coremod LoadingHook {mekanism.common.asm.LoadingHook} class transformers
[14:13:17] [main/DEBUG] [FML/]: Injection complete
[14:13:17] [main/DEBUG] [FML/]: Running coremod plugin for LoadingHook {mekanism.common.asm.LoadingHook}
[14:13:17] [main/DEBUG] [FML/]: Running coremod plugin LoadingHook
[14:13:17] [main/DEBUG] [FML/]: Coremod plugin class LoadingHook run successfully
[14:13:17] [main/INFO] [LaunchWrapper/]: Calling tweak class cpw.mods.fml.relauncher.CoreModManager$FMLPluginWrapper
[14:13:17] [main/DEBUG] [FML/]: Injecting coremod CorePlugin {mrtjp.core.handler.CorePlugin} class transformers
[14:13:17] [main/DEBUG] [FML/]: Injection complete
[14:13:17] [main/DEBUG] [FML/]: Running coremod plugin for CorePlugin {mrtjp.core.handler.CorePlugin}
[14:13:17] [main/DEBUG] [FML/]: Running coremod plugin CorePlugin
[14:13:17] [main/DEBUG] [FML/]: Coremod plugin class CorePlugin run successfully
[14:13:17] [main/INFO] [LaunchWrapper/]: Calling tweak class cpw.mods.fml.relauncher.CoreModManager$FMLPluginWrapper
[14:13:17] [main/DEBUG] [FML/]: Injecting coremod TransformerLoader {li.cil.oc.common.launch.TransformerLoader} class transformers
[14:13:17] [main/TRACE] [FML/]: Registering transformer li.cil.oc.common.asm.ClassTransformer
[14:13:17] [main/DEBUG] [FML/]: Injection complete
[14:13:17] [main/DEBUG] [FML/]: Running coremod plugin for TransformerLoader {li.cil.oc.common.launch.TransformerLoader}
[14:13:17] [main/DEBUG] [FML/]: Running coremod plugin TransformerLoader
[14:13:17] [main/DEBUG] [FML/]: Coremod plugin class TransformerLoader run successfully
[14:13:17] [main/INFO] [LaunchWrapper/]: Calling tweak class cpw.mods.fml.relauncher.CoreModManager$FMLPluginWrapper
[14:13:17] [main/DEBUG] [FML/]: Injecting coremod OpenEyePlugin {openeye.CorePlugin} class transformers
[14:13:17] [main/TRACE] [FML/]: Registering transformer openeye.asm.MultiTransformer
[14:13:17] [main/DEBUG] [FML/]: Injection complete
[14:13:17] [main/DEBUG] [FML/]: Running coremod plugin for OpenEyePlugin {openeye.CorePlugin}
[14:13:17] [main/DEBUG] [FML/]: Running coremod plugin OpenEyePlugin
[14:13:18] [main/DEBUG] [FML/]: Coremod plugin class CorePlugin run successfully
[14:13:18] [main/INFO] [LaunchWrapper/]: Calling tweak class cpw.mods.fml.relauncher.CoreModManager$FMLPluginWrapper
[14:13:18] [main/DEBUG] [FML/]: Injecting coremod SoundUnpack {pcl.opensecurity.util.SoundUnpack} class transformers
[14:13:18] [main/DEBUG] [FML/]: Injection complete
[14:13:18] [main/DEBUG] [FML/]: Running coremod plugin for SoundUnpack {pcl.opensecurity.util.SoundUnpack}
[14:13:18] [main/DEBUG] [FML/]: Running coremod plugin SoundUnpack
[14:13:18] [main/INFO] [STDOUT/]: [pcl.opensecurity.util.SoundUnpack:load:23]: Extracting sounds from: assets/opensecurity/sounds/alarms/
[14:13:18] [main/INFO] [STDOUT/]: [pcl.opensecurity.util.SoundUnpack:load:35]: Extracting file: klaxon2.ogg
[14:13:18] [main/INFO] [STDOUT/]: [pcl.opensecurity.util.SoundUnpack:load:35]: Extracting file: klaxon1.ogg
[14:13:18] [main/DEBUG] [FML/]: Coremod plugin class SoundUnpack run successfully
[14:13:18] [main/INFO] [LaunchWrapper/]: Calling tweak class cpw.mods.fml.relauncher.CoreModManager$FMLPluginWrapper
[14:13:18] [main/DEBUG] [FML/]: Injecting coremod ASMHandler {covers1624.powerconverters.asm.ASMHandler} class transformers
[14:13:18] [main/DEBUG] [FML/]: Injection complete
[14:13:18] [main/DEBUG] [FML/]: Running coremod plugin for ASMHandler {covers1624.powerconverters.asm.ASMHandler}
[14:13:18] [main/DEBUG] [FML/]: Running coremod plugin ASMHandler
[14:13:18] [main/DEBUG] [FML/]: Coremod plugin class ASMHandler run successfully
[14:13:18] [main/INFO] [LaunchWrapper/]: Calling tweak class cpw.mods.fml.relauncher.CoreModManager$FMLPluginWrapper
[14:13:18] [main/DEBUG] [FML/]: Injecting coremod DepLoader {codechicken.core.launch.DepLoader} class transformers
[14:13:18] [main/DEBUG] [FML/]: Injection complete
[14:13:18] [main/DEBUG] [FML/]: Running coremod plugin for DepLoader {codechicken.core.launch.DepLoader}
[14:13:18] [main/DEBUG] [FML/]: Running coremod plugin DepLoader
[14:13:18] [main/DEBUG] [FML/]: Coremod plugin class DepLoader run successfully
[14:13:18] [main/INFO] [LaunchWrapper/]: Calling tweak class cpw.mods.fml.relauncher.CoreModManager$FMLPluginWrapper
[14:13:18] [main/DEBUG] [FML/]: Injecting coremod SignPictureCorePlugin {com.kamesuta.mc.signpic.asm.SignPictureCorePlugin} class transformers
[14:13:18] [main/TRACE] [FML/]: Registering transformer com.kamesuta.mc.signpic.asm.SignPictureTransformer
[14:13:18] [main/DEBUG] [FML/]: Injection complete
[14:13:18] [main/DEBUG] [FML/]: Running coremod plugin for SignPictureCorePlugin {com.kamesuta.mc.signpic.asm.SignPictureCorePlugin}
[14:13:18] [main/DEBUG] [FML/]: Running coremod plugin SignPictureCorePlugin
[14:13:18] [main/DEBUG] [FML/]: Coremod plugin class SignPictureCorePlugin run successfully
[14:13:18] [main/INFO] [LaunchWrapper/]: Calling tweak class forestry.shade.javacheck.Java7Checker
[14:13:18] [main/INFO] [LaunchWrapper/]: Calling tweak class cpw.mods.fml.relauncher.CoreModManager$FMLPluginWrapper
[14:13:18] [main/DEBUG] [FML/]: Injecting coremod OpenModsCorePlugin {openmods.core.OpenModsCorePlugin} class transformers
[14:13:18] [main/TRACE] [FML/]: Registering transformer openmods.core.OpenModsClassTransformer
[14:13:18] [main/DEBUG] [FML/]: Injection complete
[14:13:18] [main/DEBUG] [FML/]: Running coremod plugin for OpenModsCorePlugin {openmods.core.OpenModsCorePlugin}
[14:13:18] [main/DEBUG] [FML/]: Running coremod plugin OpenModsCorePlugin
[14:13:18] [main/DEBUG] [OpenMods/]: openmods.config.simple.ConfigProcessor.process(ConfigProcessor.java:83): Parsing config file './config/OpenModsLibCore.json'
[14:13:18] [main/TRACE] [OpenMods/]: openmods.utils.StateTracker$StateUpdater.update(StateTracker.java:26): State of gl_capabilities_hook updated from DISABLED to ENABLED
[14:13:18] [main/TRACE] [OpenMods/]: openmods.utils.StateTracker$StateUpdater.update(StateTracker.java:26): State of player_render_hook updated from DISABLED to ENABLED
[14:13:18] [main/TRACE] [OpenMods/]: openmods.utils.StateTracker$StateUpdater.update(StateTracker.java:26): State of map_gen_fix updated from DISABLED to ENABLED
[14:13:18] [main/TRACE] [OpenMods/]: openmods.utils.StateTracker$StateUpdater.update(StateTracker.java:26): State of player_damage_hook updated from DISABLED to ENABLED
[14:13:18] [main/TRACE] [OpenMods/]: openmods.utils.StateTracker$StateUpdater.update(StateTracker.java:26): State of movement_callback updated from DISABLED to ENABLED
[14:13:18] [main/TRACE] [OpenMods/]: openmods.utils.StateTracker$StateUpdater.update(StateTracker.java:26): State of stencil_patches updated from DISABLED to ENABLED
[14:13:18] [main/DEBUG] [FML/]: Coremod plugin class OpenModsCorePlugin run successfully
[14:13:18] [main/INFO] [LaunchWrapper/]: Calling tweak class cpw.mods.fml.relauncher.CoreModManager$FMLPluginWrapper
[14:13:18] [main/DEBUG] [FML/]: Injecting coremod OpenBlocksCorePlugin {openblocks.OpenBlocksCorePlugin} class transformers
[14:13:18] [main/TRACE] [FML/]: Registering transformer openblocks.asm.OpenBlocksClassTransformer
[14:13:18] [main/DEBUG] [FML/]: Injection complete
[14:13:18] [main/DEBUG] [FML/]: Running coremod plugin for OpenBlocksCorePlugin {openblocks.OpenBlocksCorePlugin}
[14:13:18] [main/DEBUG] [FML/]: Running coremod plugin OpenBlocksCorePlugin
[14:13:18] [main/DEBUG] [FML/]: Coremod plugin class OpenBlocksCorePlugin run successfully
[14:13:18] [main/INFO] [LaunchWrapper/]: Calling tweak class me.guichaguri.betterfps.tweaker.BetterFpsTweaker
[14:13:18] [main/INFO] [LaunchWrapper/]: Calling tweak class cpw.mods.fml.common.launcher.FMLDeobfTweaker
[14:13:18] [main/DEBUG] [FML/]: Loaded 57 rules from AccessTransformer config file fml_at.cfg
[14:13:18] [main/DEBUG] [FML/]: Loaded 89 rules from AccessTransformer config file forge_at.cfg
[14:13:18] [main/DEBUG] [FML/]: Loaded 6 rules from AccessTransformer config file aroma1997core_at.cfg
[14:13:18] [main/DEBUG] [FML/]: Loaded 57 rules from AccessTransformer config file fml_at.cfg
[14:13:18] [main/DEBUG] [FML/]: Loaded 5 rules from AccessTransformer config file malisiscore_at.cfg
[14:13:18] [main/DEBUG] [FML/]: Loaded 5 rules from AccessTransformer mod jar file /home/deck/Desktop/server/mods/ChickenChunks-1.7.10-1.3.4.19-universal.jar!META-INF/chickenchunks_at.cfg

[14:13:18] [main/DEBUG] [FML/]: Loaded 15 rules from AccessTransformer mod jar file /home/deck/Desktop/server/mods/HBM-NTM-[1.0.27_X5193].jar!META-INF/HBM_at.cfg

[14:13:18] [main/DEBUG] [FML/]: Loaded 4 rules from AccessTransformer mod jar file /home/deck/Desktop/server/mods/Chisel-2.9.5.11.jar!META-INF/chisel_compile_at.cfg

[14:13:18] [main/DEBUG] [FML/]: Loaded 1 rules from AccessTransformer mod jar file /home/deck/Desktop/server/mods/ResourceLoader-MC1.7.10-1.3.jar!META-INF/ResourceLoader_At.cfg

[14:13:18] [main/DEBUG] [FML/]: Loaded 8 rules from AccessTransformer mod jar file /home/deck/Desktop/server/mods/OpenComputers-MC1.7.10-1.8.7+7fecb07-universal.jar!META-INF/oc_at.cfg

[14:13:18] [main/DEBUG] [FML/]: Loaded 6 rules from AccessTransformer mod jar file /home/deck/Desktop/server/mods/ThermalDynamics-[1.7.10]1.2.1-172.jar!META-INF/tdynamics_at.cfg

[14:13:18] [main/DEBUG] [FML/]: Loaded 8 rules from AccessTransformer mod jar file /home/deck/Desktop/server/mods/ImmersiveEngineering-0.7.7.jar!META-INF/ImmersiveEngineering_at.cfg

[14:13:18] [main/DEBUG] [FML/]: Loaded 19 rules from AccessTransformer mod jar file /home/deck/Desktop/server/mods/CustomMainMenu-MC1.7.10-1.9.2.jar!META-INF/CustomMainMenu_At.cfg

[14:13:18] [main/DEBUG] [FML/]: Loaded 3 rules from AccessTransformer mod jar file /home/deck/Desktop/server/mods/Waystones-mc1.7.10-1.0.12.jar!META-INF/waystones_at.cfg

[14:13:18] [main/DEBUG] [FML/]: Loaded 1 rules from AccessTransformer mod jar file /home/deck/Desktop/server/mods/spark-1.10.19-forge1710.jar!META-INF/spark_at.cfg

[14:13:18] [main/DEBUG] [mixin/]: Adding new mixin transformer proxy #2
[14:13:18] [main/DEBUG] [FML/]: Validating minecraft
[14:13:18] [main/INFO] [STDOUT/]: [com.zuxelus.hooklib.asm.HookLogger$SystemOutLogger:debug:20]: [DEBUG] Injecting hooks into class cpw.mods.fml.common.Loader
[14:13:18] [main/INFO] [STDOUT/]: [com.zuxelus.hooklib.asm.HookLogger$SystemOutLogger:debug:20]: [DEBUG] Patching method cpw.mods.fml.common.Loader#injectData([Ljava/lang/Object;)
[14:13:18] [main/DEBUG] [mixin/]: Preparing mixins for MixinEnvironment[INIT]
[14:13:18] [main/INFO] [STDOUT/]: [com.zuxelus.hooklib.asm.HookLogger$SystemOutLogger:debug:20]: [DEBUG] Methods dictionary loaded in 4 ms
[14:13:18] [main/DEBUG] [FML/]: Minecraft validated, launching...
[14:13:18] [main/INFO] [LaunchWrapper/]: Calling tweak class cpw.mods.fml.relauncher.CoreModManager$FMLPluginWrapper
[14:13:18] [main/DEBUG] [FML/]: Injecting coremod Brandon's Core {com.brandon3055.brandonscore.asm.LoadingPlugin} class transformers
[14:13:18] [main/TRACE] [FML/]: Registering transformer com.brandon3055.brandonscore.asm.ClassTransformer
[14:13:18] [main/DEBUG] [FML/]: Injection complete
[14:13:18] [main/DEBUG] [FML/]: Running coremod plugin for Brandon's Core {com.brandon3055.brandonscore.asm.LoadingPlugin}
[14:13:18] [main/DEBUG] [FML/]: Running coremod plugin Brandon's Core
[14:13:18] [main/DEBUG] [FML/]: Coremod plugin class LoadingPlugin run successfully
[14:13:18] [main/INFO] [LaunchWrapper/]: Calling tweak class cpw.mods.fml.relauncher.CoreModManager$FMLPluginWrapper
[14:13:18] [main/DEBUG] [FML/]: Injecting coremod LoadingPlugin {cofh.asm.LoadingPlugin} class transformers
[14:13:18] [main/TRACE] [FML/]: Registering transformer cofh.asm.CoFHClassTransformer
[14:13:18] [main/DEBUG] [FML/]: Injection complete
[14:13:18] [main/DEBUG] [FML/]: Running coremod plugin for LoadingPlugin {cofh.asm.LoadingPlugin}
[14:13:18] [main/DEBUG] [FML/]: Running coremod plugin LoadingPlugin
[14:13:18] [main/DEBUG] [CoFHASM/]: Adding CoFHAT: MFR_at.cfg from: MineFactoryReloaded-[1.7.10]2.8.1-174.jar
[14:13:18] [main/DEBUG] [FML/]: Coremod plugin class LoadingPlugin run successfully
[14:13:18] [main/INFO] [LaunchWrapper/]: Calling tweak class cpw.mods.fml.relauncher.CoreModManager$FMLPluginWrapper
[14:13:18] [main/DEBUG] [FML/]: Injecting coremod FldLoadingPlugin {com.olafski.fastleafdecay.FldLoadingPlugin} class transformers
[14:13:18] [main/TRACE] [FML/]: Registering transformer com.olafski.fastleafdecay.FldTransformer
[14:13:18] [main/DEBUG] [FML/]: Injection complete
[14:13:18] [main/DEBUG] [FML/]: Running coremod plugin for FldLoadingPlugin {com.olafski.fastleafdecay.FldLoadingPlugin}
[14:13:18] [main/DEBUG] [FML/]: Running coremod plugin FldLoadingPlugin
[14:13:18] [main/DEBUG] [FML/]: Coremod plugin class FldLoadingPlugin run successfully
[14:13:18] [main/INFO] [LaunchWrapper/]: Calling tweak class cpw.mods.fml.relauncher.CoreModManager$FMLPluginWrapper
[14:13:18] [main/DEBUG] [FML/]: Injecting coremod MalisisCorePlugin {net.malisis.core.asm.MalisisCorePlugin} class transformers
[14:13:18] [main/TRACE] [FML/]: Registering transformer net.malisis.core.util.chunkcollision.ChunkCollisionTransformer
[14:13:18] [main/INFO] [malisiscore/]: [ChunkCollisionTransformer] Hook registered for net.minecraft.world.World
[14:13:18] [main/INFO] [malisiscore/]: [ChunkCollisionTransformer] Hook registered for net.minecraft.world.World
[14:13:18] [main/INFO] [malisiscore/]: [ChunkCollisionTransformer] Hook registered for net.minecraft.item.ItemBlock
[14:13:18] [main/INFO] [malisiscore/]: [ChunkCollisionTransformer] Hook registered for net.minecraft.network.NetHandlerPlayServer
[14:13:18] [main/TRACE] [FML/]: Registering transformer net.malisis.core.util.chunkblock.ChunkBlockTransformer
[14:13:18] [main/INFO] [malisiscore/]: [ChunkBlockTransformer] Hook registered for net.minecraft.world.chunk.Chunk
[14:13:18] [main/DEBUG] [FML/]: Injection complete
[14:13:18] [main/DEBUG] [FML/]: Running coremod plugin for MalisisCorePlugin {net.malisis.core.asm.MalisisCorePlugin}
[14:13:18] [main/DEBUG] [FML/]: Running coremod plugin MalisisCorePlugin
[14:13:18] [main/DEBUG] [FML/]: Coremod plugin class MalisisCorePlugin run successfully
[14:13:18] [main/INFO] [LaunchWrapper/]: Calling tweak class cpw.mods.fml.relauncher.CoreModManager$FMLPluginWrapper
[14:13:18] [main/DEBUG] [FML/]: Injecting coremod LoadingPlugin {lumien.resourceloader.asm.LoadingPlugin} class transformers
[14:13:18] [main/TRACE] [FML/]: Registering transformer lumien.resourceloader.asm.ClassTransformer
[14:13:18] [main/DEBUG] [FML/]: Injection complete
[14:13:18] [main/DEBUG] [FML/]: Running coremod plugin for LoadingPlugin {lumien.resourceloader.asm.LoadingPlugin}
[14:13:18] [main/DEBUG] [FML/]: Running coremod plugin LoadingPlugin
[14:13:18] [main/DEBUG] [FML/]: Coremod plugin class LoadingPlugin run successfully
[14:13:18] [main/INFO] [LaunchWrapper/]: Calling tweak class cpw.mods.fml.relauncher.CoreModManager$FMLPluginWrapper
[14:13:18] [main/DEBUG] [FML/]: Injecting coremod CarbonConfigHooks {carbonconfiglib.impl.internal.CarbonConfigHooks} class transformers
[14:13:18] [main/TRACE] [FML/]: Registering transformer carbonconfiglib.impl.internal.CarbonConfigHooks
[14:13:18] [main/DEBUG] [FML/]: Injection complete
[14:13:18] [main/DEBUG] [FML/]: Running coremod plugin for CarbonConfigHooks {carbonconfiglib.impl.internal.CarbonConfigHooks}
[14:13:18] [main/DEBUG] [FML/]: Running coremod plugin CarbonConfigHooks
[14:13:18] [main/DEBUG] [FML/]: Coremod plugin class CarbonConfigHooks run successfully
[14:13:18] [main/INFO] [LaunchWrapper/]: Calling tweak class cpw.mods.fml.relauncher.CoreModManager$FMLPluginWrapper
[14:13:18] [main/DEBUG] [FML/]: Injecting coremod EnderCorePlugin {com.enderio.core.common.transform.EnderCorePlugin} class transformers
[14:13:18] [main/TRACE] [FML/]: Registering transformer com.enderio.core.common.transform.EnderCoreTransformer
[14:13:19] [main/TRACE] [FML/]: Registering transformer com.enderio.core.common.transform.EnderCoreTransformerClient
[14:13:19] [main/DEBUG] [FML/]: Injection complete
[14:13:19] [main/DEBUG] [FML/]: Running coremod plugin for EnderCorePlugin {com.enderio.core.common.transform.EnderCorePlugin}
[14:13:19] [main/DEBUG] [FML/]: Running coremod plugin EnderCorePlugin
[14:13:19] [main/DEBUG] [FML/]: Coremod plugin class EnderCorePlugin run successfully
[14:13:19] [main/INFO] [LaunchWrapper/]: Loading tweak class name cpw.mods.fml.common.launcher.TerminalTweaker
[14:13:19] [main/INFO] [LaunchWrapper/]: Loading tweak class name org.spongepowered.asm.mixin.EnvironmentStateTweaker
[14:13:19] [main/INFO] [LaunchWrapper/]: Calling tweak class cpw.mods.fml.common.launcher.TerminalTweaker
[14:13:19] [main/INFO] [LaunchWrapper/]: Calling tweak class org.spongepowered.asm.mixin.EnvironmentStateTweaker
[14:13:19] [main/DEBUG] [mixin/]: Adding new mixin transformer proxy #3
[14:13:19] [main/DEBUG] [mixin/]: Preparing mixins for MixinEnvironment[DEFAULT]
[14:13:19] [main/DEBUG] [mixin/]: Selecting config mixins.gtnhmixins.json
[14:13:19] [main/WARN] [mixin/]: Reference map 'mixins.gtnhmixins.refmap.json' for mixins.gtnhmixins.json could not be read. If this is a development environment you can ignore this message
[14:13:19] [main/DEBUG] [mixin/]: Preparing mixins.gtnhmixins.json (1)
[14:13:19] [main/DEBUG] [org.spongepowered.asm.service.mojang.MixinServiceLaunchWrapper/]: Found name transformer: cpw.mods.fml.common.asm.transformers.DeobfuscationTransformer
[14:13:19] [main/DEBUG] [org.spongepowered.asm.service.mojang.MixinServiceLaunchWrapper/]: Rebuilding transformer delegation list:
[14:13:19] [main/DEBUG] [org.spongepowered.asm.service.mojang.MixinServiceLaunchWrapper/]: Found name transformer: cpw.mods.fml.common.asm.transformers.DeobfuscationTransformer
[14:13:19] [main/DEBUG] [org.spongepowered.asm.service.mojang.MixinServiceLaunchWrapper/]:   Adding:    cpw.mods.fml.common.asm.transformers.PatchingTransformer
[14:13:19] [main/DEBUG] [org.spongepowered.asm.service.mojang.MixinServiceLaunchWrapper/]:   Excluding: org.spongepowered.asm.mixin.transformer.Proxy
[14:13:19] [main/DEBUG] [org.spongepowered.asm.service.mojang.MixinServiceLaunchWrapper/]:   Adding:    cpw.mods.fml.common.asm.transformers.MarkerTransformer
[14:13:19] [main/DEBUG] [org.spongepowered.asm.service.mojang.MixinServiceLaunchWrapper/]:   Adding:    cpw.mods.fml.common.asm.transformers.SideTransformer
[14:13:19] [main/DEBUG] [org.spongepowered.asm.service.mojang.MixinServiceLaunchWrapper/]:   Excluding: cpw.mods.fml.common.asm.transformers.EventSubscriptionTransformer
[14:13:19] [main/DEBUG] [org.spongepowered.asm.service.mojang.MixinServiceLaunchWrapper/]:   Adding:    net.minecraftforge.classloading.FluidIdTransformer
[14:13:19] [main/DEBUG] [org.spongepowered.asm.service.mojang.MixinServiceLaunchWrapper/]:   Adding:    zmaster587.advancedRocketry.asm.ClassTransformer
[14:13:19] [main/DEBUG] [org.spongepowered.asm.service.mojang.MixinServiceLaunchWrapper/]:   Adding:    appeng.transformer.asm.ASMIntegration
[14:13:19] [main/DEBUG] [org.spongepowered.asm.service.mojang.MixinServiceLaunchWrapper/]:   Adding:    codechicken.lib.asm.ClassHeirachyManager
[14:13:19] [main/DEBUG] [org.spongepowered.asm.service.mojang.MixinServiceLaunchWrapper/]:   Adding:    codechicken.core.asm.InterfaceDependancyTransformer
[14:13:19] [main/DEBUG] [org.spongepowered.asm.service.mojang.MixinServiceLaunchWrapper/]:   Adding:    codechicken.core.asm.TweakTransformer
[14:13:19] [main/DEBUG] [org.spongepowered.asm.service.mojang.MixinServiceLaunchWrapper/]:   Adding:    codechicken.core.asm.DelegatedTransformer
[14:13:19] [main/DEBUG] [org.spongepowered.asm.service.mojang.MixinServiceLaunchWrapper/]:   Adding:    codechicken.core.asm.DefaultImplementationTransformer
[14:13:19] [main/DEBUG] [org.spongepowered.asm.service.mojang.MixinServiceLaunchWrapper/]:   Adding:    com.zuxelus.hooklib.minecraft.PrimaryClassTransformer
[14:13:19] [main/DEBUG] [org.spongepowered.asm.service.mojang.MixinServiceLaunchWrapper/]:   Adding:    mrtjp.relocation.asm.Transformer
[14:13:19] [main/DEBUG] [org.spongepowered.asm.service.mojang.MixinServiceLaunchWrapper/]:   Adding:    li.cil.oc.common.asm.ClassTransformer
[14:13:19] [main/DEBUG] [org.spongepowered.asm.service.mojang.MixinServiceLaunchWrapper/]:   Adding:    openeye.asm.MultiTransformer
[14:13:19] [main/DEBUG] [org.spongepowered.asm.service.mojang.MixinServiceLaunchWrapper/]:   Adding:    com.kamesuta.mc.signpic.asm.SignPictureTransformer
[14:13:19] [main/DEBUG] [org.spongepowered.asm.service.mojang.MixinServiceLaunchWrapper/]:   Adding:    openmods.core.OpenModsClassTransformer
[14:13:19] [main/DEBUG] [org.spongepowered.asm.service.mojang.MixinServiceLaunchWrapper/]:   Adding:    openblocks.asm.OpenBlocksClassTransformer
[14:13:19] [main/DEBUG] [org.spongepowered.asm.service.mojang.MixinServiceLaunchWrapper/]:   Adding:    me.guichaguri.betterfps.transformers.MathTransformer
[14:13:19] [main/DEBUG] [org.spongepowered.asm.service.mojang.MixinServiceLaunchWrapper/]:   Adding:    me.guichaguri.betterfps.transformers.EventTransformer
[14:13:19] [main/DEBUG] [org.spongepowered.asm.service.mojang.MixinServiceLaunchWrapper/]:   Adding:    cpw.mods.fml.common.asm.transformers.DeobfuscationTransformer
[14:13:19] [main/DEBUG] [org.spongepowered.asm.service.mojang.MixinServiceLaunchWrapper/]:   Adding:    cpw.mods.fml.common.asm.transformers.AccessTransformer
[14:13:19] [main/DEBUG] [org.spongepowered.asm.service.mojang.MixinServiceLaunchWrapper/]:   Adding:    net.minecraftforge.transformers.ForgeAccessTransformer
[14:13:19] [main/DEBUG] [org.spongepowered.asm.service.mojang.MixinServiceLaunchWrapper/]:   Adding:    appeng.transformer.asm.ASMTweaker
[14:13:19] [main/DEBUG] [org.spongepowered.asm.service.mojang.MixinServiceLaunchWrapper/]:   Adding:    aroma1997.core.coremod.asm.AromaAccessTransformer
[14:13:19] [main/DEBUG] [org.spongepowered.asm.service.mojang.MixinServiceLaunchWrapper/]:   Adding:    codechicken.core.asm.CodeChickenAccessTransformer
[14:13:19] [main/DEBUG] [org.spongepowered.asm.service.mojang.MixinServiceLaunchWrapper/]:   Adding:    cofh.asm.CoFHAccessTransformer
[14:13:19] [main/DEBUG] [org.spongepowered.asm.service.mojang.MixinServiceLaunchWrapper/]:   Adding:    net.malisis.core.asm.MalisisCoreAccessTransformer
[14:13:19] [main/DEBUG] [org.spongepowered.asm.service.mojang.MixinServiceLaunchWrapper/]:   Adding:    cpw.mods.fml.common.asm.transformers.ModAccessTransformer
[14:13:19] [main/DEBUG] [org.spongepowered.asm.service.mojang.MixinServiceLaunchWrapper/]:   Adding:    cpw.mods.fml.common.asm.transformers.ItemStackTransformer
[14:13:19] [main/DEBUG] [org.spongepowered.asm.service.mojang.MixinServiceLaunchWrapper/]:   Excluding: org.spongepowered.asm.mixin.transformer.Proxy
[14:13:19] [main/DEBUG] [org.spongepowered.asm.service.mojang.MixinServiceLaunchWrapper/]:   Adding:    com.zuxelus.hooklib.minecraft.MinecraftClassTransformer
[14:13:19] [main/DEBUG] [org.spongepowered.asm.service.mojang.MixinServiceLaunchWrapper/]:   Adding:    com.brandon3055.brandonscore.asm.ClassTransformer
[14:13:19] [main/DEBUG] [org.spongepowered.asm.service.mojang.MixinServiceLaunchWrapper/]:   Adding:    cofh.asm.CoFHClassTransformer
[14:13:19] [main/DEBUG] [org.spongepowered.asm.service.mojang.MixinServiceLaunchWrapper/]:   Adding:    com.olafski.fastleafdecay.FldTransformer
[14:13:19] [main/DEBUG] [org.spongepowered.asm.service.mojang.MixinServiceLaunchWrapper/]:   Adding:    net.malisis.core.util.chunkcollision.ChunkCollisionTransformer
[14:13:19] [main/DEBUG] [org.spongepowered.asm.service.mojang.MixinServiceLaunchWrapper/]:   Adding:    net.malisis.core.util.chunkblock.ChunkBlockTransformer
[14:13:19] [main/DEBUG] [org.spongepowered.asm.service.mojang.MixinServiceLaunchWrapper/]:   Adding:    lumien.resourceloader.asm.ClassTransformer
[14:13:19] [main/DEBUG] [org.spongepowered.asm.service.mojang.MixinServiceLaunchWrapper/]:   Adding:    carbonconfiglib.impl.internal.CarbonConfigHooks
[14:13:19] [main/DEBUG] [org.spongepowered.asm.service.mojang.MixinServiceLaunchWrapper/]:   Adding:    com.enderio.core.common.transform.EnderCoreTransformer
[14:13:19] [main/DEBUG] [org.spongepowered.asm.service.mojang.MixinServiceLaunchWrapper/]:   Adding:    com.enderio.core.common.transform.EnderCoreTransformerClient
[14:13:19] [main/DEBUG] [org.spongepowered.asm.service.mojang.MixinServiceLaunchWrapper/]:   Excluding: cpw.mods.fml.common.asm.transformers.TerminalTransformer
[14:13:19] [main/DEBUG] [org.spongepowered.asm.service.mojang.MixinServiceLaunchWrapper/]:   Excluding: org.spongepowered.asm.mixin.transformer.Proxy
[14:13:19] [main/DEBUG] [org.spongepowered.asm.service.mojang.MixinServiceLaunchWrapper/]: Transformer delegation list created with 40 entries
[14:13:19] [main/TRACE] [mixin/]: Added class metadata for cpw/mods/fml/common/event/FMLConstructionEvent to metadata cache
[14:13:19] [main/TRACE] [mixin/]: Added class metadata for cpw/mods/fml/common/discovery/ASMDataTable$ASMData to metadata cache
[14:13:19] [main/TRACE] [mixin/]: Added class metadata for java/lang/invoke/MethodHandles$Lookup to metadata cache
[14:13:19] [main/INFO] [STDOUT/]: [com.zuxelus.hooklib.asm.HookLogger$SystemOutLogger:debug:20]: [DEBUG] Injecting hooks into class net.minecraft.world.World
[14:13:19] [main/INFO] [STDOUT/]: [com.zuxelus.hooklib.asm.HookLogger$SystemOutLogger:debug:20]: [DEBUG] Patching method net.minecraft.world.World#updateEntities()
[14:13:19] [main/INFO] [malisiscore/]: Found hooks for net.minecraft.world.World (ahb)
[14:13:19] [main/DEBUG] [OpenEye/]: openeye.asm.SingleClassTransformer.visitMethod(SingleClassTransformer.java:24): Applying method transformer crash_handler for method a((Ljava/io/File;)Z)
[14:13:19] [main/DEBUG] [OpenMods/]: openmods.core.OpenModsClassTransformer$7$1.createVisitor(OpenModsClassTransformer.java:194): Trying to patch EntityPlayer (class: yz)
[14:13:19] [main/TRACE] [OpenMods/]: openmods.utils.StateTracker$StateUpdater.update(StateTracker.java:26): State of player_damage_hook updated from ENABLED to ACTIVATED
[14:13:19] [main/TRACE] [OpenMods/]: openmods.utils.StateTracker$StateUpdater.update(StateTracker.java:26): State of player_damage_hook updated from ACTIVATED to FINISHED
[14:13:19] [main/DEBUG] [OpenMods/]: openblocks.asm.OpenBlocksClassTransformer$1.createVisitor(OpenBlocksClassTransformer.java:19): Trying to patch EntityPlayer.isInBed (class: yz)
[14:13:19] [main/DEBUG] [OpenMods/]: openblocks.asm.EntityPlayerVisitor$HookMethodVisitor.visitCode(EntityPlayerVisitor.java:30): isInBed patch applied. Enabling sleeping bags
[14:13:19] [main/INFO] [LaunchWrapper/]: Launching wrapped minecraft {net.minecraft.server.MinecraftServer}
[14:13:19] [main/DEBUG] [CCL ASM/]: Writing method [aji.canBeReplacedByLeaves(Lahl;III)Z]
[14:13:19] [main/INFO] [FastLeafDecay/]: Patching leaves.
[14:13:19] [main/INFO] [FastLeafDecay/]: Found leaf Class: net/minecraft/block/BlockLeavesBase
[14:13:19] [main/DEBUG] [OpenEye/]: openeye.asm.SingleClassTransformer.visitMethod(SingleClassTransformer.java:24): Applying method transformer tile_entity_load for method c((Ldh;)Laor;)
[14:13:19] [main/DEBUG] [OpenEye/]: openeye.asm.injectors.ExceptionHandlerInjector.addHandler(ExceptionHandlerInjector.java:63): Adding handler for 'tile_entity_construct'
[14:13:19] [main/DEBUG] [OpenEye/]: openeye.asm.injectors.ExceptionHandlerInjector.addHandler(ExceptionHandlerInjector.java:63): Adding handler for 'tile_entity_read'
[14:13:19] [main/INFO] [OpenComputers/]: Successfully patched sw.recreateLeash.
[14:13:20] [main/INFO] [malisiscore/]: Found hooks for net.minecraft.item.ItemBlock (abh)
[14:13:20] [main/INFO] [EnderCore/]: Transforming Class [net.minecraft.entity.projectile.EntityArrow], Method [func_70071_h_]
[14:13:20] [main/INFO] [EnderCore/]: Transforming net.minecraft.entity.projectile.EntityArrow Finished.
[14:13:20] [main/INFO] [EnderCore/]: Transforming Class [net.minecraft.item.ItemStack], Method [func_77953_t]
[14:13:20] [main/INFO] [EnderCore/]: Transforming net.minecraft.item.ItemStack Finished.
[14:13:20] [main/INFO] [EnderCore/]: Transforming Class [net.minecraft.inventory.ContainerFurnace], Method [func_82846_b]
[14:13:20] [main/INFO] [EnderCore/]: Transforming net.minecraft.inventory.ContainerFurnace Finished.
[14:13:20] [main/INFO] [BetterFps/]: Patching Minecraft using Riven's "Half" Algorithm
[14:13:20] [main/DEBUG] [OpenEye/]: openeye.asm.SingleClassTransformer.visitMethod(SingleClassTransformer.java:24): Applying method transformer entity_load for method a((Ldh;Lahb;)Lsa;)
[14:13:20] [main/DEBUG] [OpenEye/]: openeye.asm.injectors.ExceptionHandlerInjector.addHandler(ExceptionHandlerInjector.java:63): Adding handler for 'entity_construct'
[14:13:20] [main/DEBUG] [OpenEye/]: openeye.asm.injectors.ExceptionHandlerInjector.addHandler(ExceptionHandlerInjector.java:63): Adding handler for 'entity_read'
[14:13:21] [main/WARN] [FML/]: =============================================================
[14:13:21] [main/WARN] [FML/]: MOD HAS DIRECT REFERENCE System.exit() THIS IS NOT ALLOWED REROUTING TO FML!
[14:13:21] [main/WARN] [FML/]: Offendor: net/minecraft/server/gui/MinecraftServerGui$1.windowClosing(Ljava/awt/event/WindowEvent;)V
[14:13:21] [main/WARN] [FML/]: Use FMLCommonHandler.exitJava instead
[14:13:21] [main/WARN] [FML/]: =============================================================
[14:13:21] [Server thread/INFO] [MinecraftForge/]: Attempting early MinecraftForge initialization
[14:13:21] [Server thread/INFO] [FML/]: MinecraftForge v10.13.4.1614 Initialized
[14:13:21] [Server thread/INFO] [FML/]: Replaced 183 ore recipies
[14:13:21] [Server thread/INFO] [MinecraftForge/]: Completed early MinecraftForge initialization
[14:13:22] [Server thread/DEBUG] [FML/]: File /home/deck/Desktop/server/config/injectedDependencies.json not found. No dependencies injected
[14:13:22] [Server thread/DEBUG] [mixin/]: Mixing LateMixinOrchestrationMixin from mixins.gtnhmixins.json into cpw.mods.fml.common.event.FMLConstructionEvent
[14:13:22] [Server thread/TRACE] [mixin/]: Added class metadata for cpw/mods/fml/common/event/FMLStateEvent to metadata cache
[14:13:22] [Server thread/TRACE] [mixin/]: Added class metadata for cpw/mods/fml/common/event/FMLEvent to metadata cache
[14:13:22] [Server thread/TRACE] [mixin/]: Added class metadata for com/gtnewhorizon/gtnhmixins/GTNHMixins to metadata cache
[14:13:22] [Server thread/TRACE] [mixin/]: Added class metadata for org/apache/logging/log4j/Logger to metadata cache
[14:13:22] [Server thread/INFO] [STDOUT/]: [com.zuxelus.hooklib.asm.HookLogger$SystemOutLogger:debug:20]: [DEBUG] Injecting hooks into class cpw.mods.fml.common.Loader
[14:13:22] [Server thread/TRACE] [mixin/]: Added class metadata for cpw/mods/fml/common/Loader to metadata cache
[14:13:22] [Server thread/TRACE] [mixin/]: Added class metadata for java/util/Map to metadata cache
[14:13:22] [Server thread/TRACE] [mixin/]: Added class metadata for com/gtnewhorizon/gtnhmixins/core/GTNHMixinsCore to metadata cache
[14:13:22] [Server thread/TRACE] [mixin/]: Added class metadata for java/lang/Class to metadata cache
[14:13:22] [Server thread/TRACE] [mixin/]: Added class metadata for cpw/mods/fml/common/discovery/ASMDataTable to metadata cache
[14:13:22] [Server thread/TRACE] [mixin/]: Added class metadata for java/util/Set to metadata cache
[14:13:22] [Server thread/TRACE] [mixin/]: Added class metadata for java/util/Iterator to metadata cache
[14:13:22] [Server thread/TRACE] [mixin/]: Added class metadata for cpw/mods/fml/common/discovery/ModCandidate to metadata cache
[14:13:22] [Server thread/TRACE] [mixin/]: Added class metadata for cpw/mods/fml/common/ModClassLoader to metadata cache
[14:13:22] [Server thread/TRACE] [mixin/]: Added class metadata for java/lang/String to metadata cache
[14:13:22] [Server thread/TRACE] [mixin/]: Added class metadata for java/io/Serializable to metadata cache
[14:13:22] [Server thread/TRACE] [mixin/]: Added class metadata for java/lang/reflect/AnnotatedElement to metadata cache
[14:13:22] [Server thread/TRACE] [mixin/]: Added class metadata for java/lang/reflect/GenericDeclaration to metadata cache
[14:13:22] [Server thread/TRACE] [mixin/]: Added class metadata for java/lang/reflect/Type to metadata cache
[14:13:22] [Server thread/TRACE] [mixin/]: Added class metadata for com/gtnewhorizon/gtnhmixins/ILateMixinLoader to metadata cache
[14:13:22] [Server thread/TRACE] [mixin/]: Added class metadata for org/spongepowered/asm/mixin/transformer/Config to metadata cache
[14:13:22] [Server thread/TRACE] [mixin/]: Added class metadata for java/util/List to metadata cache
[14:13:22] [Server thread/TRACE] [mixin/]: Added class metadata for com/gtnewhorizon/gtnhmixins/Reflection to metadata cache
[14:13:22] [Server thread/TRACE] [mixin/]: Added class metadata for java/lang/reflect/Field to metadata cache
[14:13:22] [Server thread/TRACE] [mixin/]: Added class metadata for java/lang/reflect/Method to metadata cache
[14:13:22] [Server thread/TRACE] [mixin/]: Added class metadata for cpw/mods/fml/common/ModContainer to metadata cache
[14:13:22] [Server thread/TRACE] [mixin/]: Added class metadata for java/lang/reflect/AccessibleObject to metadata cache
[14:13:22] [Server thread/TRACE] [mixin/]: Added class metadata for net/minecraft/launchwrapper/Launch to metadata cache
[14:13:22] [Server thread/TRACE] [mixin/]: Added class metadata for net/minecraft/launchwrapper/LaunchClassLoader to metadata cache
[14:13:22] [Server thread/TRACE] [mixin/]: Added class metadata for java/util/Collection to metadata cache
[14:13:22] [Server thread/TRACE] [mixin/]: Added class metadata for java/util/stream/Stream to metadata cache
[14:13:22] [Server thread/TRACE] [mixin/]: Added class metadata for java/util/Optional to metadata cache
[14:13:22] [Server thread/TRACE] [mixin/]: Added class metadata for org/spongepowered/asm/mixin/MixinEnvironment to metadata cache
[14:13:22] [Server thread/TRACE] [mixin/]: Added class metadata for org/spongepowered/asm/util/ITokenProvider to metadata cache
[14:13:22] [Server thread/TRACE] [mixin/]: Added class metadata for org/spongepowered/asm/mixin/injection/callback/CallbackInfo to metadata cache
[14:13:22] [Server thread/TRACE] [mixin/]: Added class metadata for org/spongepowered/asm/mixin/transformer/ext/Extensions to metadata cache
[14:13:22] [Server thread/TRACE] [mixin/]: Added class metadata for com/gtnewhorizon/gtnhmixins/LateMixin to metadata cache
[14:13:22] [Server thread/TRACE] [mixin/]: Added class metadata for org/spongepowered/asm/mixin/transformer/Proxy to metadata cache
[14:13:22] [Server thread/TRACE] [mixin/]: Added class metadata for java/util/function/Predicate to metadata cache
[14:13:22] [Server thread/TRACE] [mixin/]: Added class metadata for net/minecraft/launchwrapper/IClassTransformer to metadata cache
[14:13:22] [Server thread/DEBUG] [FML/]: Building injected Mod Containers [cpw.mods.fml.common.FMLContainer, net.minecraftforge.common.ForgeModContainer, zmaster587.advancedRocketry.asm.ModContainer, appeng.transformer.AppEngCore, aroma1997.core.Aroma1997Core, codechicken.core.asm.CodeChickenCoreModContainer, li.cil.oc.common.launch.CoreModContainer, openeye.Mod, openmods.core.OpenModsCore, cofh.asm.LoadingPlugin$CoFHDummyContainer]
[14:13:22] [Server thread/INFO] [STDOUT/]: [zmaster587.advancedRocketry.asm.ModContainer:<init>:23]: ********* CoreDummyContainer. OK
[14:13:22] [Server thread/INFO] [FML/]: [AppEng] Core Init
[14:13:22] [Server thread/DEBUG] [FML/]: Attempting to load mods contained in the minecraft jar file and associated classes
[14:13:22] [Server thread/DEBUG] [FML/]: Found a minecraft related file at /home/deck/Desktop/server/forge-1.7.10-10.13.4.1614-1.7.10-universal.jar, examining for mod candidates
[14:13:22] [Server thread/TRACE] [FML/]: Skipping known library file /home/deck/Desktop/server/mods/AdvancedRocketry-1.7.10-1.4.0-32.jar
[14:13:22] [Server thread/TRACE] [FML/]: Skipping known library file /home/deck/Desktop/server/mods/appliedenergistics2-rv3-beta-6.jar
[14:13:22] [Server thread/TRACE] [FML/]: Skipping known library file /home/deck/Desktop/server/mods/Aroma1997Core-1.7.10-1.0.2.16.jar
[14:13:22] [Server thread/TRACE] [FML/]: Skipping known library file /home/deck/Desktop/server/mods/BetterFps-1.0.1.jar
[14:13:22] [Server thread/TRACE] [FML/]: Skipping known library file /home/deck/Desktop/server/mods/BrandonsCore-1.0.0.12.jar
[14:13:22] [Server thread/TRACE] [FML/]: Skipping known library file /home/deck/Desktop/server/mods/CarbonConfig-1.7.10-1.2.4.jar
[14:13:22] [Server thread/TRACE] [FML/]: Skipping known library file /home/deck/Desktop/server/mods/CodeChickenCore-1.7.10-1.0.7.48-universal.jar
[14:13:22] [Server thread/DEBUG] [FML/]: Found a minecraft related file at /home/deck/Desktop/server/./mods/1.7.10/CodeChickenLib-1.7.10-1.1.3.141-universal.jar, examining for mod candidates
[14:13:22] [Server thread/TRACE] [FML/]: Skipping known library file /home/deck/Desktop/server/mods/CoFHCore-[1.7.10]3.1.4-329.jar
[14:13:22] [Server thread/TRACE] [FML/]: Skipping known library file /home/deck/Desktop/server/mods/EnderCore-1.7.10-0.2.0.40_beta.jar
[14:13:22] [Server thread/TRACE] [FML/]: Skipping known library file /home/deck/Desktop/server/mods/EnergyControl-1.7.10-0.3.6.jar
[14:13:22] [Server thread/TRACE] [FML/]: Skipping known library file /home/deck/Desktop/server/mods/FastLeafDecay-1.7.10-1.4.jar
[14:13:22] [Server thread/TRACE] [FML/]: Skipping known library file /home/deck/Desktop/server/mods/forestry_1.7.10-4.2.16.64.jar
[14:13:22] [Server thread/TRACE] [FML/]: Skipping known library file /home/deck/Desktop/server/mods/1.7.10/ForgeMultipart-1.7.10-1.2.0.345-universal.jar
[14:13:22] [Server thread/TRACE] [FML/]: Skipping known library file /home/deck/Desktop/server/mods/1.7.10/ForgeRelocation-0.0.1.4-universal.jar
[14:13:22] [Server thread/TRACE] [FML/]: Skipping known library file /home/deck/Desktop/server/mods/gtnhmixins-2.1.2.jar
[14:13:22] [Server thread/TRACE] [FML/]: Skipping known library file /home/deck/Desktop/server/mods/industrialcraft-2-2.2.827-experimental.jar
[14:13:22] [Server thread/TRACE] [FML/]: Skipping known library file /home/deck/Desktop/server/mods/malisiscore-1.7.10-0.14.3.jar
[14:13:22] [Server thread/TRACE] [FML/]: Skipping known library file /home/deck/Desktop/server/mods/Mekanism-1.7.10-9.1.1.1031.jar
[14:13:22] [Server thread/TRACE] [FML/]: Skipping known library file /home/deck/Desktop/server/mods/1.7.10/MrTJPCore-1.1.0.33-universal.jar
[14:13:22] [Server thread/TRACE] [FML/]: Skipping known library file /home/deck/Desktop/server/mods/OpenBlocks-1.7.10-1.6.jar
[14:13:22] [Server thread/TRACE] [FML/]: Skipping known library file /home/deck/Desktop/server/mods/OpenComputers-MC1.7.10-1.8.7+7fecb07-universal.jar
[14:13:22] [Server thread/TRACE] [FML/]: Skipping known library file /home/deck/Desktop/server/mods/OpenEye-1.7.10-0.8.jar
[14:13:22] [Server thread/TRACE] [FML/]: Skipping known library file /home/deck/Desktop/server/mods/OpenModsLib-1.7.10-0.10.1.jar
[14:13:22] [Server thread/TRACE] [FML/]: Skipping known library file /home/deck/Desktop/server/mods/OpenSecurity-1.7.10-1.0-117.jar
[14:13:22] [Server thread/TRACE] [FML/]: Skipping known library file /home/deck/Desktop/server/mods/PowerConverters-1.7.10-2.11.jar
[14:13:22] [Server thread/TRACE] [FML/]: Skipping known library file /home/deck/Desktop/server/mods/ProjectRed-1.7.10-4.7.0pre12.95-Base.jar
[14:13:22] [Server thread/TRACE] [FML/]: Skipping known library file /home/deck/Desktop/server/mods/ResourceLoader-MC1.7.10-1.3.jar
[14:13:22] [Server thread/TRACE] [FML/]: Skipping known library file /home/deck/Desktop/server/mods/SignPicture-1.7.10-2.8.0-universal.jar
[14:13:22] [Server thread/DEBUG] [FML/]: Found a minecraft related file at /home/deck/Desktop/server/./mods/ic2/EJML-core-0.26.jar, examining for mod candidates
[14:13:22] [Server thread/DEBUG] [FML/]: Minecraft jar mods loaded successfully
[14:13:22] [Server thread/INFO] [FML/]: Found 0 mods from the command line. Injecting into mod discoverer
[14:13:22] [Server thread/INFO] [FML/]: Searching /home/deck/Desktop/server/mods for mods
[14:13:22] [Server thread/DEBUG] [FML/]: Found a candidate mod directory 1.7.10
[14:13:22] [Server thread/DEBUG] [FML/]: Found a candidate zip or jar file [1.7.10] SecurityCraft v1.8.13.jar
[14:13:22] [Server thread/DEBUG] [FML/]: Found a candidate zip or jar file ActuallyAdditions-1.7.10-r21.jar
[14:13:22] [Server thread/DEBUG] [FML/]: Found a candidate zip or jar file additionalpipes-4.7.7.jar
[14:13:22] [Server thread/DEBUG] [FML/]: Found a candidate zip or jar file AdvancedRocketry-1.7.10-1.4.0-32.jar
[14:13:22] [Server thread/DEBUG] [FML/]: Found a candidate zip or jar file ae2stuff-0.5.0.56-mc1.7.10.jar
[14:13:22] [Server thread/DEBUG] [FML/]: Found a candidate zip or jar file AirPort-[1.7.10]-2.4.6.jar
[14:13:22] [Server thread/DEBUG] [FML/]: Found a candidate zip or jar file appliedenergistics2-rv3-beta-6.jar
[14:13:22] [Server thread/DEBUG] [FML/]: Found a candidate zip or jar file Aroma1997Core-1.7.10-1.0.2.16.jar
[14:13:22] [Server thread/DEBUG] [FML/]: Found a candidate zip or jar file AromaBackup-1.7.10-0.1.0.0.jar
[14:13:22] [Server thread/DEBUG] [FML/]: Found a candidate zip or jar file bdlib-1.9.5.1-mc1.7.10.jar
[14:13:22] [Server thread/TRACE] [FML/]: Skipping already parsed coremod or tweaker BetterFps-1.0.1.jar
[14:13:22] [Server thread/DEBUG] [FML/]: Found a candidate zip or jar file BetterQuesting-3.0.328.jar
[14:13:22] [Server thread/DEBUG] [FML/]: Found a candidate zip or jar file BiblioCraft[v1.11.7][MC1.7.10].jar
[14:13:22] [Server thread/DEBUG] [FML/]: Found a candidate zip or jar file BlueIceV1.0.jar
[14:13:22] [Server thread/DEBUG] [FML/]: Found a candidate zip or jar file BrandonsCore-1.0.0.12.jar
[14:13:22] [Server thread/DEBUG] [FML/]: Found a candidate zip or jar file buildcraft-7.1.25.jar
[14:13:22] [Server thread/DEBUG] [FML/]: Found a candidate zip or jar file CarbonConfig-1.7.10-1.2.4.jar
[14:13:22] [Server thread/DEBUG] [FML/]: Found a candidate zip or jar file Carpenter's Blocks v3.3.8.2 - MC 1.7.10.jar
[14:13:22] [Server thread/DEBUG] [FML/]: Found a candidate mod directory carpentersblocks
[14:13:22] [Server thread/DEBUG] [FML/]: Found a candidate zip or jar file ChickenChunks-1.7.10-1.3.4.19-universal.jar
[14:13:22] [Server thread/DEBUG] [FML/]: Found a candidate zip or jar file Chisel-2.9.5.11.jar
[14:13:22] [Server thread/TRACE] [FML/]: Skipping already parsed coremod or tweaker CodeChickenCore-1.7.10-1.0.7.48-universal.jar
[14:13:22] [Server thread/DEBUG] [FML/]: Found a candidate zip or jar file CoFHCore-[1.7.10]3.1.4-329.jar
[14:13:22] [Server thread/DEBUG] [FML/]: Found a candidate zip or jar file ComputerCraft1.75.jar
[14:13:22] [Server thread/DEBUG] [FML/]: Found a candidate zip or jar file cookingbook-mc1.7.10-1.0.140.jar
[14:13:22] [Server thread/DEBUG] [FML/]: Found a candidate zip or jar file CraftTweaker-1.7.10-3.1.0-legacy.jar
[14:13:22] [Server thread/DEBUG] [FML/]: Found a candidate zip or jar file CustomMainMenu-MC1.7.10-1.9.2.jar
[14:13:22] [Server thread/DEBUG] [FML/]: Found a candidate zip or jar file Draconic-Evolution-1.7.10-1.0.2h.jar
[14:13:22] [Server thread/DEBUG] [FML/]: Found a candidate zip or jar file EnderCore-1.7.10-0.2.0.40_beta.jar
[14:13:22] [Server thread/DEBUG] [FML/]: Found a candidate zip or jar file EnderIO-1.7.10-2.3.0.430_beta.jar
[14:13:22] [Server thread/DEBUG] [FML/]: Found a candidate zip or jar file EnderTanks-rev16-beta1.jar
[14:13:22] [Server thread/DEBUG] [FML/]: Found a candidate zip or jar file EnergyControl-1.7.10-0.3.6.jar
[14:13:22] [Server thread/DEBUG] [FML/]: Found a candidate zip or jar file extrautilities-1.2.12.jar
[14:13:22] [Server thread/DEBUG] [FML/]: Found a candidate zip or jar file FastLeafDecay-1.7.10-1.4.jar
[14:13:22] [Server thread/DEBUG] [FML/]: Found a candidate zip or jar file forestry_1.7.10-4.2.16.64.jar
[14:13:22] [Server thread/DEBUG] [FML/]: Found a candidate zip or jar file FTBLib-1.7.10-1.0.18.3.jar
[14:13:22] [Server thread/DEBUG] [FML/]: Found a candidate zip or jar file FTBTweaks-1.0.2.jar
[14:13:22] [Server thread/DEBUG] [FML/]: Found a candidate zip or jar file FTBUtilities-1.7.10-1.0.18.3.jar
[14:13:22] [Server thread/DEBUG] [FML/]: Found a candidate zip or jar file gtnhmixins-2.1.2.jar
[14:13:22] [Server thread/DEBUG] [FML/]: Found a candidate zip or jar file HBM-NTM-[1.0.27_X5193].jar
[14:13:22] [Server thread/DEBUG] [FML/]: Found a candidate mod directory ic2
[14:13:22] [Server thread/DEBUG] [FML/]: Found a candidate zip or jar file IC2NuclearControl-2.4.5a.jar
[14:13:22] [Server thread/DEBUG] [FML/]: Found a candidate zip or jar file ImmersiveEngineering-0.7.7.jar
[14:13:22] [Server thread/DEBUG] [FML/]: Found a candidate zip or jar file immersiveintegration-0.6.8.jar
[14:13:22] [Server thread/DEBUG] [FML/]: Found a candidate zip or jar file industrialcraft-2-2.2.827-experimental.jar
[14:13:22] [Server thread/DEBUG] [FML/]: Found a candidate zip or jar file industrialperipheral-1.7.10-1.02public-universal.jar
[14:13:22] [Server thread/DEBUG] [FML/]: Found a candidate zip or jar file LibVulpes-1.7.10-0.2.8-37-universal.jar
[14:13:22] [Server thread/DEBUG] [FML/]: Found a candidate zip or jar file malisiscore-1.7.10-0.14.3.jar
[14:13:22] [Server thread/DEBUG] [FML/]: Found a candidate zip or jar file malisisdoors-1.7.10-1.13.2.jar
[14:13:22] [Server thread/DEBUG] [FML/]: Found a candidate zip or jar file mcjtylib-1.8.1.jar
[14:13:22] [Server thread/DEBUG] [FML/]: Found a candidate zip or jar file Mekanism-1.7.10-9.1.1.1031.jar
[14:13:22] [Server thread/DEBUG] [FML/]: Found a candidate zip or jar file MekanismGenerators-1.7.10-9.1.1.1031.jar
[14:13:22] [Server thread/DEBUG] [FML/]: Found a candidate zip or jar file MekanismTools-1.7.10-9.1.1.1031.jar
[14:13:22] [Server thread/DEBUG] [FML/]: Found a candidate zip or jar file Minecraft Flight Simulator-1.7.10-7.1.3.jar
[14:13:22] [Server thread/DEBUG] [FML/]: Found a candidate zip or jar file MineFactoryReloaded-[1.7.10]2.8.1-174.jar
[14:13:22] [Server thread/DEBUG] [FML/]: Found a candidate zip or jar file ModTweaker2-0.9.6.jar
[14:13:22] [Server thread/DEBUG] [FML/]: Found a candidate zip or jar file Monoblocks-11.6.jar
[14:13:22] [Server thread/DEBUG] [FML/]: Found a candidate zip or jar file MrCrayfishFurnitureModv3.4.7(1.7.10).jar
[14:13:22] [Server thread/DEBUG] [FML/]: Found a candidate zip or jar file NuclearCraft-1.9g--1.7.10.jar
[14:13:22] [Server thread/DEBUG] [FML/]: Found a candidate mod directory OCSLua
[14:13:22] [Server thread/DEBUG] [FML/]: Found a candidate zip or jar file OpenBlocks-1.7.10-1.6.jar
[14:13:22] [Server thread/DEBUG] [FML/]: Found a candidate zip or jar file OpenComputers-MC1.7.10-1.8.7+7fecb07-universal.jar
[14:13:22] [Server thread/TRACE] [FML/]: Skipping already parsed coremod or tweaker OpenEye-1.7.10-0.8.jar
[14:13:22] [Server thread/DEBUG] [FML/]: Found a candidate zip or jar file OpenModsLib-1.7.10-0.10.1.jar
[14:13:22] [Server thread/DEBUG] [FML/]: Found a candidate zip or jar file OpenModularTurrets-1.7.10-2.3.7.jar
[14:13:22] [Server thread/DEBUG] [FML/]: Found a candidate zip or jar file OpenPeripheralAddons-1.7.10-0.6.jar
[14:13:22] [Server thread/DEBUG] [FML/]: Found a candidate zip or jar file OpenPeripheralCore-1.7.10-1.4.jar
[14:13:22] [Server thread/DEBUG] [FML/]: Found a candidate zip or jar file OpenPeripheralIntegration-1.7.10-0.6.jar
[14:13:22] [Server thread/DEBUG] [FML/]: Found a candidate mod directory OpenSecurity
[14:13:22] [Server thread/DEBUG] [FML/]: Found a candidate zip or jar file OpenSecurity-1.7.10-1.0-117.jar
[14:13:22] [Server thread/DEBUG] [FML/]: Found a candidate zip or jar file p455w0rdslib-1.7.10-1.0.4.jar
[14:13:22] [Server thread/DEBUG] [FML/]: Found a candidate zip or jar file PhysicaCore-1.7.10-1.5.6-0.jar
[14:13:22] [Server thread/DEBUG] [FML/]: Found a candidate zip or jar file PhysicaNuclearPhysics-1.7.10-1.5.6-0.jar
[14:13:22] [Server thread/DEBUG] [FML/]: Found a candidate zip or jar file PowerConverters-1.7.10-2.11.jar
[14:13:22] [Server thread/DEBUG] [FML/]: Found a candidate zip or jar file pressure-1.3.0.fix1-mc1.7.10.jar
[14:13:22] [Server thread/DEBUG] [FML/]: Found a candidate zip or jar file ProjectRed-1.7.10-4.7.0pre12.95-Base.jar
[14:13:22] [Server thread/DEBUG] [FML/]: Found a candidate zip or jar file ProjectRed-1.7.10-4.7.0pre12.95-Compat.jar
[14:13:22] [Server thread/DEBUG] [FML/]: Found a candidate zip or jar file ProjectRed-1.7.10-4.7.0pre12.95-Fabrication.jar
[14:13:22] [Server thread/DEBUG] [FML/]: Found a candidate zip or jar file ProjectRed-1.7.10-4.7.0pre12.95-Integration.jar
[14:13:22] [Server thread/DEBUG] [FML/]: Found a candidate zip or jar file ProjectRed-1.7.10-4.7.0pre12.95-Lighting.jar
[14:13:22] [Server thread/DEBUG] [FML/]: Found a candidate zip or jar file ProjectRed-1.7.10-4.7.0pre12.95-Mechanical.jar
[14:13:22] [Server thread/DEBUG] [FML/]: Found a candidate zip or jar file ProjectRed-1.7.10-4.7.0pre12.95-World.jar
[14:13:22] [Server thread/DEBUG] [FML/]: Found a candidate zip or jar file Railcraft_1.7.10-9.12.2.0.jar
[14:13:22] [Server thread/DEBUG] [FML/]: Found a candidate zip or jar file ResourceLoader-MC1.7.10-1.3.jar
[14:13:22] [Server thread/DEBUG] [FML/]: Found a candidate zip or jar file rftools-4.23.jar
[14:13:22] [Server thread/DEBUG] [FML/]: Found a candidate zip or jar file ShetiPhianCore-1.7.10-3.0.0.jar
[14:13:22] [Server thread/DEBUG] [FML/]: Found a candidate zip or jar file SignPicture-1.7.10-2.8.0-universal.jar
[14:13:22] [Server thread/DEBUG] [FML/]: Found a candidate zip or jar file spark-1.10.19-forge1710.jar
[14:13:22] [Server thread/DEBUG] [FML/]: Found a candidate zip or jar file StorageDrawers-1.7.10-1.10.9.jar
[14:13:22] [Server thread/DEBUG] [FML/]: Found a candidate zip or jar file SVM-1.7.10-2.1.0.jar
[14:13:22] [Server thread/DEBUG] [FML/]: Found a candidate zip or jar file ThermalDynamics-[1.7.10]1.2.1-172.jar
[14:13:22] [Server thread/DEBUG] [FML/]: Found a candidate zip or jar file ThermalExpansion-[1.7.10]4.1.5-248.jar
[14:13:22] [Server thread/DEBUG] [FML/]: Found a candidate zip or jar file ThermalFoundation-[1.7.10]1.2.6-118.jar
[14:13:22] [Server thread/DEBUG] [FML/]: Found a candidate zip or jar file Waila-1.5.10_1.7.10.jar
[14:13:22] [Server thread/DEBUG] [FML/]: Found a candidate zip or jar file WailaHarvestability-mc1.7.10-1.1.6.jar
[14:13:22] [Server thread/DEBUG] [FML/]: Found a candidate zip or jar file Waystones-mc1.7.10-1.0.12.jar
[14:13:22] [Server thread/DEBUG] [FML/]: Found a candidate zip or jar file WirelessCraftingTerminal-1.7.10-rv3-1.8.7.4b.jar
[14:13:22] [Server thread/DEBUG] [FML/]: Found a candidate zip or jar file worldedit-forge-mc1.7.10-6.1.1-dist.jar
[14:13:22] [Server thread/INFO] [FML/]: Also searching /home/deck/Desktop/server/mods/1.7.10 for mods
[14:13:22] [Server thread/DEBUG] [FML/]: Found a candidate zip or jar file CodeChickenLib-1.7.10-1.1.3.141-universal.jar
[14:13:22] [Server thread/DEBUG] [FML/]: Found a candidate zip or jar file ForgeMultipart-1.7.10-1.2.0.345-universal.jar
[14:13:22] [Server thread/DEBUG] [FML/]: Found a candidate zip or jar file ForgeRelocation-0.0.1.4-universal.jar
[14:13:22] [Server thread/DEBUG] [FML/]: Found a candidate zip or jar file ForgeRelocationFMP-0.0.1.2-universal.jar
[14:13:22] [Server thread/DEBUG] [FML/]: Found a candidate zip or jar file MrTJPCore-1.1.0.33-universal.jar
[14:13:22] [Server thread/DEBUG] [FML/]: Examining file forge-1.7.10-10.13.4.1614-1.7.10-universal.jar for potential mods
[14:13:22] [Server thread/DEBUG] [FML/]: The mod container forge-1.7.10-10.13.4.1614-1.7.10-universal.jar appears to be missing an mcmod.info file
[14:13:22] [Server thread/DEBUG] [FML/]: Examining file CodeChickenLib-1.7.10-1.1.3.141-universal.jar for potential mods
[14:13:22] [Server thread/DEBUG] [FML/]: The mod container CodeChickenLib-1.7.10-1.1.3.141-universal.jar appears to be missing an mcmod.info file
[14:13:22] [Server thread/DEBUG] [FML/]: Examining file EJML-core-0.26.jar for potential mods
[14:13:22] [Server thread/DEBUG] [FML/]: The mod container EJML-core-0.26.jar appears to be missing an mcmod.info file
[14:13:22] [Server thread/DEBUG] [FML/]: Examining directory 1.7.10 for potential mods
[14:13:22] [Server thread/DEBUG] [FML/]: No mcmod.info file found in directory 1.7.10
[14:13:22] [Server thread/DEBUG] [FML/]: Examining file [1.7.10] SecurityCraft v1.8.13.jar for potential mods
[14:13:22] [Server thread/DEBUG] [FML/]: The mod container [1.7.10] SecurityCraft v1.8.13.jar appears to be missing an mcmod.info file
[14:13:22] [Server thread/DEBUG] [FML/]: Identified a mod of type Lcpw/mods/fml/common/Mod; (net.geforcemods.securitycraft.SecurityCraft) - loading
[14:13:22] [Server thread/TRACE] [securitycraft/]: Parsed dependency info : [Forge@[10.13.4.1558,)] [Forge@[10.13.4.1558,), LookingGlass@[0.2.0.01,)] []
[14:13:22] [Server thread/DEBUG] [FML/]: Examining file ActuallyAdditions-1.7.10-r21.jar for potential mods
[14:13:22] [Server thread/TRACE] [FML/]: Located mcmod.info file in file ActuallyAdditions-1.7.10-r21.jar
[14:13:22] [Server thread/DEBUG] [FML/]: Identified a mod of type Lcpw/mods/fml/common/Mod; (de.ellpeck.actuallyadditions.mod.ActuallyAdditions) - loading
[14:13:22] [Server thread/TRACE] [ActuallyAdditions/]: Parsed dependency info : [] [BuildCraft|Energy] []
[14:13:22] [Server thread/DEBUG] [FML/]: Examining file additionalpipes-4.7.7.jar for potential mods
[14:13:22] [Server thread/TRACE] [FML/]: Located mcmod.info file in file additionalpipes-4.7.7.jar
[14:13:22] [Server thread/DEBUG] [FML/]: Identified a mod of type Lcpw/mods/fml/common/Mod; (buildcraft.additionalpipes.AdditionalPipes) - loading
[14:13:22] [Server thread/TRACE] [additionalpipes/]: Parsed dependency info : [] [BuildCraft|Transport[7.1.18,), BuildCraft|Silicon, BuildCraft|Transport, BuildCraft|Factory, LogisticsPipes] []
[14:13:23] [Server thread/DEBUG] [FML/]: Examining file AdvancedRocketry-1.7.10-1.4.0-32.jar for potential mods
[14:13:23] [Server thread/TRACE] [FML/]: Located mcmod.info file in file AdvancedRocketry-1.7.10-1.4.0-32.jar
[14:13:23] [Server thread/DEBUG] [FML/]: Identified a mod of type Lcpw/mods/fml/common/Mod; (zmaster587.advancedRocketry.AdvancedRocketry) - loading
[14:13:23] [Server thread/TRACE] [advancedRocketry/]: Parsed dependency info : [libVulpes@[0.2.5,)] [libVulpes@[0.2.5,)] []
[14:13:23] [Server thread/DEBUG] [FML/]: Examining file ae2stuff-0.5.0.56-mc1.7.10.jar for potential mods
[14:13:23] [Server thread/TRACE] [FML/]: Located mcmod.info file in file ae2stuff-0.5.0.56-mc1.7.10.jar
[14:13:23] [Server thread/DEBUG] [FML/]: Identified a mod of type Lcpw/mods/fml/common/Mod; (net.bdew.ae2stuff.AE2Stuff) - loading
[14:13:23] [Server thread/TRACE] [ae2stuff/]: Parsed dependency info : [appliedenergistics2, bdlib@[1.9.2.104,)] [appliedenergistics2, bdlib@[1.9.2.104,)] []
[14:13:23] [Server thread/DEBUG] [FML/]: Examining file AirPort-[1.7.10]-2.4.6.jar for potential mods
[14:13:23] [Server thread/TRACE] [FML/]: Located mcmod.info file in file AirPort-[1.7.10]-2.4.6.jar
[14:13:23] [Server thread/DEBUG] [FML/]: Identified a mod of type Lcpw/mods/fml/common/Mod; (airportlight.ModAirPortLight) - loading
[14:13:23] [Server thread/TRACE] [AirPortLight/]: Parsed dependency info : [] [] []
[14:13:23] [Server thread/DEBUG] [FML/]: Examining file appliedenergistics2-rv3-beta-6.jar for potential mods
[14:13:23] [Server thread/TRACE] [FML/]: Located mcmod.info file in file appliedenergistics2-rv3-beta-6.jar
[14:13:23] [Server thread/DEBUG] [FML/]: Identified a mod of type Lcpw/mods/fml/common/Mod; (appeng.core.AppEng) - loading
[14:13:23] [Server thread/TRACE] [appliedenergistics2/]: Parsed dependency info : [Forge@[10.13.4.1448,)] [appliedenergistics2-core, Forge@[10.13.4.1448,)] []
[14:13:24] [Server thread/DEBUG] [FML/]: Examining file Aroma1997Core-1.7.10-1.0.2.16.jar for potential mods
[14:13:24] [Server thread/TRACE] [FML/]: Located mcmod.info file in file Aroma1997Core-1.7.10-1.0.2.16.jar
[14:13:24] [Server thread/DEBUG] [FML/]: Identified a mod of type Lcpw/mods/fml/common/Mod; (aroma1997.core.helper.Aroma1997CoreHelper) - loading
[14:13:24] [Server thread/TRACE] [Aroma1997CoreHelper/]: Parsed dependency info : [] [] []
[14:13:24] [Server thread/DEBUG] [Aroma1997CoreHelper/]: Attempting to load the file version.properties from Aroma1997Core-1.7.10-1.0.2.16.jar to locate a version number for Aroma1997CoreHelper
[14:13:24] [Server thread/WARN] [Aroma1997CoreHelper/]: Mod Aroma1997CoreHelper is missing the required element 'version' and a version.properties file could not be found. Falling back to metadata version 1.0.2.16
[14:13:24] [Server thread/DEBUG] [FML/]: Examining file AromaBackup-1.7.10-0.1.0.0.jar for potential mods
[14:13:24] [Server thread/TRACE] [FML/]: Located mcmod.info file in file AromaBackup-1.7.10-0.1.0.0.jar
[14:13:24] [Server thread/DEBUG] [FML/]: Identified a mod of type Lcpw/mods/fml/common/Mod; (aroma1997.backup.AromaBackup) - loading
[14:13:24] [Server thread/TRACE] [AromaBackup/]: Parsed dependency info : [Aroma1997Core] [Aroma1997Core] []
[14:13:24] [Server thread/DEBUG] [AromaBackup/]: Attempting to load the file version.properties from AromaBackup-1.7.10-0.1.0.0.jar to locate a version number for AromaBackup
[14:13:24] [Server thread/WARN] [AromaBackup/]: Mod AromaBackup is missing the required element 'version' and a version.properties file could not be found. Falling back to metadata version 0.1.0.0
[14:13:24] [Server thread/DEBUG] [FML/]: Identified a mod of type Lcpw/mods/fml/common/Mod; (aroma1997.backup.recovery.AromaBackupRecovery) - loading
[14:13:24] [Server thread/TRACE] [AromaBackupRecovery/]: Parsed dependency info : [AromaBackup, Aroma1997Core] [AromaBackup, Aroma1997Core] []
[14:13:24] [Server thread/DEBUG] [AromaBackupRecovery/]: Attempting to load the file version.properties from AromaBackup-1.7.10-0.1.0.0.jar to locate a version number for AromaBackupRecovery
[14:13:24] [Server thread/WARN] [AromaBackupRecovery/]: Mod AromaBackupRecovery is missing the required element 'version' and no fallback can be found. Substituting '1.0'.
[14:13:24] [Server thread/DEBUG] [FML/]: Examining file bdlib-1.9.5.1-mc1.7.10.jar for potential mods
[14:13:24] [Server thread/TRACE] [FML/]: Located mcmod.info file in file bdlib-1.9.5.1-mc1.7.10.jar
[14:13:24] [Server thread/DEBUG] [FML/]: Identified a mod of type Lcpw/mods/fml/common/Mod; (net.bdew.lib.BdLib) - loading
[14:13:24] [Server thread/TRACE] [bdlib/]: Parsed dependency info : [] [] []
[14:13:24] [Server thread/DEBUG] [FML/]: Examining file BetterQuesting-3.0.328.jar for potential mods
[14:13:24] [Server thread/TRACE] [FML/]: Located mcmod.info file in file BetterQuesting-3.0.328.jar
[14:13:24] [Server thread/DEBUG] [FML/]: Identified a mod of type Lcpw/mods/fml/common/Mod; (betterquesting.core.BetterQuesting) - loading
[14:13:24] [Server thread/TRACE] [betterquesting/]: Parsed dependency info : [] [] []
[14:13:24] [Server thread/DEBUG] [betterquesting/]: Attempting to load the file version.properties from BetterQuesting-3.0.328.jar to locate a version number for betterquesting
[14:13:24] [Server thread/WARN] [betterquesting/]: Mod betterquesting is missing the required element 'version' and a version.properties file could not be found. Falling back to metadata version 3.0.328
[14:13:24] [Server thread/DEBUG] [FML/]: Examining file BiblioCraft[v1.11.7][MC1.7.10].jar for potential mods
[14:13:24] [Server thread/TRACE] [FML/]: Located mcmod.info file in file BiblioCraft[v1.11.7][MC1.7.10].jar
[14:13:24] [Server thread/DEBUG] [FML/]: Identified a mod of type Lcpw/mods/fml/common/Mod; (jds.bibliocraft.BiblioCraft) - loading
[14:13:24] [Server thread/TRACE] [BiblioCraft/]: Parsed dependency info : [] [] []
[14:13:24] [Server thread/DEBUG] [FML/]: Examining file BlueIceV1.0.jar for potential mods
[14:13:24] [Server thread/TRACE] [FML/]: Located mcmod.info file in file BlueIceV1.0.jar
[14:13:24] [Server thread/DEBUG] [FML/]: Identified a mod of type Lcpw/mods/fml/common/Mod; (com.snowyshiro.blueice.blocks.BlueIceMod) - loading
[14:13:24] [Server thread/TRACE] [blueice/]: Parsed dependency info : [] [] []
[14:13:24] [Server thread/DEBUG] [FML/]: Examining file BrandonsCore-1.0.0.12.jar for potential mods
[14:13:24] [Server thread/TRACE] [FML/]: Located mcmod.info file in file BrandonsCore-1.0.0.12.jar
[14:13:24] [Server thread/DEBUG] [FML/]: Identified a mod of type Lcpw/mods/fml/common/Mod; (com.brandon3055.brandonscore.BrandonsCore) - loading
[14:13:24] [Server thread/TRACE] [BrandonsCore/]: Parsed dependency info : [] [] []
[14:13:24] [Server thread/DEBUG] [FML/]: Examining file buildcraft-7.1.25.jar for potential mods
[14:13:24] [Server thread/TRACE] [FML/]: Located mcmod.info file in file buildcraft-7.1.25.jar
[14:13:24] [Server thread/DEBUG] [FML/]: Identified a mod of type Lcpw/mods/fml/common/Mod; (buildcraft.BuildCraftBuilders) - loading
[14:13:24] [Server thread/TRACE] [BuildCraft|Builders/]: Parsed dependency info : [BuildCraft|Core@7.1.25] [BuildCraft|Core@7.1.25] []
[14:13:24] [Server thread/DEBUG] [FML/]: Identified a mod of type Lcpw/mods/fml/common/Mod; (buildcraft.BuildCraftRobotics) - loading
[14:13:24] [Server thread/TRACE] [BuildCraft|Robotics/]: Parsed dependency info : [BuildCraft|Core@7.1.25] [BuildCraft|Core@7.1.25] []
[14:13:24] [Server thread/DEBUG] [FML/]: Identified a mod of type Lcpw/mods/fml/common/Mod; (buildcraft.BuildCraftSilicon) - loading
[14:13:24] [Server thread/TRACE] [BuildCraft|Silicon/]: Parsed dependency info : [BuildCraft|Core@7.1.25] [BuildCraft|Core@7.1.25] []
[14:13:24] [Server thread/DEBUG] [FML/]: Identified a mod of type Lcpw/mods/fml/common/Mod; (buildcraft.BuildCraftEnergy) - loading
[14:13:24] [Server thread/TRACE] [BuildCraft|Energy/]: Parsed dependency info : [BuildCraft|Core@7.1.25] [BuildCraft|Core@7.1.25] []
[14:13:24] [Server thread/DEBUG] [FML/]: Identified a mod of type Lcpw/mods/fml/common/Mod; (buildcraft.BuildCraftTransport) - loading
[14:13:24] [Server thread/TRACE] [BuildCraft|Transport/]: Parsed dependency info : [BuildCraft|Core@7.1.25] [BuildCraft|Core@7.1.25] []
[14:13:24] [Server thread/DEBUG] [FML/]: Identified a mod of type Lcpw/mods/fml/common/Mod; (buildcraft.BuildCraftCore) - loading
[14:13:24] [Server thread/TRACE] [BuildCraft|Core/]: Parsed dependency info : [Forge@[10.13.2.1236,)] [Forge@[10.13.2.1236,)] []
[14:13:24] [Server thread/DEBUG] [FML/]: Identified a mod of type Lcpw/mods/fml/common/Mod; (buildcraft.BuildCraftFactory) - loading
[14:13:24] [Server thread/TRACE] [BuildCraft|Factory/]: Parsed dependency info : [BuildCraft|Core@7.1.25] [BuildCraft|Core@7.1.25] []
[14:13:24] [Server thread/DEBUG] [FML/]: Examining file CarbonConfig-1.7.10-1.2.4.jar for potential mods
[14:13:24] [Server thread/TRACE] [FML/]: Located mcmod.info file in file CarbonConfig-1.7.10-1.2.4.jar
[14:13:24] [Server thread/DEBUG] [FML/]: Identified a mod of type Lcpw/mods/fml/common/Mod; (carbonconfiglib.CarbonConfig) - loading
[14:13:24] [Server thread/TRACE] [carbonconfig/]: Parsed dependency info : [] [] []
[14:13:24] [Server thread/DEBUG] [FML/]: Examining file Carpenter's Blocks v3.3.8.2 - MC 1.7.10.jar for potential mods
[14:13:24] [Server thread/TRACE] [FML/]: Located mcmod.info file in file Carpenter's Blocks v3.3.8.2 - MC 1.7.10.jar
[14:13:24] [Server thread/DEBUG] [FML/]: Identified a mod of type Lcpw/mods/fml/common/Mod; (com.carpentersblocks.CarpentersBlocks) - loading
[14:13:24] [Server thread/TRACE] [CarpentersBlocks/]: Parsed dependency info : [Forge@[10.13.0.1180,)] [Forge@[10.13.0.1180,)] []
[14:13:24] [Server thread/DEBUG] [FML/]: Examining directory carpentersblocks for potential mods
[14:13:24] [Server thread/DEBUG] [FML/]: No mcmod.info file found in directory carpentersblocks
[14:13:24] [Server thread/DEBUG] [FML/]: Examining file ChickenChunks-1.7.10-1.3.4.19-universal.jar for potential mods
[14:13:24] [Server thread/TRACE] [FML/]: Located mcmod.info file in file ChickenChunks-1.7.10-1.3.4.19-universal.jar
[14:13:24] [Server thread/DEBUG] [FML/]: Identified a mod of type Lcpw/mods/fml/common/Mod; (codechicken.chunkloader.ChickenChunks) - loading
[14:13:24] [Server thread/TRACE] [ChickenChunks/]: Parsed dependency info : [CodeChickenCore@[1.0.3,)] [CodeChickenCore@[1.0.3,)] []
[14:13:24] [Server thread/DEBUG] [ChickenChunks/]: Attempting to load the file version.properties from ChickenChunks-1.7.10-1.3.4.19-universal.jar to locate a version number for ChickenChunks
[14:13:24] [Server thread/WARN] [ChickenChunks/]: Mod ChickenChunks is missing the required element 'version' and a version.properties file could not be found. Falling back to metadata version 1.3.4.19
[14:13:24] [Server thread/DEBUG] [FML/]: Examining file Chisel-2.9.5.11.jar for potential mods
[14:13:24] [Server thread/TRACE] [FML/]: Located mcmod.info file in file Chisel-2.9.5.11.jar
[14:13:24] [Server thread/DEBUG] [FML/]: Identified a mod of type Lcpw/mods/fml/common/Mod; (team.chisel.Chisel) - loading
[14:13:24] [Server thread/TRACE] [chisel/]: Parsed dependency info : [] [EE3, ForgeMultipart, Thaumcraft, appliedenergistics2, Railcraft, AWWayofTime, TwilightForest] []
[14:13:24] [Server thread/DEBUG] [FML/]: Examining file CoFHCore-[1.7.10]3.1.4-329.jar for potential mods
[14:13:24] [Server thread/TRACE] [FML/]: Located mcmod.info file in file CoFHCore-[1.7.10]3.1.4-329.jar
[14:13:24] [Server thread/DEBUG] [FML/]: Identified a mod of type Lcpw/mods/fml/common/Mod; (cofh.CoFHCore) - loading
[14:13:24] [Server thread/TRACE] [CoFHCore/]: Parsed dependency info : [Forge@[10.13.4.1448,10.14)] [Forge@[10.13.4.1448,10.14)] []
[14:13:24] [Server thread/DEBUG] [FML/]: Examining file ComputerCraft1.75.jar for potential mods
[14:13:24] [Server thread/TRACE] [FML/]: Located mcmod.info file in file ComputerCraft1.75.jar
[14:13:24] [Server thread/DEBUG] [FML/]: Identified a mod of type Lcpw/mods/fml/common/Mod; (dan200.computercraft.ComputerCraft) - loading
[14:13:24] [Server thread/TRACE] [ComputerCraft/]: Parsed dependency info : [] [] []
[14:13:24] [Server thread/DEBUG] [FML/]: Examining file cookingbook-mc1.7.10-1.0.140.jar for potential mods
[14:13:24] [Server thread/TRACE] [FML/]: Located mcmod.info file in file cookingbook-mc1.7.10-1.0.140.jar
[14:13:24] [Server thread/DEBUG] [FML/]: Identified a mod of type Lcpw/mods/fml/common/Mod; (net.blay09.mods.cookingbook.CookingForBlockheads) - loading
[14:13:24] [Server thread/TRACE] [cookingbook/]: Parsed dependency info : [] [] []
[14:13:24] [Server thread/DEBUG] [cookingbook/]: Attempting to load the file version.properties from cookingbook-mc1.7.10-1.0.140.jar to locate a version number for cookingbook
[14:13:24] [Server thread/WARN] [cookingbook/]: Mod cookingbook is missing the required element 'version' and a version.properties file could not be found. Falling back to metadata version 1.0.140
[14:13:24] [Server thread/DEBUG] [FML/]: Examining file CraftTweaker-1.7.10-3.1.0-legacy.jar for potential mods
[14:13:24] [Server thread/TRACE] [FML/]: Located mcmod.info file in file CraftTweaker-1.7.10-3.1.0-legacy.jar
[14:13:24] [Server thread/DEBUG] [FML/]: Identified a mod of type Lcpw/mods/fml/common/Mod; (minetweaker.mc1710.MineTweakerMod) - loading
[14:13:24] [Server thread/TRACE] [MineTweaker3/]: Parsed dependency info : [] [] []
[14:13:24] [Server thread/DEBUG] [FML/]: Examining file CustomMainMenu-MC1.7.10-1.9.2.jar for potential mods
[14:13:24] [Server thread/TRACE] [FML/]: Located mcmod.info file in file CustomMainMenu-MC1.7.10-1.9.2.jar
[14:13:24] [Server thread/DEBUG] [FML/]: Identified a mod of type Lcpw/mods/fml/common/Mod; (lumien.custommainmenu.CustomMainMenu) - loading
[14:13:24] [Server thread/TRACE] [CustomMainMenu/]: Parsed dependency info : [] [] []
[14:13:24] [Server thread/DEBUG] [FML/]: Examining file Draconic-Evolution-1.7.10-1.0.2h.jar for potential mods
[14:13:24] [Server thread/TRACE] [FML/]: Located mcmod.info file in file Draconic-Evolution-1.7.10-1.0.2h.jar
[14:13:24] [Server thread/DEBUG] [FML/]: Identified a mod of type Lcpw/mods/fml/common/Mod; (com.brandon3055.draconicevolution.DraconicEvolution) - loading
[14:13:24] [Server thread/TRACE] [DraconicEvolution/]: Parsed dependency info : [BrandonsCore@[1.0.0.11,)] [NotEnoughItems, NotEnoughItems, ThermalExpansion, ThermalFoundation, BrandonsCore@[1.0.0.11,)] []
[14:13:24] [Server thread/DEBUG] [FML/]: Examining file EnderCore-1.7.10-0.2.0.40_beta.jar for potential mods
[14:13:24] [Server thread/TRACE] [FML/]: Located mcmod.info file in file EnderCore-1.7.10-0.2.0.40_beta.jar
[14:13:24] [Server thread/DEBUG] [FML/]: Identified a mod of type Lcpw/mods/fml/common/Mod; (com.enderio.core.EnderCore) - loading
[14:13:24] [Server thread/TRACE] [endercore/]: Parsed dependency info : [] [ttCore] []
[14:13:24] [Server thread/DEBUG] [FML/]: Examining file EnderIO-1.7.10-2.3.0.430_beta.jar for potential mods
[14:13:24] [Server thread/TRACE] [FML/]: Located mcmod.info file in file EnderIO-1.7.10-2.3.0.430_beta.jar
[14:13:25] [Server thread/DEBUG] [FML/]: Identified a mod of type Lcpw/mods/fml/common/Mod; (crazypants.enderio.EnderIO) - loading
[14:13:25] [Server thread/TRACE] [EnderIO/]: Parsed dependency info : [endercore@[1.7.10-0.2.0.40_beta,), Forge@[10.13.4.1448,)] [Forge@[10.13.4.1448,), endercore@[1.7.10-0.2.0.40_beta,), MineFactoryReloaded, Waila@[1.5.10,), Thaumcraft, appliedenergistics2@[rv2-beta-8,)] []
[14:13:25] [Server thread/DEBUG] [FML/]: Examining file EnderTanks-rev16-beta1.jar for potential mods
[14:13:25] [Server thread/TRACE] [FML/]: Located mcmod.info file in file EnderTanks-rev16-beta1.jar
[14:13:25] [Server thread/DEBUG] [FML/]: Identified a mod of type Lcpw/mods/fml/common/Mod; (shetiphian.endertanks.EnderTanks) - loading
[14:13:25] [Server thread/TRACE] [EnderTanks/]: Parsed dependency info : [ShetiPhianCore@[v3,)] [ShetiPhianCore@[v3,)] []
[14:13:25] [Server thread/DEBUG] [FML/]: Examining file EnergyControl-1.7.10-0.3.6.jar for potential mods
[14:13:25] [Server thread/TRACE] [FML/]: Located mcmod.info file in file EnergyControl-1.7.10-0.3.6.jar
[14:13:25] [Server thread/DEBUG] [FML/]: Identified a mod of type Lcpw/mods/fml/common/Mod; (com.zuxelus.energycontrol.EnergyControl) - loading
[14:13:25] [Server thread/TRACE] [energycontrol/]: Parsed dependency info : [] [IC2] []
[14:13:25] [Server thread/DEBUG] [FML/]: Examining file extrautilities-1.2.12.jar for potential mods
[14:13:25] [Server thread/TRACE] [FML/]: Located mcmod.info file in file extrautilities-1.2.12.jar
[14:13:25] [Server thread/DEBUG] [FML/]: Identified a mod of type Lcpw/mods/fml/common/Mod; (com.rwtema.extrautils.ExtraUtilsMod) - loading
[14:13:25] [Server thread/TRACE] [ExtraUtilities/]: Parsed dependency info : [Forge@[10.13.2.1291,)] [Forge@[10.13.2.1291,), ForgeMultipart@[1.2.0.336,), Baubles, ThermalFoundation, EE3] [TConstruct@[1.7.10-1.8.5,)]
[14:13:25] [Server thread/DEBUG] [ExtraUtilities/]: Attempting to load the file version.properties from extrautilities-1.2.12.jar to locate a version number for ExtraUtilities
[14:13:25] [Server thread/WARN] [ExtraUtilities/]: Mod ExtraUtilities is missing the required element 'version' and a version.properties file could not be found. Falling back to metadata version 1.2.12
[14:13:25] [Server thread/DEBUG] [FML/]: Examining file FastLeafDecay-1.7.10-1.4.jar for potential mods
[14:13:25] [Server thread/TRACE] [FML/]: Located mcmod.info file in file FastLeafDecay-1.7.10-1.4.jar
[14:13:25] [Server thread/DEBUG] [FML/]: Identified a mod of type Lcpw/mods/fml/common/Mod; (com.olafski.fastleafdecay.FastLeafDecay) - loading
[14:13:25] [Server thread/TRACE] [fastleafdecay/]: Parsed dependency info : [] [] []
[14:13:25] [Server thread/DEBUG] [FML/]: Examining file forestry_1.7.10-4.2.16.64.jar for potential mods
[14:13:25] [Server thread/TRACE] [FML/]: Located mcmod.info file in file forestry_1.7.10-4.2.16.64.jar
[14:13:25] [Server thread/DEBUG] [FML/]: Identified a mod of type Lcpw/mods/fml/common/Mod; (forestry.Forestry) - loading
[14:13:25] [Server thread/TRACE] [Forestry/]: Parsed dependency info : [Forge@[10.13.4.1566,)] [Forge@[10.13.4.1566,), Buildcraft|Core@[6.1.7,), ExtrabiomesXL, BiomesOPlenty, IC2@[2.0.140,), Natura@[2.2.0,), HardcoreEnderExpansion] []
[14:13:25] [Server thread/DEBUG] [FML/]: Examining file FTBLib-1.7.10-1.0.18.3.jar for potential mods
[14:13:25] [Server thread/TRACE] [FML/]: Located mcmod.info file in file FTBLib-1.7.10-1.0.18.3.jar
[14:13:25] [Server thread/DEBUG] [FML/]: Identified a mod of type Lcpw/mods/fml/common/Mod; (ftb.lib.mod.FTBLibMod) - loading
[14:13:25] [Server thread/TRACE] [FTBL/]: Parsed dependency info : [Forge@[10.13.4.1558,)] [Forge@[10.13.4.1558,), Baubles, NotEnoughItems, Waila, MineTweaker3] []
[14:13:25] [Server thread/DEBUG] [FML/]: Examining file FTBTweaks-1.0.2.jar for potential mods
[14:13:25] [Server thread/TRACE] [FML/]: Located mcmod.info file in file FTBTweaks-1.0.2.jar
[14:13:25] [Server thread/DEBUG] [FML/]: Identified a mod of type Lcpw/mods/fml/common/Mod; (ftb.FTBT) - loading
[14:13:25] [Server thread/TRACE] [FTBT/]: Parsed dependency info : [FTBL, MineTweaker3] [MineTweaker3, FTBL] []
[14:13:25] [Server thread/DEBUG] [FML/]: Examining file FTBUtilities-1.7.10-1.0.18.3.jar for potential mods
[14:13:25] [Server thread/TRACE] [FML/]: Located mcmod.info file in file FTBUtilities-1.7.10-1.0.18.3.jar
[14:13:25] [Server thread/DEBUG] [FML/]: Identified a mod of type Lcpw/mods/fml/common/Mod; (ftb.utils.mod.FTBU) - loading
[14:13:25] [Server thread/TRACE] [FTBU/]: Parsed dependency info : [FTBL] [FTBL, Baubles, Waila] []
[14:13:25] [Server thread/DEBUG] [FML/]: Examining file gtnhmixins-2.1.2.jar for potential mods
[14:13:25] [Server thread/TRACE] [FML/]: Located mcmod.info file in file gtnhmixins-2.1.2.jar
[14:13:25] [Server thread/DEBUG] [FML/]: Identified a mod of type Lcpw/mods/fml/common/Mod; (ru.timeconqueror.spongemixins.SpongeMixins) - loading
[14:13:25] [Server thread/TRACE] [spongemixins/]: Parsed dependency info : [] [] []
[14:13:25] [Server thread/DEBUG] [FML/]: Identified a mod of type Lcpw/mods/fml/common/Mod; (com.gtnewhorizon.gtnhmixins.GTNHMixins) - loading
[14:13:25] [Server thread/TRACE] [gtnhmixins/]: Parsed dependency info : [] [] []
[14:13:26] [Server thread/DEBUG] [FML/]: Examining file HBM-NTM-[1.0.27_X5193].jar for potential mods
[14:13:26] [Server thread/TRACE] [FML/]: Located mcmod.info file in file HBM-NTM-[1.0.27_X5193].jar
[14:13:26] [Server thread/DEBUG] [FML/]: Identified a mod of type Lcpw/mods/fml/common/Mod; (com.hbm.main.MainRegistry) - loading
[14:13:26] [Server thread/TRACE] [hbm/]: Parsed dependency info : [] [] []
[14:13:26] [Server thread/DEBUG] [FML/]: Examining directory ic2 for potential mods
[14:13:26] [Server thread/DEBUG] [FML/]: No mcmod.info file found in directory ic2
[14:13:26] [Server thread/DEBUG] [FML/]: Examining file IC2NuclearControl-2.4.5a.jar for potential mods
[14:13:26] [Server thread/TRACE] [FML/]: Located mcmod.info file in file IC2NuclearControl-2.4.5a.jar
[14:13:26] [Server thread/DEBUG] [FML/]: Identified a mod of type Lcpw/mods/fml/common/Mod; (shedar.mods.ic2.nuclearcontrol.IC2NuclearControl) - loading
[14:13:26] [Server thread/TRACE] [IC2NuclearControl/]: Parsed dependency info : [IC2] [IC2] []
[14:13:26] [Server thread/DEBUG] [FML/]: Examining file ImmersiveEngineering-0.7.7.jar for potential mods
[14:13:26] [Server thread/TRACE] [FML/]: Located mcmod.info file in file ImmersiveEngineering-0.7.7.jar
[14:13:26] [Server thread/DEBUG] [FML/]: Identified a mod of type Lcpw/mods/fml/common/Mod; (blusunrize.immersiveengineering.ImmersiveEngineering) - loading
[14:13:26] [Server thread/TRACE] [ImmersiveEngineering/]: Parsed dependency info : [] [Railcraft, ThermalFoundation, Avaritia] [TConstruct]
[14:13:26] [Server thread/DEBUG] [FML/]: Examining file immersiveintegration-0.6.8.jar for potential mods
[14:13:26] [Server thread/TRACE] [FML/]: Located mcmod.info file in file immersiveintegration-0.6.8.jar
[14:13:26] [Server thread/DEBUG] [FML/]: Identified a mod of type Lcpw/mods/fml/common/Mod; (unwrittenfun.minecraft.immersiveintegration.ImmersiveIntegration) - loading
[14:13:26] [Server thread/TRACE] [immersiveintegration/]: Parsed dependency info : [ImmersiveEngineering, Forge] [Forge, ImmersiveEngineering, appliedenergistics2] []
[14:13:26] [Server thread/DEBUG] [FML/]: Examining file industrialcraft-2-2.2.827-experimental.jar for potential mods
[14:13:26] [Server thread/TRACE] [FML/]: Located mcmod.info file in file industrialcraft-2-2.2.827-experimental.jar
[14:13:26] [Server thread/DEBUG] [FML/]: Identified a mod of type Lcpw/mods/fml/common/Mod; (ic2.core.IC2) - loading
[14:13:26] [Server thread/TRACE] [IC2/]: Parsed dependency info : [Forge@[10.13.0.1200,)] [Forge@[10.13.0.1200,)] []
[14:13:26] [Server thread/DEBUG] [FML/]: Examining file industrialperipheral-1.7.10-1.02public-universal.jar for potential mods
[14:13:26] [Server thread/TRACE] [FML/]: Located mcmod.info file in file industrialperipheral-1.7.10-1.02public-universal.jar
[14:13:26] [Server thread/DEBUG] [FML/]: Identified a mod of type Lcpw/mods/fml/common/Mod; (ru.forhaxedmc.IndustrialPeripheralMain) - loading
[14:13:26] [Server thread/TRACE] [IndustrialPeripheral/]: Parsed dependency info : [IC2@[2.0,), ComputerCraft@[1.74,), Forge@[9.10,)] [ComputerCraft@[1.74,), IC2@[2.0,), Forge@[9.10,)] []
[14:13:26] [Server thread/DEBUG] [FML/]: Examining file LibVulpes-1.7.10-0.2.8-37-universal.jar for potential mods
[14:13:26] [Server thread/TRACE] [FML/]: Located mcmod.info file in file LibVulpes-1.7.10-0.2.8-37-universal.jar
[14:13:26] [Server thread/DEBUG] [FML/]: Identified a mod of type Lcpw/mods/fml/common/Mod; (zmaster587.libVulpes.LibVulpes) - loading
[14:13:26] [Server thread/TRACE] [libVulpes/]: Parsed dependency info : [] [CoFHCore, BuildCraft|Core] [gregtech]
[14:13:26] [Server thread/DEBUG] [FML/]: Examining file malisiscore-1.7.10-0.14.3.jar for potential mods
[14:13:26] [Server thread/TRACE] [FML/]: Located mcmod.info file in file malisiscore-1.7.10-0.14.3.jar
[14:13:26] [Server thread/DEBUG] [FML/]: Identified a mod of type Lcpw/mods/fml/common/Mod; (net.malisis.core.MalisisCore) - loading
[14:13:26] [Server thread/TRACE] [malisiscore/]: Parsed dependency info : [] [] []
[14:13:26] [Server thread/DEBUG] [FML/]: Examining file malisisdoors-1.7.10-1.13.2.jar for potential mods
[14:13:26] [Server thread/TRACE] [FML/]: Located mcmod.info file in file malisisdoors-1.7.10-1.13.2.jar
[14:13:26] [Server thread/DEBUG] [FML/]: Identified a mod of type Lcpw/mods/fml/common/Mod; (net.malisis.doors.MalisisDoors) - loading
[14:13:26] [Server thread/TRACE] [malisisdoors/]: Parsed dependency info : [malisiscore] [malisiscore] []
[14:13:27] [Server thread/DEBUG] [FML/]: Examining file mcjtylib-1.8.1.jar for potential mods
[14:13:27] [Server thread/TRACE] [FML/]: Located mcmod.info file in file mcjtylib-1.8.1.jar
[14:13:27] [Server thread/DEBUG] [FML/]: Examining file Mekanism-1.7.10-9.1.1.1031.jar for potential mods
[14:13:27] [Server thread/TRACE] [FML/]: Located mcmod.info file in file Mekanism-1.7.10-9.1.1.1031.jar
[14:13:27] [Server thread/DEBUG] [FML/]: Identified a mod of type Lcpw/mods/fml/common/Mod; (mekanism.common.Mekanism) - loading
[14:13:27] [Server thread/TRACE] [Mekanism/]: Parsed dependency info : [] [ForgeMultipart, BuildCraft, BuildCraftAPI, IC2, CoFHCore, ComputerCraft, Galacticraft API, MetallurgyCore] []
[14:13:27] [Server thread/DEBUG] [FML/]: Examining file MekanismGenerators-1.7.10-9.1.1.1031.jar for potential mods
[14:13:27] [Server thread/TRACE] [FML/]: Located mcmod.info file in file MekanismGenerators-1.7.10-9.1.1.1031.jar
[14:13:27] [Server thread/DEBUG] [FML/]: Identified a mod of type Lcpw/mods/fml/common/Mod; (mekanism.generators.common.MekanismGenerators) - loading
[14:13:27] [Server thread/TRACE] [MekanismGenerators/]: Parsed dependency info : [Mekanism] [Mekanism] []
[14:13:27] [Server thread/DEBUG] [FML/]: Examining file MekanismTools-1.7.10-9.1.1.1031.jar for potential mods
[14:13:27] [Server thread/TRACE] [FML/]: Located mcmod.info file in file MekanismTools-1.7.10-9.1.1.1031.jar
[14:13:27] [Server thread/DEBUG] [FML/]: Identified a mod of type Lcpw/mods/fml/common/Mod; (mekanism.tools.common.MekanismTools) - loading
[14:13:27] [Server thread/TRACE] [MekanismTools/]: Parsed dependency info : [Mekanism] [Mekanism] []
[14:13:27] [Server thread/DEBUG] [FML/]: Examining file Minecraft Flight Simulator-1.7.10-7.1.3.jar for potential mods
[14:13:27] [Server thread/DEBUG] [FML/]: The mod container Minecraft Flight Simulator-1.7.10-7.1.3.jar appears to be missing an mcmod.info file
[14:13:27] [Server thread/DEBUG] [FML/]: Identified a mod of type Lcpw/mods/fml/common/Mod; (minecraftflightsimulator.MFS) - loading
[14:13:27] [Server thread/TRACE] [mfs/]: Parsed dependency info : [] [] []
[14:13:27] [Server thread/DEBUG] [FML/]: Examining file MineFactoryReloaded-[1.7.10]2.8.1-174.jar for potential mods
[14:13:27] [Server thread/TRACE] [FML/]: Located mcmod.info file in file MineFactoryReloaded-[1.7.10]2.8.1-174.jar
[14:13:27] [Server thread/DEBUG] [FML/]: Identified a mod of type Lcpw/mods/fml/common/Mod; (powercrystals.minefactoryreloaded.MineFactoryReloadedCore) - loading
[14:13:27] [Server thread/TRACE] [MineFactoryReloaded/]: Parsed dependency info : [CoFHCore@[1.7.10R3.1.0,1.7.10R3.2.0)] [CoFHCore@[1.7.10R3.1.0,1.7.10R3.2.0)] []
[14:13:27] [Server thread/DEBUG] [FML/]: Identified a mod of type Lcofh/mod/ChildMod; (powercrystals.minefactoryreloaded.modhelpers.ae.AppliedEnergistics) - loading
[14:13:27] [Server thread/TRACE] [MineFactoryReloaded|CompatAppliedEnergistics/]: Parsed dependency info : [] [MineFactoryReloaded, appliedenergistics2] []
[14:13:27] [Server thread/DEBUG] [FML/]: Identified a mod of type Lcofh/mod/ChildMod; (powercrystals.minefactoryreloaded.modhelpers.atum.Atum) - loading
[14:13:27] [Server thread/TRACE] [MineFactoryReloaded|CompatAtum/]: Parsed dependency info : [] [MineFactoryReloaded, Atum] []
[14:13:27] [Server thread/DEBUG] [FML/]: Identified a mod of type Lcofh/mod/ChildMod; (powercrystals.minefactoryreloaded.modhelpers.backtools.BackTools) - loading
[14:13:27] [Server thread/TRACE] [MineFactoryReloaded|CompatBackTools/]: Parsed dependency info : [] [MineFactoryReloaded, mod_BackTools] []
[14:13:27] [Server thread/DEBUG] [FML/]: Identified a mod of type Lcofh/mod/ChildMod; (powercrystals.minefactoryreloaded.modhelpers.buildcraft.Buildcraft) - loading
[14:13:27] [Server thread/TRACE] [MineFactoryReloaded|CompatBuildCraft/]: Parsed dependency info : [] [MineFactoryReloaded, BuildCraft|Core] []
[14:13:27] [Server thread/DEBUG] [FML/]: Identified a mod of type Lcofh/mod/ChildMod; (powercrystals.minefactoryreloaded.modhelpers.chococraft.Chococraft) - loading
[14:13:27] [Server thread/TRACE] [MineFactoryReloaded|CompatChococraft/]: Parsed dependency info : [MineFactoryReloaded] [MineFactoryReloaded, chococraft] []
[14:13:27] [Server thread/DEBUG] [FML/]: Identified a mod of type Lcofh/mod/ChildMod; (powercrystals.minefactoryreloaded.modhelpers.extrabiomes.ExtraBiomes) - loading
[14:13:27] [Server thread/TRACE] [MineFactoryReloaded|CompatExtraBiomes/]: Parsed dependency info : [] [MineFactoryReloaded, ExtrabiomesXL] []
[14:13:27] [Server thread/DEBUG] [FML/]: Identified a mod of type Lcofh/mod/ChildMod; (powercrystals.minefactoryreloaded.modhelpers.forestry.Forestry) - loading
[14:13:27] [Server thread/TRACE] [MineFactoryReloaded|CompatForestry/]: Parsed dependency info : [] [MineFactoryReloaded, Forestry] []
[14:13:27] [Server thread/DEBUG] [FML/]: Identified a mod of type Lcofh/mod/ChildMod; (powercrystals.minefactoryreloaded.modhelpers.forgemultiparts.FMP) - loading
[14:13:27] [Server thread/TRACE] [MineFactoryReloaded|CompatForgeMicroblock/]: Parsed dependency info : [] [MineFactoryReloaded] []
[14:13:27] [Server thread/DEBUG] [FML/]: Identified a mod of type Lcofh/mod/ChildMod; (powercrystals.minefactoryreloaded.modhelpers.ic2.IC2) - loading
[14:13:27] [Server thread/TRACE] [MineFactoryReloaded|CompatIC2/]: Parsed dependency info : [] [MineFactoryReloaded, IC2] []
[14:13:27] [Server thread/DEBUG] [FML/]: Identified a mod of type Lcofh/mod/ChildMod; (powercrystals.minefactoryreloaded.modhelpers.projectred.ProjectRedCompat) - loading
[14:13:27] [Server thread/TRACE] [MineFactoryReloaded|CompatProjRed/]: Parsed dependency info : [] [MineFactoryReloaded, ProjRed|Core, ProjRed|Exploration] []
[14:13:27] [Server thread/DEBUG] [FML/]: Identified a mod of type Lcofh/mod/ChildMod; (powercrystals.minefactoryreloaded.modhelpers.railcraft.Railcraft) - loading
[14:13:27] [Server thread/TRACE] [MineFactoryReloaded|CompatRailcraft/]: Parsed dependency info : [] [MineFactoryReloaded, Railcraft] []
[14:13:27] [Server thread/DEBUG] [FML/]: Identified a mod of type Lcofh/mod/ChildMod; (powercrystals.minefactoryreloaded.modhelpers.sufficientbiomes.SufficientBiomes) - loading
[14:13:27] [Server thread/TRACE] [MineFactoryReloaded|CompatSufficientBiomes/]: Parsed dependency info : [] [MineFactoryReloaded, EmasherWorldGen] []
[14:13:27] [Server thread/DEBUG] [FML/]: Identified a mod of type Lcofh/mod/ChildMod; (powercrystals.minefactoryreloaded.modhelpers.thaumcraft.Thaumcraft) - loading
[14:13:27] [Server thread/TRACE] [MineFactoryReloaded|CompatThaumcraft/]: Parsed dependency info : [] [MineFactoryReloaded, Thaumcraft] []
[14:13:27] [Server thread/DEBUG] [FML/]: Identified a mod of type Lcofh/mod/ChildMod; (powercrystals.minefactoryreloaded.modhelpers.thermalexpansion.ThermalExpansion) - loading
[14:13:27] [Server thread/TRACE] [MineFactoryReloaded|CompatThermalExpansion/]: Parsed dependency info : [] [MineFactoryReloaded, ThermalExpansion] []
[14:13:27] [Server thread/DEBUG] [FML/]: Identified a mod of type Lcofh/mod/ChildMod; (powercrystals.minefactoryreloaded.modhelpers.tinkersconstruct.TConstruct) - loading
[14:13:27] [Server thread/TRACE] [MineFactoryReloaded|CompatTConstruct/]: Parsed dependency info : [] [MineFactoryReloaded, TConstruct] []
[14:13:27] [Server thread/DEBUG] [FML/]: Identified a mod of type Lcofh/mod/ChildMod; (powercrystals.minefactoryreloaded.modhelpers.twilightforest.TwilightForest) - loading
[14:13:27] [Server thread/TRACE] [MineFactoryReloaded|CompatTwilightForest/]: Parsed dependency info : [] [MineFactoryReloaded, TwilightForest] []
[14:13:27] [Server thread/DEBUG] [FML/]: Identified a mod of type Lcpw/mods/fml/common/Mod; (powercrystals.minefactoryreloaded.modhelpers.vanilla.Vanilla) - loading
[14:13:27] [Server thread/TRACE] [MineFactoryReloaded|CompatVanilla/]: Parsed dependency info : [] [MineFactoryReloaded] []
[14:13:27] [Server thread/DEBUG] [FML/]: Examining file ModTweaker2-0.9.6.jar for potential mods
[14:13:27] [Server thread/TRACE] [FML/]: Located mcmod.info file in file ModTweaker2-0.9.6.jar
[14:13:27] [Server thread/DEBUG] [FML/]: Identified a mod of type Lcpw/mods/fml/common/Mod; (modtweaker2.ModTweaker2) - loading
[14:13:27] [Server thread/TRACE] [modtweaker2/]: Parsed dependency info : [MineTweaker3] [MineTweaker3, Forestry@[4.1.0,)] []
[14:13:27] [Server thread/DEBUG] [FML/]: Examining file Monoblocks-11.6.jar for potential mods
[14:13:27] [Server thread/TRACE] [FML/]: Located mcmod.info file in file Monoblocks-11.6.jar
[14:13:27] [Server thread/DEBUG] [FML/]: Identified a mod of type Lcpw/mods/fml/common/Mod; (com.monoblocks.Monoblocks) - loading
[14:13:27] [Server thread/TRACE] [Monoblocks/]: Parsed dependency info : [] [] []
[14:13:27] [Server thread/DEBUG] [FML/]: Identified a mod of type Lcpw/mods/fml/common/Mod; (com.monoblocks.MonoblocksMultipart) - loading
[14:13:27] [Server thread/TRACE] [MonoblocksMultipart/]: Parsed dependency info : [] [Monoblocks] []
[14:13:27] [Server thread/INFO] [MonoblocksMultipart/]: Mod MonoblocksMultipart is missing the required element 'name'. Substituting MonoblocksMultipart
[14:13:27] [Server thread/DEBUG] [FML/]: Examining file MrCrayfishFurnitureModv3.4.7(1.7.10).jar for potential mods
[14:13:27] [Server thread/TRACE] [FML/]: Located mcmod.info file in file MrCrayfishFurnitureModv3.4.7(1.7.10).jar
[14:13:27] [Server thread/DEBUG] [FML/]: Identified a mod of type Lcpw/mods/fml/common/Mod; (com.mrcrayfish.furniture.MrCrayfishFurnitureMod) - loading
[14:13:27] [Server thread/TRACE] [cfm/]: Parsed dependency info : [] [] []
[14:13:27] [Server thread/DEBUG] [FML/]: Examining file NuclearCraft-1.9g--1.7.10.jar for potential mods
[14:13:27] [Server thread/TRACE] [FML/]: Located mcmod.info file in file NuclearCraft-1.9g--1.7.10.jar
[14:13:27] [Server thread/DEBUG] [FML/]: Identified a mod of type Lcpw/mods/fml/common/Mod; (nc.NuclearCraft) - loading
[14:13:27] [Server thread/TRACE] [NuclearCraft/]: Parsed dependency info : [] [] []
[14:13:27] [Server thread/DEBUG] [FML/]: Examining directory OCSLua for potential mods
[14:13:27] [Server thread/DEBUG] [FML/]: No mcmod.info file found in directory OCSLua
[14:13:27] [Server thread/TRACE] [FML/]: Recursing into package industrialperipheral
[14:13:27] [Server thread/TRACE] [FML/]: Recursing into package industrialperipheral.lua
[14:13:27] [Server thread/DEBUG] [FML/]: Examining file OpenBlocks-1.7.10-1.6.jar for potential mods
[14:13:27] [Server thread/TRACE] [FML/]: Located mcmod.info file in file OpenBlocks-1.7.10-1.6.jar
[14:13:27] [Server thread/DEBUG] [FML/]: Identified a mod of type Lcpw/mods/fml/common/Mod; (openblocks.OpenBlocks) - loading
[14:13:27] [Server thread/TRACE] [OpenBlocks/]: Parsed dependency info : [OpenMods@[0.10,0.11)] [OpenMods@[0.10,0.11)] []
[14:13:27] [Server thread/DEBUG] [FML/]: Examining file OpenComputers-MC1.7.10-1.8.7+7fecb07-universal.jar for potential mods
[14:13:27] [Server thread/TRACE] [FML/]: Located mcmod.info file in file OpenComputers-MC1.7.10-1.8.7+7fecb07-universal.jar
[14:13:28] [Server thread/DEBUG] [FML/]: Identified a mod of type Lcpw/mods/fml/common/Mod; (li.cil.oc.OpenComputers) - loading
[14:13:28] [Server thread/TRACE] [OpenComputers/]: Using mcmod dependency info : [Forge@[10.13.0.1180,)] [BuildCraft|Core, ComputerCraft, EnderStorage, ForgeMultipart, IC2, MineFactoryReloaded, ProjRed|Transmission, RedLogic, StargateTech2, Thaumcraft, ThermalExpansion] []
[14:13:28] [Server thread/DEBUG] [FML/]: Examining file OpenModsLib-1.7.10-0.10.1.jar for potential mods
[14:13:28] [Server thread/TRACE] [FML/]: Located mcmod.info file in file OpenModsLib-1.7.10-0.10.1.jar
[14:13:28] [Server thread/DEBUG] [FML/]: Identified a mod of type Lcpw/mods/fml/common/Mod; (openmods.OpenMods) - loading
[14:13:28] [Server thread/TRACE] [OpenMods/]: Parsed dependency info : [OpenModsCore] [OpenModsCore] []
[14:13:28] [Server thread/DEBUG] [FML/]: Examining file OpenModularTurrets-1.7.10-2.3.7.jar for potential mods
[14:13:28] [Server thread/TRACE] [FML/]: Located mcmod.info file in file OpenModularTurrets-1.7.10-2.3.7.jar
[14:13:28] [Server thread/DEBUG] [FML/]: Identified a mod of type Lcpw/mods/fml/common/Mod; (openmodularturrets.ModularTurrets) - loading
[14:13:28] [Server thread/TRACE] [openmodularturrets/]: Parsed dependency info : [] [ThermalFoundation, ThermalExpansion, OpenComputers, ComputerCraft, Mekanism, EnderIO, Thaumcraft] []
[14:13:28] [Server thread/DEBUG] [FML/]: Examining file OpenPeripheralAddons-1.7.10-0.6.jar for potential mods
[14:13:28] [Server thread/TRACE] [FML/]: Located mcmod.info file in file OpenPeripheralAddons-1.7.10-0.6.jar
[14:13:28] [Server thread/DEBUG] [FML/]: Identified a mod of type Lcpw/mods/fml/common/Mod; (openperipheral.addons.OpenPeripheralAddons) - loading
[14:13:28] [Server thread/TRACE] [OpenPeripheral/]: Parsed dependency info : [OpenPeripheralApi@3.4.2, OpenMods@[0.10,0.11)] [OpenMods@[0.10,0.11), OpenPeripheralApi@3.4.2, ComputerCraft@[1.70,]] []
[14:13:28] [Server thread/DEBUG] [FML/]: Examining file OpenPeripheralCore-1.7.10-1.4.jar for potential mods
[14:13:28] [Server thread/TRACE] [FML/]: Located mcmod.info file in file OpenPeripheralCore-1.7.10-1.4.jar
[14:13:28] [Server thread/DEBUG] [FML/]: Identified a mod of type Lcpw/mods/fml/common/Mod; (openperipheral.OpenPeripheralCore) - loading
[14:13:28] [Server thread/TRACE] [OpenPeripheralCore/]: Parsed dependency info : [OpenMods@[0.10,0.11)] [OpenMods@[0.10,0.11), ComputerCraft@[1.70,], OpenComputers@[1.5.0,]] []
[14:13:28] [Server thread/DEBUG] [FML/]: Examining file OpenPeripheralIntegration-1.7.10-0.6.jar for potential mods
[14:13:28] [Server thread/TRACE] [FML/]: Located mcmod.info file in file OpenPeripheralIntegration-1.7.10-0.6.jar
[14:13:28] [Server thread/DEBUG] [FML/]: Identified a mod of type Lcpw/mods/fml/common/Mod; (openperipheral.integration.OpenPeripheralIntegration) - loading
[14:13:28] [Server thread/TRACE] [OpenPeripheralIntegration/]: Parsed dependency info : [OpenPeripheralApi@3.4.2, OpenMods@[0.10,0.11)] [OpenMods@[0.10,0.11), OpenPeripheralApi@3.4.2, ComputerCraft@[1.70,], appliedEnergistics-2, IC2, EnderStorage, BuildCraft|Core, Forestry, Mystcraft, Railcraft, Thaumcraft, ThermalExpansion] []
[14:13:28] [Server thread/DEBUG] [FML/]: Examining directory OpenSecurity for potential mods
[14:13:28] [Server thread/DEBUG] [FML/]: No mcmod.info file found in directory OpenSecurity
[14:13:28] [Server thread/TRACE] [FML/]: Recursing into package sounds
[14:13:28] [Server thread/TRACE] [FML/]: Recursing into package sounds.alarms
[14:13:28] [Server thread/DEBUG] [FML/]: Examining file OpenSecurity-1.7.10-1.0-117.jar for potential mods
[14:13:28] [Server thread/TRACE] [FML/]: Located mcmod.info file in file OpenSecurity-1.7.10-1.0-117.jar
[14:13:28] [Server thread/DEBUG] [FML/]: Identified a mod of type Lcpw/mods/fml/common/Mod; (pcl.opensecurity.OpenSecurity) - loading
[14:13:28] [Server thread/TRACE] [opensecurity/]: Parsed dependency info : [OpenComputers] [OpenComputers] []
[14:13:28] [Server thread/DEBUG] [FML/]: Examining file p455w0rdslib-1.7.10-1.0.4.jar for potential mods
[14:13:28] [Server thread/TRACE] [FML/]: Located mcmod.info file in file p455w0rdslib-1.7.10-1.0.4.jar
[14:13:28] [Server thread/DEBUG] [FML/]: Identified a mod of type Lcpw/mods/fml/common/Mod; (p455w0rdslib.P455w0rdsLib) - loading
[14:13:28] [Server thread/TRACE] [p455w0rdslib/]: Parsed dependency info : [] [] []
[14:13:28] [Server thread/DEBUG] [FML/]: Examining file PhysicaCore-1.7.10-1.5.6-0.jar for potential mods
[14:13:28] [Server thread/TRACE] [FML/]: Located mcmod.info file in file PhysicaCore-1.7.10-1.5.6-0.jar
[14:13:28] [Server thread/DEBUG] [FML/]: Identified a mod of type Lcpw/mods/fml/common/Mod; (physica.Physica) - loading
[14:13:28] [Server thread/TRACE] [physica/]: Parsed dependency info : [] [] []
[14:13:28] [Server thread/DEBUG] [FML/]: Examining file PhysicaNuclearPhysics-1.7.10-1.5.6-0.jar for potential mods
[14:13:28] [Server thread/DEBUG] [FML/]: The mod container PhysicaNuclearPhysics-1.7.10-1.5.6-0.jar appears to be missing an mcmod.info file
[14:13:28] [Server thread/DEBUG] [FML/]: Identified a mod of type Lcpw/mods/fml/common/Mod; (physica.nuclear.PhysicaNuclearPhysics) - loading
[14:13:28] [Server thread/TRACE] [physicanuclearphysics/]: Parsed dependency info : [physica] [physica] []
[14:13:28] [Server thread/DEBUG] [FML/]: Examining file PowerConverters-1.7.10-2.11.jar for potential mods
[14:13:28] [Server thread/TRACE] [FML/]: Located mcmod.info file in file PowerConverters-1.7.10-2.11.jar
[14:13:28] [Server thread/DEBUG] [FML/]: Identified a mod of type Lcpw/mods/fml/common/Mod; (covers1624.powerconverters.PowerConverters) - loading
[14:13:28] [Server thread/TRACE] [PowerConverters3/]: Parsed dependency info : [] [BuildCraft|Energy, factorization, IC2, Railcraft, ThermalExpansion] []
[14:13:28] [Server thread/DEBUG] [FML/]: Examining file pressure-1.3.0.fix1-mc1.7.10.jar for potential mods
[14:13:28] [Server thread/TRACE] [FML/]: Located mcmod.info file in file pressure-1.3.0.fix1-mc1.7.10.jar
[14:13:28] [Server thread/DEBUG] [FML/]: Identified a mod of type Lcpw/mods/fml/common/Mod; (net.bdew.pressure.Pressure) - loading
[14:13:28] [Server thread/TRACE] [pressure/]: Parsed dependency info : [bdlib] [ForgeMultipart, ComputerCraft, bdlib] []
[14:13:28] [Server thread/DEBUG] [FML/]: Examining file ProjectRed-1.7.10-4.7.0pre12.95-Base.jar for potential mods
[14:13:28] [Server thread/TRACE] [FML/]: Located mcmod.info file in file ProjectRed-1.7.10-4.7.0pre12.95-Base.jar
[14:13:28] [Server thread/DEBUG] [FML/]: Identified a mod of type Lcpw/mods/fml/common/Mod; (mrtjp.projectred.ProjectRedCore) - loading
[14:13:28] [Server thread/TRACE] [ProjRed|Core/]: Using mcmod dependency info : [Forge, ForgeMultipart, MrTJPCoreMod] [ForgeMultipart, MrTJPCoreMod] [ProjRed|Transmission, ProjRed|Integration, ProjRed|Fabrication, ProjRed|Illumination, ProjRed|Expansion, ProjRed|Transportation, ProjRed|Exploration, ProjRed|Compatibility]
[14:13:28] [Server thread/DEBUG] [ProjRed|Core/]: Attempting to load the file version.properties from ProjectRed-1.7.10-4.7.0pre12.95-Base.jar to locate a version number for ProjRed|Core
[14:13:28] [Server thread/WARN] [ProjRed|Core/]: Mod ProjRed|Core is missing the required element 'version' and a version.properties file could not be found. Falling back to metadata version 4.7.0pre12.95
[14:13:28] [Server thread/DEBUG] [FML/]: Examining file ProjectRed-1.7.10-4.7.0pre12.95-Compat.jar for potential mods
[14:13:28] [Server thread/TRACE] [FML/]: Located mcmod.info file in file ProjectRed-1.7.10-4.7.0pre12.95-Compat.jar
[14:13:28] [Server thread/DEBUG] [FML/]: Identified a mod of type Lcpw/mods/fml/common/Mod; (mrtjp.projectred.ProjectRedCompatibility) - loading
[14:13:28] [Server thread/TRACE] [ProjRed|Compatibility/]: Using mcmod dependency info : [ProjRed|Core] [ProjRed|Core, ProjRed|Transmission, ProjRed|Exploration, ProjRed|Transportation, TConstruct, ThermalExpansion, ComputerCraft] []
[14:13:28] [Server thread/DEBUG] [ProjRed|Compatibility/]: Attempting to load the file version.properties from ProjectRed-1.7.10-4.7.0pre12.95-Compat.jar to locate a version number for ProjRed|Compatibility
[14:13:28] [Server thread/WARN] [ProjRed|Compatibility/]: Mod ProjRed|Compatibility is missing the required element 'version' and a version.properties file could not be found. Falling back to metadata version 4.7.0pre12.95
[14:13:28] [Server thread/DEBUG] [FML/]: Examining file ProjectRed-1.7.10-4.7.0pre12.95-Fabrication.jar for potential mods
[14:13:28] [Server thread/TRACE] [FML/]: Located mcmod.info file in file ProjectRed-1.7.10-4.7.0pre12.95-Fabrication.jar
[14:13:28] [Server thread/DEBUG] [FML/]: Identified a mod of type Lcpw/mods/fml/common/Mod; (mrtjp.projectred.ProjectRedFabrication) - loading
[14:13:28] [Server thread/TRACE] [ProjRed|Fabrication/]: Using mcmod dependency info : [ProjRed|Core, ProjRed|Integration, ProjRed|Transmission] [ProjRed|Core, ProjRed|Integration, ProjRed|Transmission] []
[14:13:28] [Server thread/DEBUG] [ProjRed|Fabrication/]: Attempting to load the file version.properties from ProjectRed-1.7.10-4.7.0pre12.95-Fabrication.jar to locate a version number for ProjRed|Fabrication
[14:13:28] [Server thread/WARN] [ProjRed|Fabrication/]: Mod ProjRed|Fabrication is missing the required element 'version' and a version.properties file could not be found. Falling back to metadata version 4.7.0pre12.95
[14:13:28] [Server thread/DEBUG] [FML/]: Examining file ProjectRed-1.7.10-4.7.0pre12.95-Integration.jar for potential mods
[14:13:28] [Server thread/TRACE] [FML/]: Located mcmod.info file in file ProjectRed-1.7.10-4.7.0pre12.95-Integration.jar
[14:13:28] [Server thread/DEBUG] [FML/]: Identified a mod of type Lcpw/mods/fml/common/Mod; (mrtjp.projectred.ProjectRedIntegration) - loading
[14:13:28] [Server thread/TRACE] [ProjRed|Integration/]: Using mcmod dependency info : [ProjRed|Core] [ProjRed|Core] [ProjRed|Fabrication]
[14:13:28] [Server thread/DEBUG] [ProjRed|Integration/]: Attempting to load the file version.properties from ProjectRed-1.7.10-4.7.0pre12.95-Integration.jar to locate a version number for ProjRed|Integration
[14:13:28] [Server thread/WARN] [ProjRed|Integration/]: Mod ProjRed|Integration is missing the required element 'version' and a version.properties file could not be found. Falling back to metadata version 4.7.0pre12.95
[14:13:28] [Server thread/DEBUG] [FML/]: Identified a mod of type Lcpw/mods/fml/common/Mod; (mrtjp.projectred.ProjectRedTransmission) - loading
[14:13:28] [Server thread/TRACE] [ProjRed|Transmission/]: Using mcmod dependency info : [ProjRed|Core] [ProjRed|Core] [ProjRed|Expansion, ProjRed|Fabrication]
[14:13:28] [Server thread/DEBUG] [ProjRed|Transmission/]: Attempting to load the file version.properties from ProjectRed-1.7.10-4.7.0pre12.95-Integration.jar to locate a version number for ProjRed|Transmission
[14:13:28] [Server thread/WARN] [ProjRed|Transmission/]: Mod ProjRed|Transmission is missing the required element 'version' and a version.properties file could not be found. Falling back to metadata version 4.7.0pre12.95
[14:13:28] [Server thread/DEBUG] [FML/]: Examining file ProjectRed-1.7.10-4.7.0pre12.95-Lighting.jar for potential mods
[14:13:28] [Server thread/TRACE] [FML/]: Located mcmod.info file in file ProjectRed-1.7.10-4.7.0pre12.95-Lighting.jar
[14:13:28] [Server thread/DEBUG] [FML/]: Identified a mod of type Lcpw/mods/fml/common/Mod; (mrtjp.projectred.ProjectRedIllumination) - loading
[14:13:28] [Server thread/TRACE] [ProjRed|Illumination/]: Using mcmod dependency info : [ProjRed|Core] [ProjRed|Core] []
[14:13:28] [Server thread/DEBUG] [ProjRed|Illumination/]: Attempting to load the file version.properties from ProjectRed-1.7.10-4.7.0pre12.95-Lighting.jar to locate a version number for ProjRed|Illumination
[14:13:28] [Server thread/WARN] [ProjRed|Illumination/]: Mod ProjRed|Illumination is missing the required element 'version' and a version.properties file could not be found. Falling back to metadata version 4.7.0pre12.95
[14:13:28] [Server thread/DEBUG] [FML/]: Examining file ProjectRed-1.7.10-4.7.0pre12.95-Mechanical.jar for potential mods
[14:13:28] [Server thread/TRACE] [FML/]: Located mcmod.info file in file ProjectRed-1.7.10-4.7.0pre12.95-Mechanical.jar
[14:13:28] [Server thread/DEBUG] [FML/]: Identified a mod of type Lcpw/mods/fml/common/Mod; (mrtjp.projectred.ProjectRedExpansion) - loading
[14:13:28] [Server thread/TRACE] [ProjRed|Expansion/]: Using mcmod dependency info : [ProjRed|Core] [ProjRed|Core, ProjRed|Transmission] []
[14:13:28] [Server thread/DEBUG] [ProjRed|Expansion/]: Attempting to load the file version.properties from ProjectRed-1.7.10-4.7.0pre12.95-Mechanical.jar to locate a version number for ProjRed|Expansion
[14:13:28] [Server thread/WARN] [ProjRed|Expansion/]: Mod ProjRed|Expansion is missing the required element 'version' and a version.properties file could not be found. Falling back to metadata version 4.7.0pre12.95
[14:13:28] [Server thread/DEBUG] [FML/]: Identified a mod of type Lcpw/mods/fml/common/Mod; (mrtjp.projectred.ProjectRedTransportation) - loading
[14:13:28] [Server thread/TRACE] [ProjRed|Transportation/]: Using mcmod dependency info : [ProjRed|Core] [ProjRed|Core] []
[14:13:28] [Server thread/DEBUG] [ProjRed|Transportation/]: Attempting to load the file version.properties from ProjectRed-1.7.10-4.7.0pre12.95-Mechanical.jar to locate a version number for ProjRed|Transportation
[14:13:28] [Server thread/WARN] [ProjRed|Transportation/]: Mod ProjRed|Transportation is missing the required element 'version' and a version.properties file could not be found. Falling back to metadata version 4.7.0pre12.95
[14:13:29] [Server thread/DEBUG] [FML/]: Examining file ProjectRed-1.7.10-4.7.0pre12.95-World.jar for potential mods
[14:13:29] [Server thread/TRACE] [FML/]: Located mcmod.info file in file ProjectRed-1.7.10-4.7.0pre12.95-World.jar
[14:13:29] [Server thread/DEBUG] [FML/]: Identified a mod of type Lcpw/mods/fml/common/Mod; (mrtjp.projectred.ProjectRedExploration) - loading
[14:13:29] [Server thread/TRACE] [ProjRed|Exploration/]: Using mcmod dependency info : [ProjRed|Core] [ProjRed|Core] []
[14:13:29] [Server thread/DEBUG] [ProjRed|Exploration/]: Attempting to load the file version.properties from ProjectRed-1.7.10-4.7.0pre12.95-World.jar to locate a version number for ProjRed|Exploration
[14:13:29] [Server thread/WARN] [ProjRed|Exploration/]: Mod ProjRed|Exploration is missing the required element 'version' and a version.properties file could not be found. Falling back to metadata version 4.7.0pre12.95
[14:13:29] [Server thread/DEBUG] [FML/]: Examining file Railcraft_1.7.10-9.12.2.0.jar for potential mods
[14:13:29] [Server thread/TRACE] [FML/]: Located mcmod.info file in file Railcraft_1.7.10-9.12.2.0.jar
[14:13:29] [Server thread/DEBUG] [FML/]: Identified a mod of type Lcpw/mods/fml/common/Mod; (mods.railcraft.common.core.Railcraft) - loading
[14:13:29] [Server thread/TRACE] [Railcraft/]: Using mcmod dependency info : [Forge] [] []
[14:13:29] [Server thread/DEBUG] [FML/]: Examining file ResourceLoader-MC1.7.10-1.3.jar for potential mods
[14:13:29] [Server thread/TRACE] [FML/]: Located mcmod.info file in file ResourceLoader-MC1.7.10-1.3.jar
[14:13:29] [Server thread/DEBUG] [FML/]: Identified a mod of type Lcpw/mods/fml/common/Mod; (lumien.resourceloader.ResourceLoader) - loading
[14:13:29] [Server thread/TRACE] [ResourceLoader/]: Parsed dependency info : [] [] []
[14:13:29] [Server thread/DEBUG] [FML/]: Examining file rftools-4.23.jar for potential mods
[14:13:29] [Server thread/TRACE] [FML/]: Located mcmod.info file in file rftools-4.23.jar
[14:13:29] [Server thread/DEBUG] [FML/]: Identified a mod of type Lcpw/mods/fml/common/Mod; (mcjty.rftools.RFTools) - loading
[14:13:29] [Server thread/TRACE] [rftools/]: Parsed dependency info : [CoFHLib@[1.0.3,), McJtyLib@[1.8.1,), Forge@[10.13.2.1291,)] [Forge@[10.13.2.1291,), CoFHLib@[1.0.3,), McJtyLib@[1.8.1,)] []
[14:13:29] [Server thread/DEBUG] [FML/]: Examining file ShetiPhianCore-1.7.10-3.0.0.jar for potential mods
[14:13:29] [Server thread/TRACE] [FML/]: Located mcmod.info file in file ShetiPhianCore-1.7.10-3.0.0.jar
[14:13:29] [Server thread/DEBUG] [FML/]: Identified a mod of type Lcpw/mods/fml/common/Mod; (shetiphian.core.ShetiPhianCore) - loading
[14:13:29] [Server thread/TRACE] [ShetiPhianCore/]: Parsed dependency info : [Forge@[10.13.4.1614,)] [Forge@[10.13.4.1614,)] []
[14:13:29] [Server thread/DEBUG] [FML/]: Examining file SignPicture-1.7.10-2.8.0-universal.jar for potential mods
[14:13:29] [Server thread/TRACE] [FML/]: Located mcmod.info file in file SignPicture-1.7.10-2.8.0-universal.jar
[14:13:29] [Server thread/DEBUG] [FML/]: Identified a mod of type Lcpw/mods/fml/common/Mod; (com.kamesuta.mc.signpic.SignPicture) - loading
[14:13:29] [Server thread/TRACE] [signpic/]: Parsed dependency info : [] [] []
[14:13:29] [Server thread/DEBUG] [FML/]: Examining file spark-1.10.19-forge1710.jar for potential mods
[14:13:29] [Server thread/TRACE] [FML/]: Located mcmod.info file in file spark-1.10.19-forge1710.jar
[14:13:29] [Server thread/DEBUG] [FML/]: Identified a mod of type Lcpw/mods/fml/common/Mod; (me.lucko.spark.forge.Forge1710SparkMod) - loading
[14:13:29] [Server thread/TRACE] [spark/]: Parsed dependency info : [] [] []
[14:13:29] [Server thread/ERROR] [FML/]: Unable to read a class file correctly
java.lang.IllegalArgumentException
	at org.objectweb.asm.ClassReader.<init>(Unknown Source) ~[asm-all-5.0.3.jar:5.0.3]
	at org.objectweb.asm.ClassReader.<init>(Unknown Source) ~[asm-all-5.0.3.jar:5.0.3]
	at org.objectweb.asm.ClassReader.<init>(Unknown Source) ~[asm-all-5.0.3.jar:5.0.3]
	at cpw.mods.fml.common.discovery.asm.ASMModParser.<init>(ASMModParser.java:52) [ASMModParser.class:?]
	at cpw.mods.fml.common.discovery.JarDiscoverer.discover(JarDiscoverer.java:72) [JarDiscoverer.class:?]
	at cpw.mods.fml.common.discovery.ContainerType.findMods(ContainerType.java:42) [ContainerType.class:?]
	at cpw.mods.fml.common.discovery.ModCandidate.explore(ModCandidate.java:71) [ModCandidate.class:?]
	at cpw.mods.fml.common.discovery.ModDiscoverer.identifyMods(ModDiscoverer.java:131) [ModDiscoverer.class:?]
	at cpw.mods.fml.common.Loader.identifyMods(Loader.java:364) [Loader.class:?]
	at cpw.mods.fml.common.Loader.loadMods(Loader.java:489) [Loader.class:?]
	at cpw.mods.fml.server.FMLServerHandler.beginServerLoading(FMLServerHandler.java:87) [FMLServerHandler.class:?]
	at cpw.mods.fml.common.FMLCommonHandler.onServerStart(FMLCommonHandler.java:314) [FMLCommonHandler.class:?]
	at net.minecraft.server.dedicated.DedicatedServer.func_71197_b(DedicatedServer.java:117) [lt.class:?]
	at net.minecraft.server.MinecraftServer.run(MinecraftServer.java:387) [MinecraftServer.class:?]
	at net.minecraft.server.MinecraftServer$2.run(MinecraftServer.java:685) [li.class:?]
[14:13:29] [Server thread/ERROR] [FML/]: There was a problem reading the entry META-INF/versions/9/module-info.class in the jar /home/deck/Desktop/server/mods/spark-1.10.19-forge1710.jar - probably a corrupt zip
cpw.mods.fml.common.LoaderException: java.lang.IllegalArgumentException

	at cpw.mods.fml.common.discovery.asm.ASMModParser.<init>(ASMModParser.java:58) ~[ASMModParser.class:?]
	at cpw.mods.fml.common.discovery.JarDiscoverer.discover(JarDiscoverer.java:72) [JarDiscoverer.class:?]
	at cpw.mods.fml.common.discovery.ContainerType.findMods(ContainerType.java:42) [ContainerType.class:?]
	at cpw.mods.fml.common.discovery.ModCandidate.explore(ModCandidate.java:71) [ModCandidate.class:?]
	at cpw.mods.fml.common.discovery.ModDiscoverer.identifyMods(ModDiscoverer.java:131) [ModDiscoverer.class:?]
	at cpw.mods.fml.common.Loader.identifyMods(Loader.java:364) [Loader.class:?]
	at cpw.mods.fml.common.Loader.loadMods(Loader.java:489) [Loader.class:?]
	at cpw.mods.fml.server.FMLServerHandler.beginServerLoading(FMLServerHandler.java:87) [FMLServerHandler.class:?]
	at cpw.mods.fml.common.FMLCommonHandler.onServerStart(FMLCommonHandler.java:314) [FMLCommonHandler.class:?]
	at net.minecraft.server.dedicated.DedicatedServer.func_71197_b(DedicatedServer.java:117) [lt.class:?]
	at net.minecraft.server.MinecraftServer.run(MinecraftServer.java:387) [MinecraftServer.class:?]
	at net.minecraft.server.MinecraftServer$2.run(MinecraftServer.java:685) [li.class:?]
Caused by: java.lang.IllegalArgumentException
	at org.objectweb.asm.ClassReader.<init>(Unknown Source) ~[asm-all-5.0.3.jar:5.0.3]
	at org.objectweb.asm.ClassReader.<init>(Unknown Source) ~[asm-all-5.0.3.jar:5.0.3]
	at org.objectweb.asm.ClassReader.<init>(Unknown Source) ~[asm-all-5.0.3.jar:5.0.3]
	at cpw.mods.fml.common.discovery.asm.ASMModParser.<init>(ASMModParser.java:52) ~[ASMModParser.class:?]
	... 11 more
[14:13:29] [Server thread/WARN] [FML/]: Zip file spark-1.10.19-forge1710.jar failed to read properly, it will be ignored
cpw.mods.fml.common.LoaderException: java.lang.IllegalArgumentException

	at cpw.mods.fml.common.discovery.asm.ASMModParser.<init>(ASMModParser.java:58) ~[ASMModParser.class:?]
	at cpw.mods.fml.common.discovery.JarDiscoverer.discover(JarDiscoverer.java:72) [JarDiscoverer.class:?]
	at cpw.mods.fml.common.discovery.ContainerType.findMods(ContainerType.java:42) [ContainerType.class:?]
	at cpw.mods.fml.common.discovery.ModCandidate.explore(ModCandidate.java:71) [ModCandidate.class:?]
	at cpw.mods.fml.common.discovery.ModDiscoverer.identifyMods(ModDiscoverer.java:131) [ModDiscoverer.class:?]
	at cpw.mods.fml.common.Loader.identifyMods(Loader.java:364) [Loader.class:?]
	at cpw.mods.fml.common.Loader.loadMods(Loader.java:489) [Loader.class:?]
	at cpw.mods.fml.server.FMLServerHandler.beginServerLoading(FMLServerHandler.java:87) [FMLServerHandler.class:?]
	at cpw.mods.fml.common.FMLCommonHandler.onServerStart(FMLCommonHandler.java:314) [FMLCommonHandler.class:?]
	at net.minecraft.server.dedicated.DedicatedServer.func_71197_b(DedicatedServer.java:117) [lt.class:?]
	at net.minecraft.server.MinecraftServer.run(MinecraftServer.java:387) [MinecraftServer.class:?]
	at net.minecraft.server.MinecraftServer$2.run(MinecraftServer.java:685) [li.class:?]
Caused by: java.lang.IllegalArgumentException
	at org.objectweb.asm.ClassReader.<init>(Unknown Source) ~[asm-all-5.0.3.jar:5.0.3]
	at org.objectweb.asm.ClassReader.<init>(Unknown Source) ~[asm-all-5.0.3.jar:5.0.3]
	at org.objectweb.asm.ClassReader.<init>(Unknown Source) ~[asm-all-5.0.3.jar:5.0.3]
	at cpw.mods.fml.common.discovery.asm.ASMModParser.<init>(ASMModParser.java:52) ~[ASMModParser.class:?]
	... 11 more
[14:13:29] [Server thread/DEBUG] [FML/]: Examining file StorageDrawers-1.7.10-1.10.9.jar for potential mods
[14:13:29] [Server thread/TRACE] [FML/]: Located mcmod.info file in file StorageDrawers-1.7.10-1.10.9.jar
[14:13:29] [Server thread/DEBUG] [FML/]: Identified a mod of type Lcpw/mods/fml/common/Mod; (com.jaquadro.minecraft.storagedrawers.StorageDrawers) - loading
[14:13:29] [Server thread/TRACE] [StorageDrawers/]: Parsed dependency info : [] [waila] []
[14:13:29] [Server thread/DEBUG] [FML/]: Examining file SVM-1.7.10-2.1.0.jar for potential mods
[14:13:29] [Server thread/TRACE] [FML/]: Located mcmod.info file in file SVM-1.7.10-2.1.0.jar
[14:13:29] [Server thread/ERROR] [FML/]: The mcmod.info file in SVM-1.7.10-2.1.0.jar cannot be parsed as valid JSON. It will be ignored
com.google.gson.JsonSyntaxException: com.google.gson.stream.MalformedJsonException: Use JsonReader.setLenient(true) to accept malformed JSON at line 1 column 9
	at com.google.gson.JsonParser.parse(JsonParser.java:65) ~[JsonParser.class:?]
	at cpw.mods.fml.common.MetadataCollection.from(MetadataCollection.java:55) [MetadataCollection.class:?]
	at cpw.mods.fml.common.discovery.JarDiscoverer.discover(JarDiscoverer.java:53) [JarDiscoverer.class:?]
	at cpw.mods.fml.common.discovery.ContainerType.findMods(ContainerType.java:42) [ContainerType.class:?]
	at cpw.mods.fml.common.discovery.ModCandidate.explore(ModCandidate.java:71) [ModCandidate.class:?]
	at cpw.mods.fml.common.discovery.ModDiscoverer.identifyMods(ModDiscoverer.java:131) [ModDiscoverer.class:?]
	at cpw.mods.fml.common.Loader.identifyMods(Loader.java:364) [Loader.class:?]
	at cpw.mods.fml.common.Loader.loadMods(Loader.java:489) [Loader.class:?]
	at cpw.mods.fml.server.FMLServerHandler.beginServerLoading(FMLServerHandler.java:87) [FMLServerHandler.class:?]
	at cpw.mods.fml.common.FMLCommonHandler.onServerStart(FMLCommonHandler.java:314) [FMLCommonHandler.class:?]
	at net.minecraft.server.dedicated.DedicatedServer.func_71197_b(DedicatedServer.java:117) [lt.class:?]
	at net.minecraft.server.MinecraftServer.run(MinecraftServer.java:387) [MinecraftServer.class:?]
	at net.minecraft.server.MinecraftServer$2.run(MinecraftServer.java:685) [li.class:?]
Caused by: com.google.gson.stream.MalformedJsonException: Use JsonReader.setLenient(true) to accept malformed JSON at line 1 column 9
	at com.google.gson.stream.JsonReader.syntaxError(JsonReader.java:1505) ~[JsonReader.class:?]
	at com.google.gson.stream.JsonReader.checkLenient(JsonReader.java:1386) ~[JsonReader.class:?]
	at com.google.gson.stream.JsonReader.doPeek(JsonReader.java:531) ~[JsonReader.class:?]
	at com.google.gson.stream.JsonReader.peek(JsonReader.java:414) ~[JsonReader.class:?]
	at com.google.gson.JsonParser.parse(JsonParser.java:60) ~[JsonParser.class:?]
	... 12 more
[14:13:29] [Server thread/DEBUG] [FML/]: Identified a mod of type Lcpw/mods/fml/common/Mod; (saracalia.svm.SVM) - loading
[14:13:29] [Server thread/TRACE] [svm/]: Parsed dependency info : [] [] []
[14:13:30] [Server thread/DEBUG] [FML/]: Examining file ThermalDynamics-[1.7.10]1.2.1-172.jar for potential mods
[14:13:30] [Server thread/TRACE] [FML/]: Located mcmod.info file in file ThermalDynamics-[1.7.10]1.2.1-172.jar
[14:13:30] [Server thread/DEBUG] [FML/]: Identified a mod of type Lcpw/mods/fml/common/Mod; (cofh.thermaldynamics.ThermalDynamics) - loading
[14:13:30] [Server thread/TRACE] [ThermalDynamics/]: Parsed dependency info : [ThermalFoundation@[1.7.10R1.2.6,1.7.10R1.3.0), CoFHCore@[1.7.10R3.1.4,1.7.10R3.2.0)] [CoFHCore@[1.7.10R3.1.4,1.7.10R3.2.0), ThermalFoundation@[1.7.10R1.2.6,1.7.10R1.3.0)] []
[14:13:30] [Server thread/DEBUG] [FML/]: Examining file ThermalExpansion-[1.7.10]4.1.5-248.jar for potential mods
[14:13:30] [Server thread/TRACE] [FML/]: Located mcmod.info file in file ThermalExpansion-[1.7.10]4.1.5-248.jar
[14:13:30] [Server thread/DEBUG] [FML/]: Identified a mod of type Lcpw/mods/fml/common/Mod; (cofh.thermalexpansion.ThermalExpansion) - loading
[14:13:30] [Server thread/TRACE] [ThermalExpansion/]: Parsed dependency info : [CoFHCore@[1.7.10R3.1.4,1.7.10R3.2.0), ThermalFoundation@[1.7.10R1.2.6,1.7.10R1.3.0)] [CoFHCore@[1.7.10R3.1.4,1.7.10R3.2.0), ThermalFoundation@[1.7.10R1.2.6,1.7.10R1.3.0)] []
[14:13:30] [Server thread/DEBUG] [FML/]: Examining file ThermalFoundation-[1.7.10]1.2.6-118.jar for potential mods
[14:13:30] [Server thread/TRACE] [FML/]: Located mcmod.info file in file ThermalFoundation-[1.7.10]1.2.6-118.jar
[14:13:30] [Server thread/DEBUG] [FML/]: Identified a mod of type Lcpw/mods/fml/common/Mod; (cofh.thermalfoundation.ThermalFoundation) - loading
[14:13:30] [Server thread/TRACE] [ThermalFoundation/]: Parsed dependency info : [CoFHCore@[1.7.10R3.1.4,1.7.10R3.2.0)] [CoFHCore@[1.7.10R3.1.4,1.7.10R3.2.0)] []
[14:13:30] [Server thread/DEBUG] [FML/]: Examining file Waila-1.5.10_1.7.10.jar for potential mods
[14:13:30] [Server thread/TRACE] [FML/]: Located mcmod.info file in file Waila-1.5.10_1.7.10.jar
[14:13:30] [Server thread/DEBUG] [FML/]: Identified a mod of type Lcpw/mods/fml/common/Mod; (mcp.mobius.waila.Waila) - loading
[14:13:30] [Server thread/TRACE] [Waila/]: Parsed dependency info : [] [NotEnoughItems@[1.0.4.0,)] []
[14:13:30] [Server thread/DEBUG] [FML/]: Examining file WailaHarvestability-mc1.7.10-1.1.6.jar for potential mods
[14:13:30] [Server thread/TRACE] [FML/]: Located mcmod.info file in file WailaHarvestability-mc1.7.10-1.1.6.jar
[14:13:30] [Server thread/DEBUG] [FML/]: Identified a mod of type Lcpw/mods/fml/common/Mod; (squeek.wailaharvestability.ModWailaHarvestability) - loading
[14:13:30] [Server thread/TRACE] [WailaHarvestability/]: Parsed dependency info : [] [TConstruct, ExtraTiC, TSteelworks, Mariculture] []
[14:13:30] [Server thread/DEBUG] [FML/]: Examining file Waystones-mc1.7.10-1.0.12.jar for potential mods
[14:13:30] [Server thread/TRACE] [FML/]: Located mcmod.info file in file Waystones-mc1.7.10-1.0.12.jar
[14:13:30] [Server thread/DEBUG] [FML/]: Identified a mod of type Lcpw/mods/fml/common/Mod; (net.blay09.mods.waystones.Waystones) - loading
[14:13:30] [Server thread/TRACE] [waystones/]: Parsed dependency info : [] [] []
[14:13:30] [Server thread/DEBUG] [waystones/]: Attempting to load the file version.properties from Waystones-mc1.7.10-1.0.12.jar to locate a version number for waystones
[14:13:30] [Server thread/WARN] [waystones/]: Mod waystones is missing the required element 'version' and a version.properties file could not be found. Falling back to metadata version 1.0.12
[14:13:30] [Server thread/DEBUG] [FML/]: Examining file WirelessCraftingTerminal-1.7.10-rv3-1.8.7.4b.jar for potential mods
[14:13:30] [Server thread/TRACE] [FML/]: Located mcmod.info file in file WirelessCraftingTerminal-1.7.10-rv3-1.8.7.4b.jar
[14:13:30] [Server thread/DEBUG] [FML/]: Identified a mod of type Lcpw/mods/fml/common/Mod; (net.p455w0rd.wirelesscraftingterminal.common.WirelessCraftingTerminal) - loading
[14:13:30] [Server thread/TRACE] [ae2wct/]: Parsed dependency info : [appliedenergistics2@[rv3-beta-1,), p455w0rdslib, Forge@[10.13.4.1614,)] [Forge@[10.13.4.1614,), appliedenergistics2@[rv3-beta-1,), p455w0rdslib, NotEnoughItems] []
[14:13:30] [Server thread/DEBUG] [FML/]: Examining file worldedit-forge-mc1.7.10-6.1.1-dist.jar for potential mods
[14:13:30] [Server thread/TRACE] [FML/]: Located mcmod.info file in file worldedit-forge-mc1.7.10-6.1.1-dist.jar
[14:13:30] [Server thread/DEBUG] [FML/]: Identified a mod of type Lcpw/mods/fml/common/Mod; (com.sk89q.worldedit.forge.ForgeWorldEdit) - loading
[14:13:30] [Server thread/TRACE] [worldedit/]: Parsed dependency info : [] [] []
[14:13:30] [Server thread/DEBUG] [FML/]: Examining file CodeChickenLib-1.7.10-1.1.3.141-universal.jar for potential mods
[14:13:30] [Server thread/DEBUG] [FML/]: The mod container CodeChickenLib-1.7.10-1.1.3.141-universal.jar appears to be missing an mcmod.info file
[14:13:30] [Server thread/DEBUG] [FML/]: Examining file ForgeMultipart-1.7.10-1.2.0.345-universal.jar for potential mods
[14:13:30] [Server thread/TRACE] [FML/]: Located mcmod.info file in file ForgeMultipart-1.7.10-1.2.0.345-universal.jar
[14:13:30] [Server thread/DEBUG] [FML/]: Identified a mod of type Lcpw/mods/fml/common/Mod; (codechicken.microblock.handler.MicroblockMod) - loading
[14:13:30] [Server thread/TRACE] [ForgeMicroblock/]: Parsed dependency info : [ForgeMultipart] [ForgeMultipart, *] []
[14:13:30] [Server thread/DEBUG] [ForgeMicroblock/]: Attempting to load the file version.properties from ForgeMultipart-1.7.10-1.2.0.345-universal.jar to locate a version number for ForgeMicroblock
[14:13:30] [Server thread/WARN] [ForgeMicroblock/]: Mod ForgeMicroblock is missing the required element 'version' and a version.properties file could not be found. Falling back to metadata version 1.2.0.345
[14:13:30] [Server thread/DEBUG] [FML/]: Identified a mod of type Lcpw/mods/fml/common/Mod; (codechicken.multipart.handler.MultipartMod) - loading
[14:13:30] [Server thread/TRACE] [ForgeMultipart/]: Parsed dependency info : [] [] []
[14:13:30] [Server thread/DEBUG] [ForgeMultipart/]: Attempting to load the file version.properties from ForgeMultipart-1.7.10-1.2.0.345-universal.jar to locate a version number for ForgeMultipart
[14:13:30] [Server thread/WARN] [ForgeMultipart/]: Mod ForgeMultipart is missing the required element 'version' and a version.properties file could not be found. Falling back to metadata version 1.2.0.345
[14:13:30] [Server thread/DEBUG] [FML/]: Identified a mod of type Lcpw/mods/fml/common/Mod; (codechicken.multipart.minecraft.MinecraftMultipartMod) - loading
[14:13:30] [Server thread/TRACE] [McMultipart/]: Parsed dependency info : [] [] []
[14:13:30] [Server thread/DEBUG] [McMultipart/]: Attempting to load the file version.properties from ForgeMultipart-1.7.10-1.2.0.345-universal.jar to locate a version number for McMultipart
[14:13:30] [Server thread/WARN] [McMultipart/]: Mod McMultipart is missing the required element 'version' and a version.properties file could not be found. Falling back to metadata version 1.2.0.345
[14:13:30] [Server thread/DEBUG] [FML/]: Examining file ForgeRelocation-0.0.1.4-universal.jar for potential mods
[14:13:30] [Server thread/TRACE] [FML/]: Located mcmod.info file in file ForgeRelocation-0.0.1.4-universal.jar
[14:13:30] [Server thread/DEBUG] [FML/]: Identified a mod of type Lcpw/mods/fml/common/Mod; (mrtjp.mcframes.handler.MCFramesMod) - loading
[14:13:30] [Server thread/TRACE] [MCFrames/]: Parsed dependency info : [] [] []
[14:13:30] [Server thread/INFO] [MCFrames/]: Mod MCFrames is missing the required element 'name'. Substituting MCFrames
[14:13:30] [Server thread/DEBUG] [MCFrames/]: Attempting to load the file version.properties from ForgeRelocation-0.0.1.4-universal.jar to locate a version number for MCFrames
[14:13:30] [Server thread/WARN] [MCFrames/]: Mod MCFrames is missing the required element 'version' and no fallback can be found. Substituting '1.0'.
[14:13:30] [Server thread/DEBUG] [FML/]: Identified a mod of type Lcpw/mods/fml/common/Mod; (mrtjp.relocation.handler.RelocationMod) - loading
[14:13:30] [Server thread/TRACE] [ForgeRelocation/]: Using mcmod dependency info : [MrTJPCoreMod] [] []
[14:13:30] [Server thread/DEBUG] [ForgeRelocation/]: Attempting to load the file version.properties from ForgeRelocation-0.0.1.4-universal.jar to locate a version number for ForgeRelocation
[14:13:30] [Server thread/WARN] [ForgeRelocation/]: Mod ForgeRelocation is missing the required element 'version' and a version.properties file could not be found. Falling back to metadata version 0.0.1.4
[14:13:30] [Server thread/DEBUG] [FML/]: Examining file ForgeRelocationFMP-0.0.1.2-universal.jar for potential mods
[14:13:30] [Server thread/TRACE] [FML/]: Located mcmod.info file in file ForgeRelocationFMP-0.0.1.2-universal.jar
[14:13:30] [Server thread/DEBUG] [FML/]: Identified a mod of type Lcpw/mods/fml/common/Mod; (mrtjp.relocationfmp.RelocationFMPMod) - loading
[14:13:30] [Server thread/TRACE] [RelocationFMP/]: Using mcmod dependency info : [ForgeRelocation, ForgeMultipart] [ForgeRelocation, ForgeMultipart] []
[14:13:30] [Server thread/DEBUG] [RelocationFMP/]: Attempting to load the file version.properties from ForgeRelocationFMP-0.0.1.2-universal.jar to locate a version number for RelocationFMP
[14:13:30] [Server thread/WARN] [RelocationFMP/]: Mod RelocationFMP is missing the required element 'version' and a version.properties file could not be found. Falling back to metadata version 0.0.1.2
[14:13:30] [Server thread/DEBUG] [FML/]: Examining file MrTJPCore-1.1.0.33-universal.jar for potential mods
[14:13:30] [Server thread/TRACE] [FML/]: Located mcmod.info file in file MrTJPCore-1.1.0.33-universal.jar
[14:13:30] [Server thread/DEBUG] [FML/]: Identified a mod of type Lcpw/mods/fml/common/Mod; (mrtjp.core.handler.MrTJPCoreMod) - loading
[14:13:30] [Server thread/TRACE] [MrTJPCoreMod/]: Using mcmod dependency info : [Forge] [] []
[14:13:30] [Server thread/DEBUG] [MrTJPCoreMod/]: Attempting to load the file version.properties from MrTJPCore-1.1.0.33-universal.jar to locate a version number for MrTJPCoreMod
[14:13:30] [Server thread/WARN] [MrTJPCoreMod/]: Mod MrTJPCoreMod is missing the required element 'version' and a version.properties file could not be found. Falling back to metadata version 1.1.0.33
[14:13:30] [Server thread/INFO] [FML/]: Forge Mod Loader has identified 136 mods to load
[14:13:30] [Server thread/DEBUG] [FML/]: Found API ic2.api.crops (owned by IC2 providing IC2API) embedded in IC2
[14:13:30] [Server thread/DEBUG] [FML/]: Found API openperipheral.api.struct (owned by OpenPeripheralCore providing OpenPeripheralApi) embedded in OpenPeripheralCore
[14:13:30] [Server thread/DEBUG] [FML/]: Found API cofh.api.item (owned by CoFHAPI providing CoFHAPI|item) embedded in NuclearCraft
[14:13:30] [Server thread/DEBUG] [FML/]: Found API defense.api (owned by defensetech providing DefenseTechAPI|Model) embedded in physica
[14:13:30] [Server thread/DEBUG] [FML/]: Found API openperipheral.api.architecture.oc (owned by OpenPeripheralCore providing OpenPeripheralApi) embedded in OpenPeripheralCore
[14:13:30] [Server thread/DEBUG] [FML/]: Found API buildcraft.api.library (owned by BuildCraftAPI|core providing BuildCraftAPI|library) embedded in BuildCraft|Builders
[14:13:30] [Server thread/DEBUG] [FML/]: Found API buildcraft.api.library (owned by BuildCraftAPI|core providing BuildCraftAPI|library) embedded in BuildCraft|Robotics
[14:13:30] [Server thread/DEBUG] [FML/]: Found API buildcraft.api.library (owned by BuildCraftAPI|core providing BuildCraftAPI|library) embedded in BuildCraft|Silicon
[14:13:30] [Server thread/DEBUG] [FML/]: Found API buildcraft.api.library (owned by BuildCraftAPI|core providing BuildCraftAPI|library) embedded in BuildCraft|Energy
[14:13:30] [Server thread/DEBUG] [FML/]: Found API buildcraft.api.library (owned by BuildCraftAPI|core providing BuildCraftAPI|library) embedded in BuildCraft|Transport
[14:13:30] [Server thread/DEBUG] [FML/]: Found API buildcraft.api.library (owned by BuildCraftAPI|core providing BuildCraftAPI|library) embedded in BuildCraft|Core
[14:13:30] [Server thread/DEBUG] [FML/]: Found API buildcraft.api.library (owned by BuildCraftAPI|core providing BuildCraftAPI|library) embedded in BuildCraft|Factory
[14:13:30] [Server thread/DEBUG] [FML/]: Found API cofh.api.transport (owned by CoFHAPI providing CoFHAPI|transport) embedded in EnderIO
[14:13:30] [Server thread/DEBUG] [FML/]: Found API cofh.api (owned by CoFHLib providing CoFHAPI) embedded in Forestry
[14:13:30] [Server thread/DEBUG] [FML/]: Found API openperipheral.api.adapter (owned by OpenPeripheralCore providing OpenPeripheralApi) embedded in OpenPeripheralCore
[14:13:30] [Server thread/DEBUG] [FML/]: Found API mekanism.api.reactor (owned by Mekanism providing MekanismAPI|reactor) embedded in NuclearCraft
[14:13:30] [Server thread/DEBUG] [FML/]: Found API cofh.api.inventory (owned by CoFHAPI providing CoFHAPI|inventory) embedded in EnderIO
[14:13:30] [Server thread/DEBUG] [FML/]: Found API buildcraft.api.filler (owned by BuildCraftAPI|core providing BuildCraftAPI|filler) embedded in BuildCraft|Builders
[14:13:30] [Server thread/DEBUG] [FML/]: Found API buildcraft.api.filler (owned by BuildCraftAPI|core providing BuildCraftAPI|filler) embedded in BuildCraft|Robotics
[14:13:30] [Server thread/DEBUG] [FML/]: Found API buildcraft.api.filler (owned by BuildCraftAPI|core providing BuildCraftAPI|filler) embedded in BuildCraft|Silicon
[14:13:30] [Server thread/DEBUG] [FML/]: Found API buildcraft.api.filler (owned by BuildCraftAPI|core providing BuildCraftAPI|filler) embedded in BuildCraft|Energy
[14:13:30] [Server thread/DEBUG] [FML/]: Found API buildcraft.api.filler (owned by BuildCraftAPI|core providing BuildCraftAPI|filler) embedded in BuildCraft|Transport
[14:13:30] [Server thread/DEBUG] [FML/]: Found API buildcraft.api.filler (owned by BuildCraftAPI|core providing BuildCraftAPI|filler) embedded in BuildCraft|Core
[14:13:30] [Server thread/DEBUG] [FML/]: Found API buildcraft.api.filler (owned by BuildCraftAPI|core providing BuildCraftAPI|filler) embedded in BuildCraft|Factory
[14:13:30] [Server thread/DEBUG] [FML/]: Found API mods.railcraft.api.crafting (owned by RailcraftAPI|core providing RailcraftAPI|crafting) embedded in ImmersiveEngineering
[14:13:30] [Server thread/DEBUG] [FML/]: Found API com.cricketcraft.chisel.api (owned by chisel providing ChiselAPI) embedded in chisel
[14:13:30] [Server thread/DEBUG] [FML/]: Found API buildcraft.api.lists (owned by BuildCraftAPI|core providing BuildCraftAPI|lists) embedded in BuildCraft|Builders
[14:13:30] [Server thread/DEBUG] [FML/]: Found API buildcraft.api.lists (owned by BuildCraftAPI|core providing BuildCraftAPI|lists) embedded in BuildCraft|Robotics
[14:13:30] [Server thread/DEBUG] [FML/]: Found API buildcraft.api.lists (owned by BuildCraftAPI|core providing BuildCraftAPI|lists) embedded in BuildCraft|Silicon
[14:13:30] [Server thread/DEBUG] [FML/]: Found API buildcraft.api.lists (owned by BuildCraftAPI|core providing BuildCraftAPI|lists) embedded in BuildCraft|Energy
[14:13:30] [Server thread/DEBUG] [FML/]: Found API buildcraft.api.lists (owned by BuildCraftAPI|core providing BuildCraftAPI|lists) embedded in BuildCraft|Transport
[14:13:30] [Server thread/DEBUG] [FML/]: Found API buildcraft.api.lists (owned by BuildCraftAPI|core providing BuildCraftAPI|lists) embedded in BuildCraft|Core
[14:13:30] [Server thread/DEBUG] [FML/]: Found API buildcraft.api.lists (owned by BuildCraftAPI|core providing BuildCraftAPI|lists) embedded in BuildCraft|Factory
[14:13:30] [Server thread/DEBUG] [FML/]: Found API forestry.api.farming (owned by ForestryAPI|core providing ForestryAPI|farming) embedded in Forestry
[14:13:30] [Server thread/DEBUG] [FML/]: Found API cofh.api.energy (owned by CoFHAPI providing CoFHAPI|energy) embedded in NuclearCraft
[14:13:30] [Server thread/DEBUG] [FML/]: Found API forestry.api.genetics (owned by ForestryAPI|core providing ForestryAPI|genetics) embedded in Forestry
[14:13:30] [Server thread/DEBUG] [FML/]: Found API cofh.api.world (owned by CoFHAPI providing CoFHAPI|world) embedded in NuclearCraft
[14:13:30] [Server thread/DEBUG] [FML/]: Found API cofh.api.energy (owned by CoFHAPI providing CoFHAPI|energy) embedded in Mekanism
[14:13:30] [Server thread/DEBUG] [FML/]: Found API ic2.api.event (owned by IC2 providing IC2API) embedded in IC2
[14:13:30] [Server thread/DEBUG] [FML/]: Found API cofh.api.energy (owned by CoFHAPI providing CoFHAPI|energy) embedded in hbm
[14:13:30] [Server thread/DEBUG] [FML/]: Found API cofh.api.block (owned by CoFHAPI providing CoFHAPI|block) embedded in EnderIO
[14:13:30] [Server thread/DEBUG] [FML/]: Found API mekanism.api (owned by mekanism providing MekanismAPI|core) embedded in physica
[14:13:30] [Server thread/DEBUG] [FML/]: Found API buildcraft.api.tools (owned by BuildCraftAPI|core providing BuildCraftAPI|tools) embedded in Railcraft
[14:13:30] [Server thread/DEBUG] [FML/]: Found API com.jaquadro.minecraft.storagedrawers.api.config (owned by StorageDrawersAPI providing StorageDrawersAPI|config) embedded in StorageDrawers
[14:13:30] [Server thread/DEBUG] [FML/]: Found API li.cil.oc.api (owned by OpenComputers|Core providing OpenComputersAPI|Core) embedded in OpenComputers
[14:13:30] [Server thread/DEBUG] [FML/]: Found API cofh.api.item (owned by CoFHAPI providing CoFHAPI|item) embedded in EnderIO
[14:13:30] [Server thread/DEBUG] [FML/]: Found API cofh.api.modhelpers (owned by CoFHAPI providing CoFHAPI|modhelpers) embedded in NuclearCraft
[14:13:30] [Server thread/DEBUG] [FML/]: Found API mcp.mobius.waila.api (owned by Waila providing WailaAPI) embedded in Waila
[14:13:30] [Server thread/DEBUG] [FML/]: Found API buildcraft.api.items (owned by BuildCraftAPI|core providing BuildCraftAPI|items) embedded in BuildCraft|Builders
[14:13:30] [Server thread/DEBUG] [FML/]: Found API buildcraft.api.items (owned by BuildCraftAPI|core providing BuildCraftAPI|items) embedded in BuildCraft|Robotics
[14:13:30] [Server thread/DEBUG] [FML/]: Found API buildcraft.api.items (owned by BuildCraftAPI|core providing BuildCraftAPI|items) embedded in BuildCraft|Silicon
[14:13:30] [Server thread/DEBUG] [FML/]: Found API buildcraft.api.items (owned by BuildCraftAPI|core providing BuildCraftAPI|items) embedded in BuildCraft|Energy
[14:13:30] [Server thread/DEBUG] [FML/]: Found API buildcraft.api.items (owned by BuildCraftAPI|core providing BuildCraftAPI|items) embedded in BuildCraft|Transport
[14:13:30] [Server thread/DEBUG] [FML/]: Found API buildcraft.api.items (owned by BuildCraftAPI|core providing BuildCraftAPI|items) embedded in BuildCraft|Core
[14:13:30] [Server thread/DEBUG] [FML/]: Found API buildcraft.api.items (owned by BuildCraftAPI|core providing BuildCraftAPI|items) embedded in BuildCraft|Factory
[14:13:30] [Server thread/DEBUG] [FML/]: Found API buildcraft.api.transport (owned by BuildCraftAPI|core providing BuildCraftAPI|transport) embedded in BuildCraft|Builders
[14:13:30] [Server thread/DEBUG] [FML/]: Found API buildcraft.api.transport (owned by BuildCraftAPI|core providing BuildCraftAPI|transport) embedded in BuildCraft|Robotics
[14:13:30] [Server thread/DEBUG] [FML/]: Found API buildcraft.api.transport (owned by BuildCraftAPI|core providing BuildCraftAPI|transport) embedded in BuildCraft|Silicon
[14:13:30] [Server thread/DEBUG] [FML/]: Found API buildcraft.api.transport (owned by BuildCraftAPI|core providing BuildCraftAPI|transport) embedded in BuildCraft|Energy
[14:13:30] [Server thread/DEBUG] [FML/]: Found API buildcraft.api.transport (owned by BuildCraftAPI|core providing BuildCraftAPI|transport) embedded in BuildCraft|Transport
[14:13:30] [Server thread/DEBUG] [FML/]: Found API buildcraft.api.transport (owned by BuildCraftAPI|core providing BuildCraftAPI|transport) embedded in BuildCraft|Core
[14:13:30] [Server thread/DEBUG] [FML/]: Found API buildcraft.api.transport (owned by BuildCraftAPI|core providing BuildCraftAPI|transport) embedded in BuildCraft|Factory
[14:13:30] [Server thread/DEBUG] [FML/]: Found API openperipheral.api.meta (owned by OpenPeripheralCore providing OpenPeripheralApi) embedded in OpenPeripheralCore
[14:13:30] [Server thread/DEBUG] [FML/]: Found API mods.railcraft.api.carts (owned by RailcraftAPI|core providing RailcraftAPI|carts) embedded in Railcraft
[14:13:30] [Server thread/DEBUG] [FML/]: Found API com.carpentersblocks.api (owned by CarpentersBlocks providing CarpentersBlocks|API) embedded in CarpentersBlocks
[14:13:30] [Server thread/DEBUG] [FML/]: Found API ic2.api.energy.event (owned by IC2 providing IC2API) embedded in Railcraft
[14:13:30] [Server thread/DEBUG] [FML/]: Found API li.cil.oc.api.driver.item (owned by OpenComputers|Core providing OpenComputersAPI|Driver|Item) embedded in OpenComputers
[14:13:30] [Server thread/DEBUG] [FML/]: Found API buildcraft.api.blueprints (owned by BuildCraftAPI|core providing BuildCraftAPI|blueprints) embedded in BuildCraft|Builders
[14:13:30] [Server thread/DEBUG] [FML/]: Found API buildcraft.api.blueprints (owned by BuildCraftAPI|core providing BuildCraftAPI|blueprints) embedded in BuildCraft|Robotics
[14:13:30] [Server thread/DEBUG] [FML/]: Found API buildcraft.api.blueprints (owned by BuildCraftAPI|core providing BuildCraftAPI|blueprints) embedded in BuildCraft|Silicon
[14:13:30] [Server thread/DEBUG] [FML/]: Found API buildcraft.api.blueprints (owned by BuildCraftAPI|core providing BuildCraftAPI|blueprints) embedded in BuildCraft|Energy
[14:13:30] [Server thread/DEBUG] [FML/]: Found API buildcraft.api.blueprints (owned by BuildCraftAPI|core providing BuildCraftAPI|blueprints) embedded in BuildCraft|Transport
[14:13:30] [Server thread/DEBUG] [FML/]: Found API buildcraft.api.blueprints (owned by BuildCraftAPI|core providing BuildCraftAPI|blueprints) embedded in BuildCraft|Core
[14:13:30] [Server thread/DEBUG] [FML/]: Found API buildcraft.api.blueprints (owned by BuildCraftAPI|core providing BuildCraftAPI|blueprints) embedded in BuildCraft|Factory
[14:13:30] [Server thread/DEBUG] [FML/]: Found API buildcraft.api.lists (owned by BuildCraftAPI|core providing BuildCraftAPI|lists) embedded in Railcraft
[14:13:30] [Server thread/DEBUG] [FML/]: Found API com.brandon3055.draconicevolution.api (owned by DraconicEvolution providing DraconicEvolution|API) embedded in DraconicEvolution
[14:13:30] [Server thread/DEBUG] [FML/]: Found API cofh.api (owned by CoFHLib providing CoFHAPI) embedded in BuildCraft|Builders
[14:13:30] [Server thread/DEBUG] [FML/]: Found API cofh.api (owned by CoFHLib providing CoFHAPI) embedded in BuildCraft|Robotics
[14:13:30] [Server thread/DEBUG] [FML/]: Found API cofh.api (owned by CoFHLib providing CoFHAPI) embedded in BuildCraft|Silicon
[14:13:30] [Server thread/DEBUG] [FML/]: Found API cofh.api (owned by CoFHLib providing CoFHAPI) embedded in BuildCraft|Energy
[14:13:30] [Server thread/DEBUG] [FML/]: Found API cofh.api (owned by CoFHLib providing CoFHAPI) embedded in BuildCraft|Transport
[14:13:30] [Server thread/DEBUG] [FML/]: Found API cofh.api (owned by CoFHLib providing CoFHAPI) embedded in BuildCraft|Core
[14:13:30] [Server thread/DEBUG] [FML/]: Found API cofh.api (owned by CoFHLib providing CoFHAPI) embedded in BuildCraft|Factory
[14:13:30] [Server thread/DEBUG] [FML/]: Found API buildcraft.api.transport (owned by BuildCraftAPI|core providing BuildCraftAPI|transport) embedded in Railcraft
[14:13:30] [Server thread/DEBUG] [FML/]: Found API mods.railcraft.api.tracks (owned by RailcraftAPI|core providing RailcraftAPI|tracks) embedded in Railcraft
[14:13:30] [Server thread/DEBUG] [FML/]: Found API com.jaquadro.minecraft.storagedrawers.api.inventory (owned by StorageDrawersAPI providing StorageDrawersAPI|inventory) embedded in StorageDrawers
[14:13:30] [Server thread/DEBUG] [FML/]: Found API mods.railcraft.api.carts.locomotive (owned by RailcraftAPI|carts providing RailcraftAPI|locomotive) embedded in Railcraft
[14:13:30] [Server thread/DEBUG] [FML/]: Found API mekanism.api.transmitters (owned by Mekanism providing MekanismAPI|transmitter) embedded in Mekanism
[14:13:30] [Server thread/DEBUG] [FML/]: Found API ic2.api.energy.prefab (owned by IC2 providing IC2API) embedded in IC2
[14:13:30] [Server thread/DEBUG] [FML/]: Found API cofh.api (owned by CoFHLib providing CoFHAPI) embedded in NuclearCraft
[14:13:30] [Server thread/DEBUG] [FML/]: Found API resonant.api.explosion (owned by VoltzEngine providing VoltzEngineAPI) embedded in physica
[14:13:30] [Server thread/DEBUG] [FML/]: Found API ic2.api.tile (owned by IC2 providing IC2API) embedded in IC2
[14:13:30] [Server thread/DEBUG] [FML/]: Found API dan200.computercraft.api.filesystem (owned by ComputerCraft providing ComputerCraft|API|FileSystem) embedded in ComputerCraft
[14:13:30] [Server thread/DEBUG] [FML/]: Found API cofh.api.energy (owned by CoFHAPI providing CoFHAPI|energy) embedded in BuildCraft|Builders
[14:13:30] [Server thread/DEBUG] [FML/]: Found API cofh.api.energy (owned by CoFHAPI providing CoFHAPI|energy) embedded in BuildCraft|Robotics
[14:13:30] [Server thread/DEBUG] [FML/]: Found API cofh.api.energy (owned by CoFHAPI providing CoFHAPI|energy) embedded in BuildCraft|Silicon
[14:13:30] [Server thread/DEBUG] [FML/]: Found API cofh.api.energy (owned by CoFHAPI providing CoFHAPI|energy) embedded in BuildCraft|Energy
[14:13:30] [Server thread/DEBUG] [FML/]: Found API cofh.api.energy (owned by CoFHAPI providing CoFHAPI|energy) embedded in BuildCraft|Transport
[14:13:30] [Server thread/DEBUG] [FML/]: Found API cofh.api.energy (owned by CoFHAPI providing CoFHAPI|energy) embedded in BuildCraft|Core
[14:13:30] [Server thread/DEBUG] [FML/]: Found API cofh.api.energy (owned by CoFHAPI providing CoFHAPI|energy) embedded in BuildCraft|Factory
[14:13:30] [Server thread/DEBUG] [FML/]: Found API cofh.api.energy (owned by CoFHAPI providing CoFHAPI|energy) embedded in CoFHCore
[14:13:30] [Server thread/DEBUG] [FML/]: Found API li.cil.oc.api.component (owned by OpenComputers|Core providing OpenComputersAPI|Component) embedded in OpenComputers
[14:13:30] [Server thread/DEBUG] [FML/]: Found API cofh.lib.util.helpers (owned by CoFHLib providing CoFHLib|util|helpers) embedded in CoFHCore
[14:13:30] [Server thread/DEBUG] [FML/]: Found API cofh.api.modhelpers (owned by CoFHAPI providing CoFHAPI|modhelpers) embedded in CoFHCore
[14:13:30] [Server thread/DEBUG] [FML/]: Found API cofh.api (owned by CoFHLib providing CoFHAPI) embedded in Mekanism
[14:13:30] [Server thread/DEBUG] [FML/]: Found API mekanism.api.energy (owned by Mekanism providing MekanismAPI|energy) embedded in Mekanism
[14:13:30] [Server thread/DEBUG] [FML/]: Found API mekanism.api.gas (owned by Mekanism providing MekanismAPI|gas) embedded in NuclearCraft
[14:13:30] [Server thread/DEBUG] [FML/]: Found API buildcraft.api.library (owned by BuildCraftAPI|core providing BuildCraftAPI|library) embedded in Railcraft
[14:13:30] [Server thread/DEBUG] [FML/]: Found API betterquesting.api (owned by betterquesting providing BetterQuesting|API) embedded in betterquesting
[14:13:30] [Server thread/DEBUG] [FML/]: Found API cofh.api (owned by CoFHLib providing CoFHAPI) embedded in IC2NuclearControl
[14:13:30] [Server thread/DEBUG] [FML/]: Found API cofh.lib.render.particle (owned by CoFHLib providing CoFHLib|render|particle) embedded in CoFHCore
[14:13:30] [Server thread/DEBUG] [FML/]: Found API thaumcraft.api (owned by Thaumcraft providing Thaumcraft|API) embedded in Railcraft
[14:13:30] [Server thread/DEBUG] [FML/]: Found API buildcraft.api.tablet (owned by BuildCraftAPI|core providing BuildCraftAPI|tablet) embedded in Railcraft
[14:13:30] [Server thread/DEBUG] [FML/]: Found API buildcraft.api.tools (owned by BuildCraftAPI|core providing BuildCraftAPI|tools) embedded in ExtraUtilities
[14:13:30] [Server thread/DEBUG] [FML/]: Found API openblocks.api (owned by OpenBlocks providing OpenBlocks|API) embedded in OpenBlocks
[14:13:30] [Server thread/DEBUG] [FML/]: Found API mekanism.api.util (owned by Mekanism providing MekanismAPI|util) embedded in NuclearCraft
[14:13:30] [Server thread/DEBUG] [FML/]: Found API mods.railcraft.api.events (owned by RailcraftAPI|core providing RailcraftAPI|events) embedded in Railcraft
[14:13:30] [Server thread/DEBUG] [FML/]: Found API crazypants.enderio.api.tool (owned by EnderIO providing EnderIOAPI|Tools) embedded in EnderIO
[14:13:30] [Server thread/DEBUG] [FML/]: Found API com.cricketcraft.chisel.api.rendering (owned by Chisel providing ChiselAPI|Rendering) embedded in chisel
[14:13:30] [Server thread/DEBUG] [FML/]: Found API cofh.api.tileentity (owned by CoFHAPI providing CoFHAPI|tileentity) embedded in EnderIO
[14:13:30] [Server thread/DEBUG] [FML/]: Found API buildcraft.api.items (owned by BuildCraftAPI|core providing BuildCraftAPI|items) embedded in Railcraft
[14:13:30] [Server thread/DEBUG] [FML/]: Found API mrtjp.relocation.api (owned by ForgeRelocation providing ForgeRelocation|API) embedded in MCFrames
[14:13:30] [Server thread/DEBUG] [FML/]: Found API mrtjp.relocation.api (owned by ForgeRelocation providing ForgeRelocation|API) embedded in ForgeRelocation
[14:13:30] [Server thread/DEBUG] [FML/]: Found API buildcraft.api.blocks (owned by BuildCraftAPI|core providing BuildCraftAPI|blocks) embedded in Railcraft
[14:13:30] [Server thread/DEBUG] [FML/]: Found API cofh.api.energy (owned by CoFHAPI providing CoFHAPI|energy) embedded in p455w0rdslib
[14:13:30] [Server thread/DEBUG] [FML/]: Found API mekanism.api.util (owned by Mekanism providing MekanismAPI|util) embedded in Mekanism
[14:13:30] [Server thread/DEBUG] [FML/]: Found API buildcraft.api.tablet (owned by BuildCraftAPI|core providing BuildCraftAPI|tablet) embedded in BuildCraft|Builders
[14:13:30] [Server thread/DEBUG] [FML/]: Found API buildcraft.api.tablet (owned by BuildCraftAPI|core providing BuildCraftAPI|tablet) embedded in BuildCraft|Robotics
[14:13:30] [Server thread/DEBUG] [FML/]: Found API buildcraft.api.tablet (owned by BuildCraftAPI|core providing BuildCraftAPI|tablet) embedded in BuildCraft|Silicon
[14:13:30] [Server thread/DEBUG] [FML/]: Found API buildcraft.api.tablet (owned by BuildCraftAPI|core providing BuildCraftAPI|tablet) embedded in BuildCraft|Energy
[14:13:30] [Server thread/DEBUG] [FML/]: Found API buildcraft.api.tablet (owned by BuildCraftAPI|core providing BuildCraftAPI|tablet) embedded in BuildCraft|Transport
[14:13:30] [Server thread/DEBUG] [FML/]: Found API buildcraft.api.tablet (owned by BuildCraftAPI|core providing BuildCraftAPI|tablet) embedded in BuildCraft|Core
[14:13:30] [Server thread/DEBUG] [FML/]: Found API buildcraft.api.tablet (owned by BuildCraftAPI|core providing BuildCraftAPI|tablet) embedded in BuildCraft|Factory
[14:13:30] [Server thread/DEBUG] [FML/]: Found API ic2.api.network (owned by IC2 providing IC2API) embedded in IC2
[14:13:30] [Server thread/DEBUG] [FML/]: Found API mods.railcraft.api.core.items (owned by RailcraftAPI|core providing RailcraftAPI|items) embedded in Railcraft
[14:13:30] [Server thread/DEBUG] [FML/]: Found API mekanism.api.lasers (owned by Mekanism providing MekanismAPI|laser) embedded in Mekanism
[14:13:30] [Server thread/DEBUG] [FML/]: Found API openperipheral.api (owned by OpenPeripheralCore providing OpenPeripheralApi) embedded in OpenPeripheralCore
[14:13:30] [Server thread/DEBUG] [FML/]: Found API forestry.api.world (owned by ForestryAPI|core providing ForestryAPI|world) embedded in Forestry
[14:13:30] [Server thread/DEBUG] [FML/]: Found API cofh.api.energy (owned by CoFHAPI providing CoFHAPI|energy) embedded in physica
[14:13:30] [Server thread/DEBUG] [FML/]: Found API com.jaquadro.minecraft.storagedrawers.api.storage.attribute (owned by StorageDrawersAPI providing StorageDrawersAPI|storage-attribute) embedded in StorageDrawers
[14:13:30] [Server thread/DEBUG] [FML/]: Found API dan200.computercraft.api.peripheral (owned by ComputerCraft providing ComputerCraft|API|Peripheral) embedded in ComputerCraft
[14:13:30] [Server thread/DEBUG] [FML/]: Found API ic2.api.energy (owned by IC2 providing IC2API) embedded in IC2
[14:13:30] [Server thread/DEBUG] [FML/]: Found API cofh.api.inventory (owned by CoFHAPI providing CoFHAPI|inventory) embedded in CoFHCore
[14:13:30] [Server thread/DEBUG] [FML/]: Found API cofh.api.core (owned by CoFHAPI providing CoFHAPI|core) embedded in NuclearCraft
[14:13:30] [Server thread/DEBUG] [FML/]: Found API com.jaquadro.minecraft.storagedrawers.api.event (owned by StorageDrawersAPI providing StorageDrawersAPI|event) embedded in StorageDrawers
[14:13:30] [Server thread/DEBUG] [FML/]: Found API cofh.api.energy (owned by CoFHAPI providing CoFHAPI|energy) embedded in ImmersiveEngineering
[14:13:30] [Server thread/DEBUG] [FML/]: Found API com.jaquadro.minecraft.storagedrawers.api.storage (owned by StorageDrawersAPI providing StorageDrawersAPI|storage) embedded in StorageDrawers
[14:13:30] [Server thread/DEBUG] [FML/]: Found API ic2.api.reactor (owned by IC2 providing IC2API) embedded in IC2NuclearControl
[14:13:30] [Server thread/DEBUG] [FML/]: Found API forestry.api.apiculture.hives (owned by ForestryAPI|apiculture providing ForestryAPI|hives) embedded in Forestry
[14:13:30] [Server thread/DEBUG] [FML/]: Found API com.jaquadro.minecraft.storagedrawers.api (owned by StorageDrawers providing StorageDrawersAPI) embedded in StorageDrawers
[14:13:30] [Server thread/DEBUG] [FML/]: Found API net.geforcemods.securitycraft.api (owned by securitycraft providing SecurityCraftAPI) embedded in securitycraft
[14:13:30] [Server thread/DEBUG] [FML/]: Found API cofh.api.item (owned by CoFHAPI providing CoFHAPI|item) embedded in ExtraUtilities
[14:13:30] [Server thread/DEBUG] [FML/]: Found API mekanism.api (owned by Mekanism providing MekanismAPI|core) embedded in Mekanism
[14:13:30] [Server thread/DEBUG] [FML/]: Found API cofh.api (owned by CoFHLib providing CoFHAPI) embedded in hbm
[14:13:30] [Server thread/DEBUG] [FML/]: Found API appeng.api (owned by appliedenergistics2 providing appliedenergistics2|API) embedded in appliedenergistics2
[14:13:30] [Server thread/DEBUG] [FML/]: Found API li.cil.oc.api.machine (owned by OpenComputers|Core providing OpenComputersAPI|Machine) embedded in OpenComputers
[14:13:30] [Server thread/DEBUG] [FML/]: Found API openperipheral.api.architecture (owned by OpenPeripheralCore providing OpenPeripheralApi) embedded in OpenPeripheralCore
[14:13:30] [Server thread/DEBUG] [FML/]: Found API cofh.lib.util (owned by CoFHLib providing CoFHLib|util) embedded in CoFHCore
[14:13:30] [Server thread/DEBUG] [FML/]: Found API cofh.api (owned by CoFHLib providing CoFHAPI) embedded in EnderIO
[14:13:30] [Server thread/DEBUG] [FML/]: Found API forestry.api.circuits (owned by ForestryAPI|core providing ForestryAPI|circuits) embedded in Forestry
[14:13:30] [Server thread/DEBUG] [FML/]: Found API betterquesting.api2 (owned by betterquesting providing BetterQuesting|API2) embedded in betterquesting
[14:13:30] [Server thread/DEBUG] [FML/]: Found API forestry.api.food (owned by ForestryAPI|core providing ForestryAPI|food) embedded in Forestry
[14:13:30] [Server thread/DEBUG] [FML/]: Found API cofh.lib.gui.container (owned by CoFHLib providing CoFHLib|gui|container) embedded in CoFHCore
[14:13:30] [Server thread/DEBUG] [FML/]: Found API dan200.computercraft.api (owned by ComputerCraft providing ComputerCraft|API) embedded in ComputerCraft
[14:13:30] [Server thread/DEBUG] [FML/]: Found API cofh.api.energy (owned by CoFHAPI providing CoFHAPI|energy) embedded in ExtraUtilities
[14:13:30] [Server thread/DEBUG] [FML/]: Found API buildcraft.api (owned by BuildCraft|Core providing BuildCraftAPI|core) embedded in BuildCraft|Builders
[14:13:30] [Server thread/DEBUG] [FML/]: Found API buildcraft.api (owned by BuildCraft|Core providing BuildCraftAPI|core) embedded in BuildCraft|Robotics
[14:13:30] [Server thread/DEBUG] [FML/]: Found API buildcraft.api (owned by BuildCraft|Core providing BuildCraftAPI|core) embedded in BuildCraft|Silicon
[14:13:30] [Server thread/DEBUG] [FML/]: Found API buildcraft.api (owned by BuildCraft|Core providing BuildCraftAPI|core) embedded in BuildCraft|Energy
[14:13:30] [Server thread/DEBUG] [FML/]: Found API buildcraft.api (owned by BuildCraft|Core providing BuildCraftAPI|core) embedded in BuildCraft|Transport
[14:13:30] [Server thread/DEBUG] [FML/]: Found API buildcraft.api (owned by BuildCraft|Core providing BuildCraftAPI|core) embedded in BuildCraft|Core
[14:13:30] [Server thread/DEBUG] [FML/]: Found API buildcraft.api (owned by BuildCraft|Core providing BuildCraftAPI|core) embedded in BuildCraft|Factory
[14:13:30] [Server thread/DEBUG] [FML/]: Found API cofh.lib.gui.element.listbox (owned by CoFHLib providing CoFHLib|gui|element|listbox) embedded in CoFHCore
[14:13:30] [Server thread/DEBUG] [FML/]: Found API buildcraft.api.gates (owned by BuildCraftAPI|core providing BuildCraftAPI|gates) embedded in BuildCraft|Builders
[14:13:30] [Server thread/DEBUG] [FML/]: Found API buildcraft.api.gates (owned by BuildCraftAPI|core providing BuildCraftAPI|gates) embedded in BuildCraft|Robotics
[14:13:30] [Server thread/DEBUG] [FML/]: Found API buildcraft.api.gates (owned by BuildCraftAPI|core providing BuildCraftAPI|gates) embedded in BuildCraft|Silicon
[14:13:30] [Server thread/DEBUG] [FML/]: Found API buildcraft.api.gates (owned by BuildCraftAPI|core providing BuildCraftAPI|gates) embedded in BuildCraft|Energy
[14:13:30] [Server thread/DEBUG] [FML/]: Found API buildcraft.api.gates (owned by BuildCraftAPI|core providing BuildCraftAPI|gates) embedded in BuildCraft|Transport
[14:13:30] [Server thread/DEBUG] [FML/]: Found API buildcraft.api.gates (owned by BuildCraftAPI|core providing BuildCraftAPI|gates) embedded in BuildCraft|Core
[14:13:30] [Server thread/DEBUG] [FML/]: Found API buildcraft.api.gates (owned by BuildCraftAPI|core providing BuildCraftAPI|gates) embedded in BuildCraft|Factory
[14:13:30] [Server thread/DEBUG] [FML/]: Found API li.cil.oc.api.network (owned by OpenComputers|Core providing OpenComputersAPI|Network) embedded in OpenComputers
[14:13:30] [Server thread/DEBUG] [FML/]: Found API mekanism.api.recipe (owned by Mekanism providing MekanismAPI|recipe) embedded in NuclearCraft
[14:13:30] [Server thread/DEBUG] [FML/]: Found API cofh.api.transport (owned by CoFHAPI providing CoFHAPI|transport) embedded in CoFHCore
[14:13:30] [Server thread/DEBUG] [FML/]: Found API mcp.mobius.waila.api (owned by Waila providing WailaAPI) embedded in physica
[14:13:30] [Server thread/DEBUG] [FML/]: Found API cofh.lib.audio (owned by CoFHLib providing CoFHLib|audio) embedded in CoFHCore
[14:13:30] [Server thread/DEBUG] [FML/]: Found API cofh.lib.gui.slot (owned by CoFHLib providing CoFHLib|gui|slot) embedded in CoFHCore
[14:13:30] [Server thread/DEBUG] [FML/]: Found API buildcraft.api.power (owned by BuildCraftAPI|core providing BuildCraftAPI|power) embedded in BuildCraft|Builders
[14:13:30] [Server thread/DEBUG] [FML/]: Found API buildcraft.api.power (owned by BuildCraftAPI|core providing BuildCraftAPI|power) embedded in BuildCraft|Robotics
[14:13:30] [Server thread/DEBUG] [FML/]: Found API buildcraft.api.power (owned by BuildCraftAPI|core providing BuildCraftAPI|power) embedded in BuildCraft|Silicon
[14:13:30] [Server thread/DEBUG] [FML/]: Found API buildcraft.api.power (owned by BuildCraftAPI|core providing BuildCraftAPI|power) embedded in BuildCraft|Energy
[14:13:30] [Server thread/DEBUG] [FML/]: Found API buildcraft.api.power (owned by BuildCraftAPI|core providing BuildCraftAPI|power) embedded in BuildCraft|Transport
[14:13:30] [Server thread/DEBUG] [FML/]: Found API buildcraft.api.power (owned by BuildCraftAPI|core providing BuildCraftAPI|power) embedded in BuildCraft|Core
[14:13:30] [Server thread/DEBUG] [FML/]: Found API buildcraft.api.power (owned by BuildCraftAPI|core providing BuildCraftAPI|power) embedded in BuildCraft|Factory
[14:13:30] [Server thread/DEBUG] [FML/]: Found API com.jaquadro.minecraft.storagedrawers.api.registry (owned by StorageDrawersAPI providing StorageDrawersAPI|registry) embedded in StorageDrawers
[14:13:30] [Server thread/DEBUG] [FML/]: Found API cofh.api.core (owned by CoFHAPI providing CoFHAPI|core) embedded in CoFHCore
[14:13:30] [Server thread/DEBUG] [FML/]: Found API li.cil.oc.api.event (owned by OpenComputers|Core providing OpenComputersAPI|Event) embedded in OpenComputers
[14:13:30] [Server thread/DEBUG] [FML/]: Found API crazypants.enderio.api.redstone (owned by EnderIO providing EnderIOAPI|Redstone) embedded in EnderIO
[14:13:30] [Server thread/DEBUG] [FML/]: Found API crazypants.enderio.api (owned by EnderIO providing EnderIOAPI) embedded in EnderIO
[14:13:30] [Server thread/DEBUG] [FML/]: Found API shedar.mods.ic2.nuclearcontrol.api (owned by IC2NuclearControl providing NuclearControlAPI) embedded in IC2NuclearControl
[14:13:30] [Server thread/DEBUG] [FML/]: Found API cofh.lib.inventory (owned by CoFHLib providing CoFHLib|inventory) embedded in CoFHCore
[14:13:30] [Server thread/DEBUG] [FML/]: Found API dan200.computercraft.api.turtle (owned by ComputerCraft providing ComputerCraft|API|Turtle) embedded in ComputerCraft
[14:13:30] [Server thread/DEBUG] [FML/]: Found API cofh.api.item (owned by CoFHAPI providing CoFHAPI|item) embedded in ImmersiveEngineering
[14:13:30] [Server thread/DEBUG] [FML/]: Found API buildcraft.api.tools (owned by BuildCraftAPI|core providing BuildCraftAPI|tools) embedded in BuildCraft|Builders
[14:13:30] [Server thread/DEBUG] [FML/]: Found API buildcraft.api.tools (owned by BuildCraftAPI|core providing BuildCraftAPI|tools) embedded in BuildCraft|Robotics
[14:13:30] [Server thread/DEBUG] [FML/]: Found API buildcraft.api.tools (owned by BuildCraftAPI|core providing BuildCraftAPI|tools) embedded in BuildCraft|Silicon
[14:13:30] [Server thread/DEBUG] [FML/]: Found API buildcraft.api.tools (owned by BuildCraftAPI|core providing BuildCraftAPI|tools) embedded in BuildCraft|Energy
[14:13:30] [Server thread/DEBUG] [FML/]: Found API buildcraft.api.tools (owned by BuildCraftAPI|core providing BuildCraftAPI|tools) embedded in BuildCraft|Transport
[14:13:30] [Server thread/DEBUG] [FML/]: Found API buildcraft.api.tools (owned by BuildCraftAPI|core providing BuildCraftAPI|tools) embedded in BuildCraft|Core
[14:13:30] [Server thread/DEBUG] [FML/]: Found API buildcraft.api.tools (owned by BuildCraftAPI|core providing BuildCraftAPI|tools) embedded in BuildCraft|Factory
[14:13:30] [Server thread/DEBUG] [FML/]: Found API forestry.api.lepidopterology (owned by ForestryAPI|core providing ForestryAPI|lepidopterology) embedded in Forestry
[14:13:30] [Server thread/DEBUG] [FML/]: Found API cofh.api.energy (owned by CoFHAPI providing CoFHAPI|energy) embedded in ActuallyAdditions
[14:13:30] [Server thread/DEBUG] [FML/]: Found API cofh.api.block (owned by CoFHAPI providing CoFHAPI|block) embedded in ExtraUtilities
[14:13:30] [Server thread/DEBUG] [FML/]: Found API appeng.api (owned by appliedenergistics2 providing appliedenergistics2|API) embedded in physica
[14:13:30] [Server thread/DEBUG] [FML/]: Found API cofh.api.inventory (owned by CoFHAPI providing CoFHAPI|inventory) embedded in NuclearCraft
[14:13:30] [Server thread/DEBUG] [FML/]: Found API mekanism.api.transmitters (owned by Mekanism providing MekanismAPI|transmitter) embedded in NuclearCraft
[14:13:30] [Server thread/DEBUG] [FML/]: Found API buildcraft.api (owned by BuildCraft|Core providing BuildCraftAPI|core) embedded in Railcraft
[14:13:30] [Server thread/DEBUG] [FML/]: Found API forestry.api.multiblock (owned by ForestryAPI|core providing ForestryAPI|multiblock) embedded in Forestry
[14:13:30] [Server thread/DEBUG] [FML/]: Found API cofh.api.energy (owned by CoFHAPI providing CoFHAPI|energy) embedded in BrandonsCore
[14:13:30] [Server thread/DEBUG] [FML/]: Found API openperipheral.api.property (owned by OpenPeripheralCore providing OpenPeripheralApi) embedded in OpenPeripheralCore
[14:13:30] [Server thread/DEBUG] [FML/]: Found API buildcraft.api.statements (owned by BuildCraftAPI|core providing BuildCraftAPI|statements) embedded in BuildCraft|Builders
[14:13:30] [Server thread/DEBUG] [FML/]: Found API buildcraft.api.statements (owned by BuildCraftAPI|core providing BuildCraftAPI|statements) embedded in BuildCraft|Robotics
[14:13:30] [Server thread/DEBUG] [FML/]: Found API buildcraft.api.statements (owned by BuildCraftAPI|core providing BuildCraftAPI|statements) embedded in BuildCraft|Silicon
[14:13:30] [Server thread/DEBUG] [FML/]: Found API buildcraft.api.statements (owned by BuildCraftAPI|core providing BuildCraftAPI|statements) embedded in BuildCraft|Energy
[14:13:30] [Server thread/DEBUG] [FML/]: Found API buildcraft.api.statements (owned by BuildCraftAPI|core providing BuildCraftAPI|statements) embedded in BuildCraft|Transport
[14:13:30] [Server thread/DEBUG] [FML/]: Found API buildcraft.api.statements (owned by BuildCraftAPI|core providing BuildCraftAPI|statements) embedded in BuildCraft|Core
[14:13:30] [Server thread/DEBUG] [FML/]: Found API buildcraft.api.statements (owned by BuildCraftAPI|core providing BuildCraftAPI|statements) embedded in BuildCraft|Factory
[14:13:30] [Server thread/DEBUG] [FML/]: Found API cofh.api.energy (owned by CoFHAPI providing CoFHAPI|energy) embedded in Railcraft
[14:13:30] [Server thread/DEBUG] [FML/]: Found API mods.railcraft.api.carts.bore (owned by RailcraftAPI|carts providing RailcraftAPI|bore) embedded in Railcraft
[14:13:30] [Server thread/DEBUG] [FML/]: Found API ic2.api.recipe (owned by IC2 providing IC2API) embedded in IC2
[14:13:30] [Server thread/DEBUG] [FML/]: Found API mekanism.api.gas (owned by Mekanism providing MekanismAPI|gas) embedded in Mekanism
[14:13:30] [Server thread/DEBUG] [FML/]: Found API cofh.api.block (owned by CoFHAPI providing CoFHAPI|block) embedded in CoFHCore
[14:13:30] [Server thread/DEBUG] [FML/]: Found API cofh.api (owned by CoFHLib providing CoFHAPI) embedded in CoFHCore
[14:13:30] [Server thread/DEBUG] [FML/]: Found API mods.railcraft.api.helpers (owned by RailcraftAPI|core providing RailcraftAPI|helpers) embedded in Railcraft
[14:13:30] [Server thread/DEBUG] [FML/]: Found API forestry.api.recipes (owned by ForestryAPI|core providing ForestryAPI|recipes) embedded in Forestry
[14:13:30] [Server thread/DEBUG] [FML/]: Found API com.kamesuta.mc.bnnwidget (owned by bnnwidget providing bnnwidget) embedded in signpic
[14:13:30] [Server thread/DEBUG] [FML/]: Found API ic2.api.util (owned by IC2 providing IC2API) embedded in IC2
[14:13:30] [Server thread/DEBUG] [FML/]: Found API mekanism.api.lasers (owned by Mekanism providing MekanismAPI|laser) embedded in NuclearCraft
[14:13:30] [Server thread/DEBUG] [FML/]: Found API buildcraft.api.tiles (owned by BuildCraftAPI|core providing BuildCraftAPI|tiles) embedded in Railcraft
[14:13:30] [Server thread/DEBUG] [FML/]: Found API ic2.api.energy.event (owned by IC2 providing IC2API) embedded in IC2
[14:13:30] [Server thread/DEBUG] [FML/]: Found API cofh.api.item (owned by CoFHAPI providing CoFHAPI|item) embedded in physica
[14:13:30] [Server thread/DEBUG] [FML/]: Found API mekanism.api.recipe (owned by Mekanism providing MekanismAPI|recipe) embedded in Mekanism
[14:13:30] [Server thread/DEBUG] [FML/]: Found API cofh.api.item (owned by CoFHAPI providing CoFHAPI|item) embedded in Mekanism
[14:13:30] [Server thread/DEBUG] [FML/]: Found API de.ellpeck.actuallyadditions.api (owned by ActuallyAdditions providing ActuallyAdditionsAPI) embedded in ActuallyAdditions
[14:13:30] [Server thread/DEBUG] [FML/]: Found API buildcraft.api.crops (owned by BuildCraftAPI|Core providing BuildCraftAPI|crops) embedded in BuildCraft|Builders
[14:13:30] [Server thread/DEBUG] [FML/]: Found API buildcraft.api.crops (owned by BuildCraftAPI|Core providing BuildCraftAPI|crops) embedded in BuildCraft|Robotics
[14:13:30] [Server thread/DEBUG] [FML/]: Found API buildcraft.api.crops (owned by BuildCraftAPI|Core providing BuildCraftAPI|crops) embedded in BuildCraft|Silicon
[14:13:30] [Server thread/DEBUG] [FML/]: Found API buildcraft.api.crops (owned by BuildCraftAPI|Core providing BuildCraftAPI|crops) embedded in BuildCraft|Energy
[14:13:30] [Server thread/DEBUG] [FML/]: Found API buildcraft.api.crops (owned by BuildCraftAPI|Core providing BuildCraftAPI|crops) embedded in BuildCraft|Transport
[14:13:30] [Server thread/DEBUG] [FML/]: Found API buildcraft.api.crops (owned by BuildCraftAPI|Core providing BuildCraftAPI|crops) embedded in BuildCraft|Core
[14:13:30] [Server thread/DEBUG] [FML/]: Found API buildcraft.api.crops (owned by BuildCraftAPI|Core providing BuildCraftAPI|crops) embedded in BuildCraft|Factory
[14:13:30] [Server thread/DEBUG] [FML/]: Found API crazypants.enderio.api.teleport (owned by EnderIO providing EnderIOAPI|Teleport) embedded in EnderIO
[14:13:30] [Server thread/DEBUG] [FML/]: Found API cofh.api.item (owned by CoFHAPI providing CoFHAPI|item) embedded in CoFHCore
[14:13:30] [Server thread/DEBUG] [FML/]: Found API cofh.api.tileentity (owned by CoFHAPI providing CoFHAPI|tileentity) embedded in CoFHCore
[14:13:30] [Server thread/DEBUG] [FML/]: Found API aroma1997.backup.api (owned by AromaBackup providing AromaBackupAPI) embedded in AromaBackup
[14:13:30] [Server thread/DEBUG] [FML/]: Found API aroma1997.backup.api (owned by AromaBackup providing AromaBackupAPI) embedded in AromaBackupRecovery
[14:13:30] [Server thread/DEBUG] [FML/]: Found API com.jaquadro.minecraft.storagedrawers.api.pack (owned by StorageDrawersAPI providing StorageDrawersAPI|pack) embedded in StorageDrawers
[14:13:30] [Server thread/DEBUG] [FML/]: Found API ic2.api.reactor (owned by IC2 providing IC2API) embedded in IC2
[14:13:30] [Server thread/DEBUG] [FML/]: Found API mekanism.api.energy (owned by Mekanism providing MekanismAPI|energy) embedded in NuclearCraft
[14:13:30] [Server thread/DEBUG] [FML/]: Found API net.p455w0rd.wirelesscraftingterminal.api (owned by ae2wct providing ae2wct|API) embedded in ae2wct
[14:13:30] [Server thread/DEBUG] [FML/]: Found API buildcraft.api.crops (owned by BuildCraftAPI|Core providing BuildCraftAPI|crops) embedded in Railcraft
[14:13:30] [Server thread/DEBUG] [FML/]: Found API com.cricketcraft.chisel.api.carving (owned by Chisel providing ChiselAPI|Carving) embedded in chisel
[14:13:30] [Server thread/DEBUG] [FML/]: Found API buildcraft.api.events (owned by BuildCraftAPI|core providing BuildCraftAPI|events) embedded in BuildCraft|Builders
[14:13:30] [Server thread/DEBUG] [FML/]: Found API buildcraft.api.events (owned by BuildCraftAPI|core providing BuildCraftAPI|events) embedded in BuildCraft|Robotics
[14:13:30] [Server thread/DEBUG] [FML/]: Found API buildcraft.api.events (owned by BuildCraftAPI|core providing BuildCraftAPI|events) embedded in BuildCraft|Silicon
[14:13:30] [Server thread/DEBUG] [FML/]: Found API buildcraft.api.events (owned by BuildCraftAPI|core providing BuildCraftAPI|events) embedded in BuildCraft|Energy
[14:13:30] [Server thread/DEBUG] [FML/]: Found API buildcraft.api.events (owned by BuildCraftAPI|core providing BuildCraftAPI|events) embedded in BuildCraft|Transport
[14:13:30] [Server thread/DEBUG] [FML/]: Found API buildcraft.api.events (owned by BuildCraftAPI|core providing BuildCraftAPI|events) embedded in BuildCraft|Core
[14:13:30] [Server thread/DEBUG] [FML/]: Found API buildcraft.api.events (owned by BuildCraftAPI|core providing BuildCraftAPI|events) embedded in BuildCraft|Factory
[14:13:30] [Server thread/DEBUG] [FML/]: Found API li.cil.oc.api.manual (owned by OpenComputers|Core providing OpenComputersAPI|Manual) embedded in OpenComputers
[14:13:30] [Server thread/DEBUG] [FML/]: Found API forestry.api.storage (owned by ForestryAPI|core providing ForestryAPI|storage) embedded in Forestry
[14:13:30] [Server thread/DEBUG] [FML/]: Found API cofh.lib (owned by CoFHCore providing CoFHLib) embedded in CoFHCore
[14:13:30] [Server thread/DEBUG] [FML/]: Found API cofh.api (owned by CoFHLib providing CoFHAPI) embedded in BrandonsCore
[14:13:30] [Server thread/DEBUG] [FML/]: Found API forestry.api.arboriculture (owned by ForestryAPI|core providing ForestryAPI|arboriculture) embedded in Forestry
[14:13:30] [Server thread/DEBUG] [FML/]: Found API cofh.api.transport (owned by CoFHAPI providing CoFHAPI|transport) embedded in NuclearCraft
[14:13:30] [Server thread/DEBUG] [FML/]: Found API buildcraft.api.boards (owned by BuildCraftAPI|core providing BuildCraftAPI|boards) embedded in BuildCraft|Builders
[14:13:30] [Server thread/DEBUG] [FML/]: Found API buildcraft.api.boards (owned by BuildCraftAPI|core providing BuildCraftAPI|boards) embedded in BuildCraft|Robotics
[14:13:30] [Server thread/DEBUG] [FML/]: Found API buildcraft.api.boards (owned by BuildCraftAPI|core providing BuildCraftAPI|boards) embedded in BuildCraft|Silicon
[14:13:30] [Server thread/DEBUG] [FML/]: Found API buildcraft.api.boards (owned by BuildCraftAPI|core providing BuildCraftAPI|boards) embedded in BuildCraft|Energy
[14:13:30] [Server thread/DEBUG] [FML/]: Found API buildcraft.api.boards (owned by BuildCraftAPI|core providing BuildCraftAPI|boards) embedded in BuildCraft|Transport
[14:13:30] [Server thread/DEBUG] [FML/]: Found API buildcraft.api.boards (owned by BuildCraftAPI|core providing BuildCraftAPI|boards) embedded in BuildCraft|Core
[14:13:30] [Server thread/DEBUG] [FML/]: Found API buildcraft.api.boards (owned by BuildCraftAPI|core providing BuildCraftAPI|boards) embedded in BuildCraft|Factory
[14:13:30] [Server thread/DEBUG] [FML/]: Found API dan200.computercraft.api.permissions (owned by ComputerCraft providing ComputerCraft|API|Permissions) embedded in ComputerCraft
[14:13:30] [Server thread/DEBUG] [FML/]: Found API buildcraft.additionalpipes.api (owned by additionalpipes providing apAPI) embedded in additionalpipes
[14:13:30] [Server thread/DEBUG] [FML/]: Found API mekanism.api (owned by Mekanism providing MekanismAPI|core) embedded in NuclearCraft
[14:13:30] [Server thread/DEBUG] [FML/]: Found API cofh.api.energy (owned by CoFHAPI providing CoFHAPI|energy) embedded in EnderIO
[14:13:30] [Server thread/DEBUG] [FML/]: Found API dan200.computercraft.api.redstone (owned by ComputerCraft providing ComputerCraft|API|Redstone) embedded in ComputerCraft
[14:13:30] [Server thread/DEBUG] [FML/]: Found API openperipheral.api.helpers (owned by OpenPeripheralCore providing OpenPeripheralApi) embedded in OpenPeripheralCore
[14:13:30] [Server thread/DEBUG] [FML/]: Found API cofh.api (owned by CoFHLib providing CoFHAPI) embedded in ExtraUtilities
[14:13:30] [Server thread/DEBUG] [FML/]: Found API dan200.computercraft.api.media (owned by ComputerCraft providing ComputerCraft|API|Media) embedded in ComputerCraft
[14:13:30] [Server thread/DEBUG] [FML/]: Found API cofh.api.transport (owned by CoFHAPI providing CoFHAPI|transport) embedded in endercore
[14:13:30] [Server thread/DEBUG] [FML/]: Found API cofh.api.block (owned by CoFHAPI providing CoFHAPI|block) embedded in NuclearCraft
[14:13:30] [Server thread/DEBUG] [FML/]: Found API li.cil.oc.api.fs (owned by OpenComputers|Core providing OpenComputersAPI|FileSystem) embedded in OpenComputers
[14:13:30] [Server thread/DEBUG] [FML/]: Found API mekanism.api.reactor (owned by Mekanism providing MekanismAPI|reactor) embedded in Mekanism
[14:13:30] [Server thread/DEBUG] [FML/]: Found API ic2.api.item (owned by IC2 providing IC2API) embedded in IC2
[14:13:30] [Server thread/DEBUG] [FML/]: Found API buildcraft.api (owned by BuildCraft|Core providing BuildCraftAPI|core) embedded in ExtraUtilities
[14:13:30] [Server thread/DEBUG] [FML/]: Found API ic2.api.energy.tile (owned by IC2 providing IC2API) embedded in IC2
[14:13:30] [Server thread/DEBUG] [FML/]: Found API openperipheral.addons.api (owned by OpenPeripheralAddons providing OpenPeripheralAddonsApi) embedded in OpenPeripheral
[14:13:30] [Server thread/DEBUG] [FML/]: Found API mods.railcraft.api.crafting (owned by RailcraftAPI|core providing RailcraftAPI|crafting) embedded in Railcraft
[14:13:30] [Server thread/DEBUG] [FML/]: Found API openperipheral.api.converter (owned by OpenPeripheralCore providing OpenPeripheralApi) embedded in OpenPeripheralCore
[14:13:30] [Server thread/DEBUG] [FML/]: Found API buildcraft.api.fuels (owned by BuildCraftAPI|core providing BuildCraftAPI|fuels) embedded in BuildCraft|Builders
[14:13:30] [Server thread/DEBUG] [FML/]: Found API buildcraft.api.fuels (owned by BuildCraftAPI|core providing BuildCraftAPI|fuels) embedded in BuildCraft|Robotics
[14:13:30] [Server thread/DEBUG] [FML/]: Found API buildcraft.api.fuels (owned by BuildCraftAPI|core providing BuildCraftAPI|fuels) embedded in BuildCraft|Silicon
[14:13:30] [Server thread/DEBUG] [FML/]: Found API buildcraft.api.fuels (owned by BuildCraftAPI|core providing BuildCraftAPI|fuels) embedded in BuildCraft|Energy
[14:13:30] [Server thread/DEBUG] [FML/]: Found API buildcraft.api.fuels (owned by BuildCraftAPI|core providing BuildCraftAPI|fuels) embedded in BuildCraft|Transport
[14:13:30] [Server thread/DEBUG] [FML/]: Found API buildcraft.api.fuels (owned by BuildCraftAPI|core providing BuildCraftAPI|fuels) embedded in BuildCraft|Core
[14:13:30] [Server thread/DEBUG] [FML/]: Found API buildcraft.api.fuels (owned by BuildCraftAPI|core providing BuildCraftAPI|fuels) embedded in BuildCraft|Factory
[14:13:30] [Server thread/DEBUG] [FML/]: Found API ic2.api (owned by IC2 providing IC2API) embedded in IC2
[14:13:30] [Server thread/DEBUG] [FML/]: Found API buildcraft.api.statements (owned by BuildCraftAPI|core providing BuildCraftAPI|statements) embedded in Railcraft
[14:13:30] [Server thread/DEBUG] [FML/]: Found API forestry.api.apiculture (owned by ForestryAPI|core providing ForestryAPI|apiculture) embedded in Forestry
[14:13:30] [Server thread/DEBUG] [FML/]: Found API blusunrize.immersiveengineering.api (owned by ImmersiveEngineering providing ImmersiveEngineering|API) embedded in ImmersiveEngineering
[14:13:30] [Server thread/DEBUG] [FML/]: Found API li.cil.oc.api.driver (owned by OpenComputers|Core providing OpenComputersAPI|Driver) embedded in OpenComputers
[14:13:30] [Server thread/DEBUG] [FML/]: Found API openperipheral.api.adapter.method (owned by OpenPeripheralCore providing OpenPeripheralApi) embedded in OpenPeripheralCore
[14:13:30] [Server thread/DEBUG] [FML/]: Found API buildcraft.api.robots (owned by BuildCraftAPI|core providing BuildCraftAPI|robotics) embedded in BuildCraft|Builders
[14:13:30] [Server thread/DEBUG] [FML/]: Found API buildcraft.api.robots (owned by BuildCraftAPI|core providing BuildCraftAPI|robotics) embedded in BuildCraft|Robotics
[14:13:30] [Server thread/DEBUG] [FML/]: Found API buildcraft.api.robots (owned by BuildCraftAPI|core providing BuildCraftAPI|robotics) embedded in BuildCraft|Silicon
[14:13:30] [Server thread/DEBUG] [FML/]: Found API buildcraft.api.robots (owned by BuildCraftAPI|core providing BuildCraftAPI|robotics) embedded in BuildCraft|Energy
[14:13:30] [Server thread/DEBUG] [FML/]: Found API buildcraft.api.robots (owned by BuildCraftAPI|core providing BuildCraftAPI|robotics) embedded in BuildCraft|Transport
[14:13:30] [Server thread/DEBUG] [FML/]: Found API buildcraft.api.robots (owned by BuildCraftAPI|core providing BuildCraftAPI|robotics) embedded in BuildCraft|Core
[14:13:30] [Server thread/DEBUG] [FML/]: Found API buildcraft.api.robots (owned by BuildCraftAPI|core providing BuildCraftAPI|robotics) embedded in BuildCraft|Factory
[14:13:30] [Server thread/DEBUG] [FML/]: Found API mods.railcraft.api.core (owned by Railcraft providing RailcraftAPI|core) embedded in Railcraft
[14:13:30] [Server thread/DEBUG] [FML/]: Found API cofh.api.tileentity (owned by CoFHAPI providing CoFHAPI|tileentity) embedded in NuclearCraft
[14:13:30] [Server thread/DEBUG] [FML/]: Found API mekanism.api.infuse (owned by Mekanism providing MekanismAPI|infuse) embedded in NuclearCraft
[14:13:30] [Server thread/DEBUG] [FML/]: Found API cofh.api.energy (owned by CoFHAPI providing CoFHAPI|energy) embedded in IC2NuclearControl
[14:13:30] [Server thread/DEBUG] [FML/]: Found API cofh.lib.gui.element (owned by CoFHLib providing CoFHLib|gui|element) embedded in CoFHCore
[14:13:30] [Server thread/DEBUG] [FML/]: Found API cofh.lib.render (owned by CoFHLib providing CoFHLib|render) embedded in CoFHCore
[14:13:30] [Server thread/DEBUG] [FML/]: Found API baubles.api (owned by Baubles providing Baubles|API) embedded in ThermalFoundation
[14:13:30] [Server thread/DEBUG] [FML/]: Found API cofh.api.world (owned by CoFHAPI providing CoFHAPI|world) embedded in CoFHCore
[14:13:30] [Server thread/DEBUG] [FML/]: Found API openperipheral.api.architecture.cc (owned by OpenPeripheralCore providing OpenPeripheralApi) embedded in OpenPeripheralCore
[14:13:30] [Server thread/DEBUG] [FML/]: Found API forestry.api.mail (owned by ForestryAPI|core providing ForestryAPI|mail) embedded in Forestry
[14:13:30] [Server thread/DEBUG] [FML/]: Found API cofh.lib.util.position (owned by CoFHLib providing CoFHLib|util|position) embedded in CoFHCore
[14:13:30] [Server thread/DEBUG] [FML/]: Found API li.cil.oc.api.internal (owned by OpenComputers|Core providing OpenComputersAPI|Internal) embedded in OpenComputers
[14:13:30] [Server thread/DEBUG] [FML/]: Found API buildcraft.api.tiles (owned by BuildCraftAPI|core providing BuildCraftAPI|tiles) embedded in BuildCraft|Builders
[14:13:30] [Server thread/DEBUG] [FML/]: Found API buildcraft.api.tiles (owned by BuildCraftAPI|core providing BuildCraftAPI|tiles) embedded in BuildCraft|Robotics
[14:13:30] [Server thread/DEBUG] [FML/]: Found API buildcraft.api.tiles (owned by BuildCraftAPI|core providing BuildCraftAPI|tiles) embedded in BuildCraft|Silicon
[14:13:30] [Server thread/DEBUG] [FML/]: Found API buildcraft.api.tiles (owned by BuildCraftAPI|core providing BuildCraftAPI|tiles) embedded in BuildCraft|Energy
[14:13:30] [Server thread/DEBUG] [FML/]: Found API buildcraft.api.tiles (owned by BuildCraftAPI|core providing BuildCraftAPI|tiles) embedded in BuildCraft|Transport
[14:13:30] [Server thread/DEBUG] [FML/]: Found API buildcraft.api.tiles (owned by BuildCraftAPI|core providing BuildCraftAPI|tiles) embedded in BuildCraft|Core
[14:13:30] [Server thread/DEBUG] [FML/]: Found API buildcraft.api.tiles (owned by BuildCraftAPI|core providing BuildCraftAPI|tiles) embedded in BuildCraft|Factory
[14:13:30] [Server thread/DEBUG] [FML/]: Found API li.cil.oc.api.prefab (owned by OpenComputers|Core providing OpenComputersAPI|Prefab) embedded in OpenComputers
[14:13:30] [Server thread/DEBUG] [FML/]: Found API com.jaquadro.minecraft.storagedrawers.api.render (owned by StorageDrawersAPI providing StorageDrawersAPI|render) embedded in StorageDrawers
[14:13:30] [Server thread/DEBUG] [FML/]: Found API cofh.api (owned by CoFHLib providing CoFHAPI) embedded in Railcraft
[14:13:30] [Server thread/DEBUG] [FML/]: Found API mekanism.api.infuse (owned by Mekanism providing MekanismAPI|infuse) embedded in Mekanism
[14:13:30] [Server thread/DEBUG] [FML/]: Found API forestry.api.core (owned by Forestry providing ForestryAPI|core) embedded in Forestry
[14:13:30] [Server thread/DEBUG] [FML/]: Found API buildcraft.api.facades (owned by BuildCraftAPI|core providing BuildCraftAPI|facades) embedded in BuildCraft|Builders
[14:13:30] [Server thread/DEBUG] [FML/]: Found API buildcraft.api.facades (owned by BuildCraftAPI|core providing BuildCraftAPI|facades) embedded in BuildCraft|Robotics
[14:13:30] [Server thread/DEBUG] [FML/]: Found API buildcraft.api.facades (owned by BuildCraftAPI|core providing BuildCraftAPI|facades) embedded in BuildCraft|Silicon
[14:13:30] [Server thread/DEBUG] [FML/]: Found API buildcraft.api.facades (owned by BuildCraftAPI|core providing BuildCraftAPI|facades) embedded in BuildCraft|Energy
[14:13:30] [Server thread/DEBUG] [FML/]: Found API buildcraft.api.facades (owned by BuildCraftAPI|core providing BuildCraftAPI|facades) embedded in BuildCraft|Transport
[14:13:30] [Server thread/DEBUG] [FML/]: Found API buildcraft.api.facades (owned by BuildCraftAPI|core providing BuildCraftAPI|facades) embedded in BuildCraft|Core
[14:13:30] [Server thread/DEBUG] [FML/]: Found API buildcraft.api.facades (owned by BuildCraftAPI|core providing BuildCraftAPI|facades) embedded in BuildCraft|Factory
[14:13:30] [Server thread/DEBUG] [FML/]: Found API net.bdew.pressure.api (owned by pressure providing pressureAPI) embedded in pressure
[14:13:30] [Server thread/DEBUG] [FML/]: Found API cofh.lib.world.feature (owned by CoFHLib providing CoFHLib|world|feature) embedded in CoFHCore
[14:13:30] [Server thread/DEBUG] [FML/]: Found API mods.railcraft.api.electricity (owned by RailcraftAPI|core providing RailcraftAPI|electricity) embedded in Railcraft
[14:13:30] [Server thread/DEBUG] [FML/]: Found API cofh.lib.gui (owned by CoFHLib providing CoFHLib|gui) embedded in CoFHCore
[14:13:30] [Server thread/DEBUG] [FML/]: Found API cofh.lib.world (owned by CoFHLib providing CoFHLib|world) embedded in CoFHCore
[14:13:30] [Server thread/DEBUG] [FML/]: Found API cofh.api (owned by CoFHLib providing CoFHAPI) embedded in p455w0rdslib
[14:13:30] [Server thread/DEBUG] [FML/]: Found API ic2.api.info (owned by IC2 providing IC2API) embedded in IC2
[14:13:30] [Server thread/DEBUG] [FML/]: Found API cofh.api.energy (owned by CoFHAPI providing CoFHAPI|energy) embedded in Forestry
[14:13:30] [Server thread/DEBUG] [FML/]: Found API buildcraft.api.recipes (owned by BuildCraftAPI|core providing BuildCraftAPI|recipes) embedded in BuildCraft|Builders
[14:13:30] [Server thread/DEBUG] [FML/]: Found API buildcraft.api.recipes (owned by BuildCraftAPI|core providing BuildCraftAPI|recipes) embedded in BuildCraft|Robotics
[14:13:30] [Server thread/DEBUG] [FML/]: Found API buildcraft.api.recipes (owned by BuildCraftAPI|core providing BuildCraftAPI|recipes) embedded in BuildCraft|Silicon
[14:13:30] [Server thread/DEBUG] [FML/]: Found API buildcraft.api.recipes (owned by BuildCraftAPI|core providing BuildCraftAPI|recipes) embedded in BuildCraft|Energy
[14:13:30] [Server thread/DEBUG] [FML/]: Found API buildcraft.api.recipes (owned by BuildCraftAPI|core providing BuildCraftAPI|recipes) embedded in BuildCraft|Transport
[14:13:30] [Server thread/DEBUG] [FML/]: Found API buildcraft.api.recipes (owned by BuildCraftAPI|core providing BuildCraftAPI|recipes) embedded in BuildCraft|Core
[14:13:30] [Server thread/DEBUG] [FML/]: Found API buildcraft.api.recipes (owned by BuildCraftAPI|core providing BuildCraftAPI|recipes) embedded in BuildCraft|Factory
[14:13:30] [Server thread/DEBUG] [FML/]: Found API buildcraft.api.core (owned by BuildCraft|Core providing BuildCraftAPI|core) embedded in BuildCraft|Core
[14:13:30] [Server thread/DEBUG] [FML/]: Found API forestry.api.fuels (owned by ForestryAPI|core providing ForestryAPI|fuels) embedded in Forestry
[14:13:30] [Server thread/DEBUG] [FML/]: Found API mods.railcraft.api.fuel (owned by RailcraftAPI|core providing RailcraftAPI|fuel) embedded in Railcraft
[14:13:30] [Server thread/DEBUG] [FML/]: Found API cofh.api.fluid (owned by CoFHAPI providing CoFHAPI|fluid) embedded in CoFHCore
[14:13:30] [Server thread/DEBUG] [FML/]: Found API cofh.api.fluid (owned by CoFHAPI providing CoFHAPI|fluid) embedded in NuclearCraft
[14:13:30] [Server thread/DEBUG] [FML/]: Found API buildcraft.api.blocks (owned by BuildCraftAPI|core providing BuildCraftAPI|blocks) embedded in BuildCraft|Builders
[14:13:30] [Server thread/DEBUG] [FML/]: Found API buildcraft.api.blocks (owned by BuildCraftAPI|core providing BuildCraftAPI|blocks) embedded in BuildCraft|Robotics
[14:13:30] [Server thread/DEBUG] [FML/]: Found API buildcraft.api.blocks (owned by BuildCraftAPI|core providing BuildCraftAPI|blocks) embedded in BuildCraft|Silicon
[14:13:30] [Server thread/DEBUG] [FML/]: Found API buildcraft.api.blocks (owned by BuildCraftAPI|core providing BuildCraftAPI|blocks) embedded in BuildCraft|Energy
[14:13:30] [Server thread/DEBUG] [FML/]: Found API buildcraft.api.blocks (owned by BuildCraftAPI|core providing BuildCraftAPI|blocks) embedded in BuildCraft|Transport
[14:13:30] [Server thread/DEBUG] [FML/]: Found API buildcraft.api.blocks (owned by BuildCraftAPI|core providing BuildCraftAPI|blocks) embedded in BuildCraft|Core
[14:13:30] [Server thread/DEBUG] [FML/]: Found API buildcraft.api.blocks (owned by BuildCraftAPI|core providing BuildCraftAPI|blocks) embedded in BuildCraft|Factory
[14:13:30] [Server thread/DEBUG] [FML/]: Found API dan200.computercraft.api.lua (owned by ComputerCraft providing ComputerCraft|API|Lua) embedded in ComputerCraft
[14:13:30] [Server thread/DEBUG] [FML/]: Found API cofh.api (owned by CoFHLib providing CoFHAPI) embedded in endercore
[14:13:30] [Server thread/DEBUG] [FML/]: Found API openperipheral.api.peripheral (owned by OpenPeripheralCore providing OpenPeripheralApi) embedded in OpenPeripheralCore
[14:13:30] [Server thread/DEBUG] [FML/]: Found API mods.railcraft.api.signals (owned by RailcraftAPI|core providing RailcraftAPI|signals) embedded in Railcraft
[14:13:30] [Server thread/DEBUG] [FML/]: Found API cofh.api (owned by CoFHLib providing CoFHAPI) embedded in ActuallyAdditions
[14:13:30] [Server thread/DEBUG] [FML/]: Found API buildcraft.api.tools (owned by buildcraftapi_core providing buildcraftapi_tools) embedded in physica
[14:13:30] [Server thread/TRACE] [FML/]: Removing upstream parent StorageDrawers from APIContainer{StorageDrawersAPI|registry:1.7.10-1.2.0}
[14:13:30] [Server thread/DEBUG] [FML/]: Creating API container dummy for API StorageDrawersAPI|registry: owner: StorageDrawersAPI, dependents: []
[14:13:30] [Server thread/TRACE] [FML/]: Removing upstream parent CoFHLib from APIContainer{CoFHAPI|core:1.7.10R1.1.0}
[14:13:30] [Server thread/TRACE] [FML/]: Removing upstream parent CoFHCore from APIContainer{CoFHAPI|core:1.7.10R1.1.0}
[14:13:30] [Server thread/DEBUG] [FML/]: Creating API container dummy for API CoFHAPI|core: owner: CoFHAPI, dependents: [NuclearCraft]
[14:13:30] [Server thread/TRACE] [FML/]: Removing upstream parent RailcraftAPI|core from APIContainer{RailcraftAPI|locomotive:1.1.0}
[14:13:30] [Server thread/TRACE] [FML/]: Removing upstream parent Railcraft from APIContainer{RailcraftAPI|locomotive:1.1.0}
[14:13:30] [Server thread/DEBUG] [FML/]: Creating API container dummy for API RailcraftAPI|locomotive: owner: RailcraftAPI|carts, dependents: []
[14:13:30] [Server thread/TRACE] [FML/]: Removing upstream parent StorageDrawers from APIContainer{StorageDrawersAPI|storage:1.7.10-1.2.0}
[14:13:30] [Server thread/DEBUG] [FML/]: Creating API container dummy for API StorageDrawersAPI|storage: owner: StorageDrawersAPI, dependents: []
[14:13:30] [Server thread/DEBUG] [FML/]: Creating API container dummy for API OpenComputersAPI|Driver|Item: owner: OpenComputers|Core, dependents: [OpenComputers]
[14:13:30] [Server thread/TRACE] [FML/]: Removing upstream parent ForestryAPI|core from APIContainer{ForestryAPI|hives:4.1.0}
[14:13:30] [Server thread/TRACE] [FML/]: Removing upstream parent Forestry from APIContainer{ForestryAPI|hives:4.1.0}
[14:13:30] [Server thread/DEBUG] [FML/]: Creating API container dummy for API ForestryAPI|hives: owner: ForestryAPI|apiculture, dependents: []
[14:13:30] [Server thread/TRACE] [FML/]: Removing upstream parent StorageDrawers from APIContainer{StorageDrawersAPI|inventory:1.7.10-1.2.0}
[14:13:30] [Server thread/DEBUG] [FML/]: Creating API container dummy for API StorageDrawersAPI|inventory: owner: StorageDrawersAPI, dependents: []
[14:13:30] [Server thread/TRACE] [FML/]: Removing upstream parent Forestry from APIContainer{ForestryAPI|storage:3.0.0}
[14:13:30] [Server thread/DEBUG] [FML/]: Creating API container dummy for API ForestryAPI|storage: owner: ForestryAPI|core, dependents: []
[14:13:30] [Server thread/TRACE] [FML/]: Removing upstream parent CoFHCore from APIContainer{CoFHLib|world:1.7.10R1.2.1}
[14:13:30] [Server thread/DEBUG] [FML/]: Creating API container dummy for API CoFHLib|world: owner: CoFHLib, dependents: []
[14:13:30] [Server thread/DEBUG] [FML/]: Creating API container dummy for API WailaAPI: owner: Waila, dependents: [physica]
[14:13:30] [Server thread/TRACE] [FML/]: Removing upstream parent Railcraft from APIContainer{RailcraftAPI|carts:1.6.0}
[14:13:30] [Server thread/DEBUG] [FML/]: Creating API container dummy for API RailcraftAPI|carts: owner: RailcraftAPI|core, dependents: []
[14:13:30] [Server thread/DEBUG] [FML/]: Creating API container dummy for API ForestryAPI|core: owner: Forestry, dependents: []
[14:13:30] [Server thread/TRACE] [FML/]: Removing upstream parent Railcraft from APIContainer{RailcraftAPI|events:1.0.0}
[14:13:30] [Server thread/DEBUG] [FML/]: Creating API container dummy for API RailcraftAPI|events: owner: RailcraftAPI|core, dependents: []
[14:13:30] [Server thread/TRACE] [FML/]: Removing upstream parent CoFHCore from APIContainer{CoFHLib|util:1.7.10R1.2.1}
[14:13:30] [Server thread/DEBUG] [FML/]: Creating API container dummy for API CoFHLib|util: owner: CoFHLib, dependents: []
[14:13:30] [Server thread/TRACE] [FML/]: Removing upstream parent Forestry from APIContainer{ForestryAPI|mail:3.0.0}
[14:13:30] [Server thread/DEBUG] [FML/]: Creating API container dummy for API ForestryAPI|mail: owner: ForestryAPI|core, dependents: []
[14:13:30] [Server thread/TRACE] [FML/]: Removing upstream parent BuildCraft|Core from APIContainer{BuildCraftAPI|tablet:1.0}
[14:13:30] [Server thread/DEBUG] [FML/]: Creating API container dummy for API BuildCraftAPI|tablet: owner: BuildCraftAPI|core, dependents: [Railcraft, BuildCraft|Builders, BuildCraft|Robotics, BuildCraft|Silicon, BuildCraft|Energy, BuildCraft|Transport, BuildCraft|Factory]
[14:13:30] [Server thread/TRACE] [FML/]: Removing upstream parent Forestry from APIContainer{ForestryAPI|genetics:4.7.1}
[14:13:30] [Server thread/DEBUG] [FML/]: Creating API container dummy for API ForestryAPI|genetics: owner: ForestryAPI|core, dependents: []
[14:13:30] [Server thread/INFO] [FML/]: Found mod(s) [physica] containing declared API package buildcraft.api.tools (owned by BuildCraftAPI|core) without associated API reference
[14:13:30] [Server thread/TRACE] [FML/]: Removing upstream parent BuildCraft|Core from APIContainer{BuildCraftAPI|tools:1.0}
[14:13:30] [Server thread/DEBUG] [FML/]: Creating API container dummy for API BuildCraftAPI|tools: owner: BuildCraftAPI|core, dependents: [Railcraft, ExtraUtilities, BuildCraft|Builders, BuildCraft|Robotics, BuildCraft|Silicon, BuildCraft|Energy, BuildCraft|Transport, BuildCraft|Factory, physica]
[14:13:30] [Server thread/TRACE] [FML/]: Removing upstream parent RailcraftAPI|core from APIContainer{RailcraftAPI|bore:1.0.0}
[14:13:30] [Server thread/TRACE] [FML/]: Removing upstream parent Railcraft from APIContainer{RailcraftAPI|bore:1.0.0}
[14:13:30] [Server thread/DEBUG] [FML/]: Creating API container dummy for API RailcraftAPI|bore: owner: RailcraftAPI|carts, dependents: []
[14:13:30] [Server thread/TRACE] [FML/]: Removing upstream parent CoFHCore from APIContainer{CoFHLib|world|feature:1.7.10R1.2.1}
[14:13:30] [Server thread/DEBUG] [FML/]: Creating API container dummy for API CoFHLib|world|feature: owner: CoFHLib, dependents: []
[14:13:30] [Server thread/DEBUG] [FML/]: Creating API container dummy for API CarpentersBlocks|API: owner: CarpentersBlocks, dependents: []
[14:13:30] [Server thread/TRACE] [FML/]: Removing upstream parent BuildCraft|Core from APIContainer{BuildCraftAPI|boards:2.0}
[14:13:30] [Server thread/DEBUG] [FML/]: Creating API container dummy for API BuildCraftAPI|boards: owner: BuildCraftAPI|core, dependents: [BuildCraft|Builders, BuildCraft|Robotics, BuildCraft|Silicon, BuildCraft|Energy, BuildCraft|Transport, BuildCraft|Factory]
[14:13:30] [Server thread/DEBUG] [FML/]: Creating API container dummy for API OpenComputersAPI|Network: owner: OpenComputers|Core, dependents: [OpenComputers]
[14:13:30] [Server thread/TRACE] [FML/]: Removing upstream parent Railcraft from APIContainer{RailcraftAPI|items:1.0.0}
[14:13:30] [Server thread/DEBUG] [FML/]: Creating API container dummy for API RailcraftAPI|items: owner: RailcraftAPI|core, dependents: []
[14:13:30] [Server thread/TRACE] [FML/]: Removing upstream parent Railcraft from APIContainer{RailcraftAPI|tracks:2.3.0}
[14:13:30] [Server thread/DEBUG] [FML/]: Creating API container dummy for API RailcraftAPI|tracks: owner: RailcraftAPI|core, dependents: []
[14:13:30] [Server thread/TRACE] [FML/]: Removing upstream parent BuildCraft|Core from APIContainer{BuildCraftAPI|recipes:3.1}
[14:13:30] [Server thread/DEBUG] [FML/]: Creating API container dummy for API BuildCraftAPI|recipes: owner: BuildCraftAPI|core, dependents: [BuildCraft|Builders, BuildCraft|Robotics, BuildCraft|Silicon, BuildCraft|Energy, BuildCraft|Transport, BuildCraft|Factory]
[14:13:30] [Server thread/DEBUG] [FML/]: Creating API container dummy for API ForgeRelocation|API: owner: ForgeRelocation, dependents: [MCFrames]
[14:13:30] [Server thread/DEBUG] [FML/]: Creating API container dummy for API ComputerCraft|API|Turtle: owner: ComputerCraft, dependents: []
[14:13:30] [Server thread/TRACE] [FML/]: Removing upstream parent BuildCraft|Core from APIContainer{BuildCraftAPI|robotics:3.0}
[14:13:30] [Server thread/DEBUG] [FML/]: Creating API container dummy for API BuildCraftAPI|robotics: owner: BuildCraftAPI|core, dependents: [BuildCraft|Builders, BuildCraft|Robotics, BuildCraft|Silicon, BuildCraft|Energy, BuildCraft|Transport, BuildCraft|Factory]
[14:13:30] [Server thread/INFO] [FML/]: Found mod(s) [ExtraUtilities] containing declared API package baubles.api (owned by Baubles) without associated API reference
[14:13:30] [Server thread/DEBUG] [FML/]: Creating API container dummy for API Baubles|API: owner: Baubles, dependents: [ThermalFoundation, ExtraUtilities]
[14:13:30] [Server thread/TRACE] [FML/]: Removing upstream parent BuildCraft|Core from APIContainer{BuildCraftAPI|lists:1.0}
[14:13:30] [Server thread/DEBUG] [FML/]: Creating API container dummy for API BuildCraftAPI|lists: owner: BuildCraftAPI|core, dependents: [BuildCraft|Builders, BuildCraft|Robotics, BuildCraft|Silicon, BuildCraft|Energy, BuildCraft|Transport, BuildCraft|Factory, Railcraft]
[14:13:30] [Server thread/TRACE] [FML/]: Removing upstream parent BuildCraft|Core from APIContainer{BuildCraftAPI|gates:4.1}
[14:13:30] [Server thread/DEBUG] [FML/]: Creating API container dummy for API BuildCraftAPI|gates: owner: BuildCraftAPI|core, dependents: [BuildCraft|Builders, BuildCraft|Robotics, BuildCraft|Silicon, BuildCraft|Energy, BuildCraft|Transport, BuildCraft|Factory]
[14:13:30] [Server thread/TRACE] [FML/]: Removing upstream parent CoFHCore from APIContainer{CoFHLib|gui|element:1.7.10R1.2.1}
[14:13:30] [Server thread/DEBUG] [FML/]: Creating API container dummy for API CoFHLib|gui|element: owner: CoFHLib, dependents: []
[14:13:30] [Server thread/DEBUG] [FML/]: Creating API container dummy for API OpenComputersAPI|Core: owner: OpenComputers|Core, dependents: [OpenComputers]
[14:13:30] [Server thread/TRACE] [FML/]: Removing upstream parent StorageDrawers from APIContainer{StorageDrawersAPI|pack:1.7.10-1.2.0}
[14:13:30] [Server thread/DEBUG] [FML/]: Creating API container dummy for API StorageDrawersAPI|pack: owner: StorageDrawersAPI, dependents: []
[14:13:30] [Server thread/TRACE] [FML/]: Removing upstream parent BuildCraft|Core from APIContainer{BuildCraftAPI|facades:1.1}
[14:13:30] [Server thread/DEBUG] [FML/]: Creating API container dummy for API BuildCraftAPI|facades: owner: BuildCraftAPI|core, dependents: [BuildCraft|Builders, BuildCraft|Robotics, BuildCraft|Silicon, BuildCraft|Energy, BuildCraft|Transport, BuildCraft|Factory]
[14:13:30] [Server thread/DEBUG] [FML/]: Creating API container dummy for API OpenBlocks|API: owner: OpenBlocks, dependents: []
[14:13:30] [Server thread/DEBUG] [FML/]: Creating API container dummy for API MekanismAPI|recipe: owner: Mekanism, dependents: [NuclearCraft]
[14:13:30] [Server thread/INFO] [FML/]: Found mod(s) [EnderIO] containing declared API package com.cricketcraft.chisel.api (owned by chisel) without associated API reference
[14:13:30] [Server thread/INFO] [FML/]: Found mod(s) [CarpentersBlocks] containing declared API package com.cricketcraft.chisel.api (owned by chisel) without associated API reference
[14:13:30] [Server thread/DEBUG] [FML/]: Creating API container dummy for API ChiselAPI: owner: chisel, dependents: [EnderIO, CarpentersBlocks]
[14:13:30] [Server thread/DEBUG] [FML/]: Creating API container dummy for API ComputerCraft|API|FileSystem: owner: ComputerCraft, dependents: []
[14:13:30] [Server thread/TRACE] [FML/]: Removing upstream parent Forestry from APIContainer{ForestryAPI|lepidopterology:1.3.0}
[14:13:30] [Server thread/DEBUG] [FML/]: Creating API container dummy for API ForestryAPI|lepidopterology: owner: ForestryAPI|core, dependents: []
[14:13:30] [Server thread/DEBUG] [FML/]: Creating API container dummy for API OpenComputersAPI|Driver: owner: OpenComputers|Core, dependents: [OpenComputers]
[14:13:30] [Server thread/DEBUG] [FML/]: Creating API container dummy for API ComputerCraft|API|Lua: owner: ComputerCraft, dependents: []
[14:13:30] [Server thread/DEBUG] [FML/]: Creating API container dummy for API StorageDrawersAPI: owner: StorageDrawers, dependents: []
[14:13:30] [Server thread/DEBUG] [FML/]: Creating API container dummy for API McJtyLib: owner: McJty, dependents: []
[14:13:30] [Server thread/INFO] [FML/]: Found mod(s) [ImmersiveEngineering] containing declared API package cofh.api (owned by CoFHLib) without associated API reference
[14:13:30] [Server thread/TRACE] [FML/]: Removing upstream parent CoFHCore from APIContainer{CoFHAPI:1.7.10R1.0.2}
[14:13:30] [Server thread/DEBUG] [FML/]: Creating API container dummy for API CoFHAPI: owner: CoFHLib, dependents: [Forestry, BuildCraft|Builders, BuildCraft|Robotics, BuildCraft|Silicon, BuildCraft|Energy, BuildCraft|Transport, BuildCraft|Core, BuildCraft|Factory, NuclearCraft, Mekanism, IC2NuclearControl, hbm, EnderIO, BrandonsCore, ExtraUtilities, Railcraft, p455w0rdslib, endercore, ActuallyAdditions, ImmersiveEngineering]
[14:13:30] [Server thread/TRACE] [FML/]: Removing upstream parent CoFHCore from APIContainer{CoFHLib|gui|container:1.7.10R1.2.1}
[14:13:30] [Server thread/DEBUG] [FML/]: Creating API container dummy for API CoFHLib|gui|container: owner: CoFHLib, dependents: []
[14:13:30] [Server thread/DEBUG] [FML/]: Creating API container dummy for API appliedenergistics2|API: owner: appliedenergistics2, dependents: [physica]
[14:13:30] [Server thread/TRACE] [FML/]: Removing upstream parent BuildCraft|Core from APIContainer{BuildCraftAPI|events:2.0}
[14:13:30] [Server thread/DEBUG] [FML/]: Creating API container dummy for API BuildCraftAPI|events: owner: BuildCraftAPI|core, dependents: [BuildCraft|Builders, BuildCraft|Robotics, BuildCraft|Silicon, BuildCraft|Energy, BuildCraft|Transport, BuildCraft|Factory]
[14:13:30] [Server thread/TRACE] [FML/]: Removing upstream parent BuildCraft|Core from APIContainer{BuildCraftAPI|library:2.0}
[14:13:30] [Server thread/DEBUG] [FML/]: Creating API container dummy for API BuildCraftAPI|library: owner: BuildCraftAPI|core, dependents: [BuildCraft|Builders, BuildCraft|Robotics, BuildCraft|Silicon, BuildCraft|Energy, BuildCraft|Transport, BuildCraft|Factory, Railcraft]
[14:13:30] [Server thread/TRACE] [FML/]: Removing upstream parent BuildCraft|Core from APIContainer{BuildCraftAPI|blueprints:1.5}
[14:13:30] [Server thread/DEBUG] [FML/]: Creating API container dummy for API BuildCraftAPI|blueprints: owner: BuildCraftAPI|core, dependents: [BuildCraft|Builders, BuildCraft|Robotics, BuildCraft|Silicon, BuildCraft|Energy, BuildCraft|Transport, BuildCraft|Factory]
[14:13:30] [Server thread/TRACE] [FML/]: Removing upstream parent Forestry from APIContainer{ForestryAPI|recipes:5.4.0}
[14:13:30] [Server thread/DEBUG] [FML/]: Creating API container dummy for API ForestryAPI|recipes: owner: ForestryAPI|core, dependents: []
[14:13:30] [Server thread/TRACE] [FML/]: Removing upstream parent StorageDrawers from APIContainer{StorageDrawersAPI|event:1.7.10-1.2.0}
[14:13:30] [Server thread/DEBUG] [FML/]: Creating API container dummy for API StorageDrawersAPI|event: owner: StorageDrawersAPI, dependents: []
[14:13:30] [Server thread/TRACE] [FML/]: Removing upstream parent CoFHLib from APIContainer{CoFHAPI|modhelpers:1.7.10R1.1.0}
[14:13:30] [Server thread/TRACE] [FML/]: Removing upstream parent CoFHCore from APIContainer{CoFHAPI|modhelpers:1.7.10R1.1.0}
[14:13:30] [Server thread/DEBUG] [FML/]: Creating API container dummy for API CoFHAPI|modhelpers: owner: CoFHAPI, dependents: [NuclearCraft]
[14:13:30] [Server thread/TRACE] [FML/]: Removing upstream parent CoFHCore from APIContainer{CoFHLib|util|helpers:1.7.10R1.2.1}
[14:13:30] [Server thread/DEBUG] [FML/]: Creating API container dummy for API CoFHLib|util|helpers: owner: CoFHLib, dependents: []
[14:13:30] [Server thread/DEBUG] [FML/]: Creating API container dummy for API BuildCraftAPI|crops: owner: BuildCraftAPI|Core, dependents: [BuildCraft|Builders, BuildCraft|Robotics, BuildCraft|Silicon, BuildCraft|Energy, BuildCraft|Transport, BuildCraft|Core, BuildCraft|Factory, Railcraft]
[14:13:30] [Server thread/DEBUG] [FML/]: Creating API container dummy for API OpenComputersAPI|Prefab: owner: OpenComputers|Core, dependents: [OpenComputers]
[14:13:30] [Server thread/TRACE] [FML/]: Removing upstream parent CoFHLib from APIContainer{CoFHAPI|block:1.7.10R1.0.13}
[14:13:30] [Server thread/TRACE] [FML/]: Removing upstream parent CoFHCore from APIContainer{CoFHAPI|block:1.7.10R1.0.13}
[14:13:30] [Server thread/DEBUG] [FML/]: Creating API container dummy for API CoFHAPI|block: owner: CoFHAPI, dependents: [EnderIO, ExtraUtilities, NuclearCraft]
[14:13:30] [Server thread/DEBUG] [FML/]: Creating API container dummy for API BetterQuesting|API: owner: betterquesting, dependents: []
[14:13:30] [Server thread/TRACE] [FML/]: Removing upstream parent CoFHLib from APIContainer{CoFHAPI|transport:1.7.10R1.0.13}
[14:13:30] [Server thread/TRACE] [FML/]: Removing upstream parent CoFHCore from APIContainer{CoFHAPI|transport:1.7.10R1.0.13}
[14:13:30] [Server thread/DEBUG] [FML/]: Creating API container dummy for API CoFHAPI|transport: owner: CoFHAPI, dependents: [EnderIO, NuclearCraft, endercore]
[14:13:30] [Server thread/TRACE] [FML/]: Removing upstream parent CoFHCore from APIContainer{CoFHLib|inventory:1.7.10R1.2.1}
[14:13:30] [Server thread/DEBUG] [FML/]: Creating API container dummy for API CoFHLib|inventory: owner: CoFHLib, dependents: []
[14:13:30] [Server thread/DEBUG] [FML/]: Creating API container dummy for API OpenPeripheralAddonsApi: owner: OpenPeripheralAddons, dependents: [OpenPeripheral]
[14:13:30] [Server thread/DEBUG] [FML/]: Creating API container dummy for API OpenComputersAPI|FileSystem: owner: OpenComputers|Core, dependents: [OpenComputers]
[14:13:30] [Server thread/TRACE] [FML/]: Removing upstream parent Railcraft from APIContainer{RailcraftAPI|helpers:1.1.0}
[14:13:30] [Server thread/DEBUG] [FML/]: Creating API container dummy for API RailcraftAPI|helpers: owner: RailcraftAPI|core, dependents: []
[14:13:30] [Server thread/TRACE] [FML/]: Removing upstream parent CoFHCore from APIContainer{CoFHLib|render:1.7.10R1.2.1}
[14:13:30] [Server thread/DEBUG] [FML/]: Creating API container dummy for API CoFHLib|render: owner: CoFHLib, dependents: []
[14:13:30] [Server thread/TRACE] [FML/]: Removing upstream parent CoFHLib from APIContainer{CoFHAPI|inventory:1.7.10R1.0.13}
[14:13:30] [Server thread/TRACE] [FML/]: Removing upstream parent CoFHCore from APIContainer{CoFHAPI|inventory:1.7.10R1.0.13}
[14:13:30] [Server thread/DEBUG] [FML/]: Creating API container dummy for API CoFHAPI|inventory: owner: CoFHAPI, dependents: [EnderIO, NuclearCraft]
[14:13:30] [Server thread/INFO] [FML/]: Found mod(s) [Mekanism] containing declared API package mekanism.api (owned by mekanism) without associated API reference
[14:13:30] [Server thread/DEBUG] [FML/]: Creating API container dummy for API MekanismAPI|core: owner: mekanism, dependents: [physica, NuclearCraft, Mekanism]
[14:13:30] [Server thread/DEBUG] [FML/]: Creating API container dummy for API DraconicEvolution|API: owner: DraconicEvolution, dependents: []
[14:13:30] [Server thread/INFO] [FML/]: Found mod(s) [Railcraft] containing declared API package buildcraft.api.tools (owned by buildcraftapi_core) without associated API reference
[14:13:30] [Server thread/INFO] [FML/]: Found mod(s) [BuildCraft|Builders, BuildCraft|Robotics, BuildCraft|Silicon, BuildCraft|Energy, BuildCraft|Transport, BuildCraft|Core, BuildCraft|Factory] containing declared API package buildcraft.api.tools (owned by buildcraftapi_core) without associated API reference
[14:13:30] [Server thread/INFO] [FML/]: Found mod(s) [ExtraUtilities] containing declared API package buildcraft.api.tools (owned by buildcraftapi_core) without associated API reference
[14:13:30] [Server thread/DEBUG] [FML/]: Creating API container dummy for API buildcraftapi_tools: owner: buildcraftapi_core, dependents: [physica, Railcraft, BuildCraft|Builders, BuildCraft|Robotics, BuildCraft|Silicon, BuildCraft|Energy, BuildCraft|Transport, BuildCraft|Core, BuildCraft|Factory, ExtraUtilities]
[14:13:30] [Server thread/TRACE] [FML/]: Removing upstream parent CoFHCore from APIContainer{CoFHLib|gui|slot:1.7.10R1.2.1}
[14:13:30] [Server thread/DEBUG] [FML/]: Creating API container dummy for API CoFHLib|gui|slot: owner: CoFHLib, dependents: []
[14:13:30] [Server thread/TRACE] [FML/]: Removing upstream parent Railcraft from APIContainer{RailcraftAPI|fuel:1.0.0}
[14:13:30] [Server thread/DEBUG] [FML/]: Creating API container dummy for API RailcraftAPI|fuel: owner: RailcraftAPI|core, dependents: []
[14:13:30] [Server thread/INFO] [FML/]: Found mod(s) [libVulpes] containing declared API package cofh.api.energy (owned by CoFHAPI) without associated API reference
[14:13:30] [Server thread/TRACE] [FML/]: Removing upstream parent CoFHLib from APIContainer{CoFHAPI|energy:1.7.10R1.1.0}
[14:13:30] [Server thread/TRACE] [FML/]: Removing upstream parent CoFHCore from APIContainer{CoFHAPI|energy:1.7.10R1.1.0}
[14:13:30] [Server thread/DEBUG] [FML/]: Creating API container dummy for API CoFHAPI|energy: owner: CoFHAPI, dependents: [NuclearCraft, Mekanism, hbm, BuildCraft|Builders, BuildCraft|Robotics, BuildCraft|Silicon, BuildCraft|Energy, BuildCraft|Transport, BuildCraft|Core, BuildCraft|Factory, p455w0rdslib, physica, ImmersiveEngineering, ExtraUtilities, ActuallyAdditions, BrandonsCore, Railcraft, EnderIO, IC2NuclearControl, Forestry, libVulpes]
[14:13:30] [Server thread/DEBUG] [FML/]: Creating API container dummy for API SecurityCraftAPI: owner: securitycraft, dependents: []
[14:13:30] [Server thread/TRACE] [FML/]: Removing upstream parent CoFHCore from APIContainer{CoFHLib|audio:1.7.10R1.2.1}
[14:13:30] [Server thread/DEBUG] [FML/]: Creating API container dummy for API CoFHLib|audio: owner: CoFHLib, dependents: []
[14:13:30] [Server thread/DEBUG] [FML/]: Creating API container dummy for API ae2wct|API: owner: ae2wct, dependents: []
[14:13:30] [Server thread/TRACE] [FML/]: Removing upstream parent Railcraft from APIContainer{RailcraftAPI|signals:2.3.0}
[14:13:30] [Server thread/DEBUG] [FML/]: Creating API container dummy for API RailcraftAPI|signals: owner: RailcraftAPI|core, dependents: []
[14:13:30] [Server thread/DEBUG] [FML/]: Creating API container dummy for API MekanismAPI|reactor: owner: Mekanism, dependents: [NuclearCraft]
[14:13:30] [Server thread/DEBUG] [FML/]: Creating API container dummy for API EnderIOAPI|Teleport: owner: EnderIO, dependents: []
[14:13:30] [Server thread/DEBUG] [FML/]: Creating API container dummy for API MekanismAPI|infuse: owner: Mekanism, dependents: [NuclearCraft]
[14:13:30] [Server thread/TRACE] [FML/]: APIContainer bnnwidget is it's own parent. skipping
[14:13:30] [Server thread/DEBUG] [FML/]: Creating API container dummy for API bnnwidget: owner: bnnwidget, dependents: [signpic]
[14:13:30] [Server thread/DEBUG] [FML/]: Creating API container dummy for API ChiselAPI|Rendering: owner: Chisel, dependents: [chisel]
[14:13:30] [Server thread/DEBUG] [FML/]: Creating API container dummy for API EnderIOAPI|Tools: owner: EnderIO, dependents: []
[14:13:30] [Server thread/DEBUG] [FML/]: Creating API container dummy for API ComputerCraft|API|Peripheral: owner: ComputerCraft, dependents: []
[14:13:30] [Server thread/DEBUG] [FML/]: Creating API container dummy for API EnderIOAPI|Redstone: owner: EnderIO, dependents: []
[14:13:30] [Server thread/TRACE] [FML/]: Removing upstream parent CoFHLib from APIContainer{CoFHAPI|item:1.7.10R1.1.0}
[14:13:30] [Server thread/TRACE] [FML/]: Removing upstream parent CoFHCore from APIContainer{CoFHAPI|item:1.7.10R1.1.0}
[14:13:30] [Server thread/DEBUG] [FML/]: Creating API container dummy for API CoFHAPI|item: owner: CoFHAPI, dependents: [NuclearCraft, EnderIO, ExtraUtilities, ImmersiveEngineering, physica, Mekanism]
[14:13:30] [Server thread/DEBUG] [FML/]: Creating API container dummy for API DefenseTechAPI|Model: owner: defensetech, dependents: [physica]
[14:13:30] [Server thread/DEBUG] [FML/]: Creating API container dummy for API OpenComputersAPI|Event: owner: OpenComputers|Core, dependents: [OpenComputers]
[14:13:30] [Server thread/DEBUG] [FML/]: Creating API container dummy for API ChiselAPI|Carving: owner: Chisel, dependents: [chisel]
[14:13:30] [Server thread/TRACE] [FML/]: Removing upstream parent Forestry from APIContainer{ForestryAPI|fuels:2.0.1}
[14:13:30] [Server thread/DEBUG] [FML/]: Creating API container dummy for API ForestryAPI|fuels: owner: ForestryAPI|core, dependents: []
[14:13:30] [Server thread/TRACE] [FML/]: Removing upstream parent BuildCraft|Core from APIContainer{BuildCraftAPI|items:1.1}
[14:13:30] [Server thread/DEBUG] [FML/]: Creating API container dummy for API BuildCraftAPI|items: owner: BuildCraftAPI|core, dependents: [BuildCraft|Builders, BuildCraft|Robotics, BuildCraft|Silicon, BuildCraft|Energy, BuildCraft|Transport, BuildCraft|Factory, Railcraft]
[14:13:30] [Server thread/TRACE] [FML/]: Removing upstream parent Forestry from APIContainer{ForestryAPI|farming:2.1.0}
[14:13:30] [Server thread/DEBUG] [FML/]: Creating API container dummy for API ForestryAPI|farming: owner: ForestryAPI|core, dependents: []
[14:13:30] [Server thread/DEBUG] [FML/]: Creating API container dummy for API NuclearControlAPI: owner: IC2NuclearControl, dependents: []
[14:13:30] [Server thread/DEBUG] [FML/]: Creating API container dummy for API ActuallyAdditionsAPI: owner: ActuallyAdditions, dependents: []
[14:13:30] [Server thread/TRACE] [FML/]: Removing upstream parent CoFHCore from APIContainer{CoFHLib|util|position:1.7.10R1.2.1}
[14:13:30] [Server thread/DEBUG] [FML/]: Creating API container dummy for API CoFHLib|util|position: owner: CoFHLib, dependents: []
[14:13:30] [Server thread/DEBUG] [FML/]: Creating API container dummy for API BuildCraftAPI|core: owner: BuildCraft|Core, dependents: [BuildCraft|Builders, BuildCraft|Robotics, BuildCraft|Silicon, BuildCraft|Energy, BuildCraft|Transport, BuildCraft|Factory, Railcraft, ExtraUtilities]
[14:13:30] [Server thread/TRACE] [FML/]: Removing upstream parent BuildCraft|Core from APIContainer{BuildCraftAPI|transport:4.1}
[14:13:30] [Server thread/DEBUG] [FML/]: Creating API container dummy for API BuildCraftAPI|transport: owner: BuildCraftAPI|core, dependents: [BuildCraft|Builders, BuildCraft|Robotics, BuildCraft|Silicon, BuildCraft|Energy, BuildCraft|Transport, BuildCraft|Factory, Railcraft]
[14:13:30] [Server thread/DEBUG] [FML/]: Creating API container dummy for API OpenComputersAPI|Manual: owner: OpenComputers|Core, dependents: [OpenComputers]
[14:13:30] [Server thread/DEBUG] [FML/]: Creating API container dummy for API Thaumcraft|API: owner: Thaumcraft, dependents: [Railcraft]
[14:13:30] [Server thread/DEBUG] [FML/]: Creating API container dummy for API RailcraftAPI|core: owner: Railcraft, dependents: []
[14:13:30] [Server thread/DEBUG] [FML/]: Creating API container dummy for API OpenComputersAPI|Component: owner: OpenComputers|Core, dependents: [OpenComputers]
[14:13:30] [Server thread/DEBUG] [FML/]: Creating API container dummy for API ComputerCraft|API: owner: ComputerCraft, dependents: []
[14:13:30] [Server thread/TRACE] [FML/]: Removing upstream parent BuildCraft|Core from APIContainer{BuildCraftAPI|power:1.3}
[14:13:30] [Server thread/DEBUG] [FML/]: Creating API container dummy for API BuildCraftAPI|power: owner: BuildCraftAPI|core, dependents: [BuildCraft|Builders, BuildCraft|Robotics, BuildCraft|Silicon, BuildCraft|Energy, BuildCraft|Transport, BuildCraft|Factory]
[14:13:30] [Server thread/DEBUG] [FML/]: Creating API container dummy for API OpenComputersAPI|Internal: owner: OpenComputers|Core, dependents: [OpenComputers]
[14:13:30] [Server thread/TRACE] [FML/]: Removing upstream parent Forestry from APIContainer{ForestryAPI|circuits:3.1.0}
[14:13:30] [Server thread/DEBUG] [FML/]: Creating API container dummy for API ForestryAPI|circuits: owner: ForestryAPI|core, dependents: []
[14:13:30] [Server thread/TRACE] [FML/]: Removing upstream parent StorageDrawers from APIContainer{StorageDrawersAPI|render:1.7.10-1.2.0}
[14:13:30] [Server thread/DEBUG] [FML/]: Creating API container dummy for API StorageDrawersAPI|render: owner: StorageDrawersAPI, dependents: []
[14:13:30] [Server thread/TRACE] [FML/]: Removing upstream parent BuildCraft|Core from APIContainer{BuildCraftAPI|filler:4.0}
[14:13:30] [Server thread/DEBUG] [FML/]: Creating API container dummy for API BuildCraftAPI|filler: owner: BuildCraftAPI|core, dependents: [BuildCraft|Builders, BuildCraft|Robotics, BuildCraft|Silicon, BuildCraft|Energy, BuildCraft|Transport, BuildCraft|Factory]
[14:13:30] [Server thread/TRACE] [FML/]: Removing upstream parent BuildCraft|Core from APIContainer{BuildCraftAPI|fuels:2.0}
[14:13:30] [Server thread/DEBUG] [FML/]: Creating API container dummy for API BuildCraftAPI|fuels: owner: BuildCraftAPI|core, dependents: [BuildCraft|Builders, BuildCraft|Robotics, BuildCraft|Silicon, BuildCraft|Energy, BuildCraft|Transport, BuildCraft|Factory]
[14:13:30] [Server thread/TRACE] [FML/]: Removing upstream parent Railcraft from APIContainer{RailcraftAPI|electricity:2.0.0}
[14:13:30] [Server thread/DEBUG] [FML/]: Creating API container dummy for API RailcraftAPI|electricity: owner: RailcraftAPI|core, dependents: []
[14:13:30] [Server thread/DEBUG] [FML/]: Creating API container dummy for API BetterQuesting|API2: owner: betterquesting, dependents: []
[14:13:30] [Server thread/DEBUG] [FML/]: Creating API container dummy for API ComputerCraft|API|Media: owner: ComputerCraft, dependents: []
[14:13:30] [Server thread/DEBUG] [FML/]: Creating API container dummy for API ImmersiveEngineering|API: owner: ImmersiveEngineering, dependents: []
[14:13:30] [Server thread/TRACE] [FML/]: Removing upstream parent CoFHLib from APIContainer{CoFHAPI|world:1.7.10R1.1.0}
[14:13:30] [Server thread/TRACE] [FML/]: Removing upstream parent CoFHCore from APIContainer{CoFHAPI|world:1.7.10R1.1.0}
[14:13:30] [Server thread/DEBUG] [FML/]: Creating API container dummy for API CoFHAPI|world: owner: CoFHAPI, dependents: [NuclearCraft]
[14:13:30] [Server thread/TRACE] [FML/]: Removing upstream parent Forestry from APIContainer{ForestryAPI|world:2.1.0}
[14:13:30] [Server thread/DEBUG] [FML/]: Creating API container dummy for API ForestryAPI|world: owner: ForestryAPI|core, dependents: []
[14:13:30] [Server thread/TRACE] [FML/]: Removing upstream parent CoFHCore from APIContainer{CoFHLib|render|particle:1.7.10R1.2.1}
[14:13:30] [Server thread/DEBUG] [FML/]: Creating API container dummy for API CoFHLib|render|particle: owner: CoFHLib, dependents: []
[14:13:30] [Server thread/TRACE] [FML/]: Removing upstream parent CoFHLib from APIContainer{CoFHAPI|tileentity:1.7.10R1.0.13}
[14:13:30] [Server thread/TRACE] [FML/]: Removing upstream parent CoFHCore from APIContainer{CoFHAPI|tileentity:1.7.10R1.0.13}
[14:13:30] [Server thread/DEBUG] [FML/]: Creating API container dummy for API CoFHAPI|tileentity: owner: CoFHAPI, dependents: [EnderIO, NuclearCraft]
[14:13:30] [Server thread/TRACE] [FML/]: Removing upstream parent BuildCraft|Core from APIContainer{BuildCraftAPI|blocks:1.0}
[14:13:30] [Server thread/DEBUG] [FML/]: Creating API container dummy for API BuildCraftAPI|blocks: owner: BuildCraftAPI|core, dependents: [Railcraft, BuildCraft|Builders, BuildCraft|Robotics, BuildCraft|Silicon, BuildCraft|Energy, BuildCraft|Transport, BuildCraft|Factory]
[14:13:30] [Server thread/TRACE] [FML/]: Removing upstream parent Forestry from APIContainer{ForestryAPI|food:1.1.0}
[14:13:30] [Server thread/DEBUG] [FML/]: Creating API container dummy for API ForestryAPI|food: owner: ForestryAPI|core, dependents: []
[14:13:30] [Server thread/TRACE] [FML/]: Removing upstream parent Railcraft from APIContainer{RailcraftAPI|crafting:1.0.0}
[14:13:30] [Server thread/DEBUG] [FML/]: Creating API container dummy for API RailcraftAPI|crafting: owner: RailcraftAPI|core, dependents: [ImmersiveEngineering]
[14:13:30] [Server thread/TRACE] [FML/]: Removing upstream parent CoFHCore from APIContainer{CoFHLib|gui|element|listbox:1.7.10R1.2.1}
[14:13:30] [Server thread/DEBUG] [FML/]: Creating API container dummy for API CoFHLib|gui|element|listbox: owner: CoFHLib, dependents: []
[14:13:30] [Server thread/TRACE] [FML/]: Removing upstream parent Forestry from APIContainer{ForestryAPI|multiblock:3.0.0}
[14:13:30] [Server thread/DEBUG] [FML/]: Creating API container dummy for API ForestryAPI|multiblock: owner: ForestryAPI|core, dependents: []
[14:13:30] [Server thread/DEBUG] [FML/]: Creating API container dummy for API ComputerCraft|API|Redstone: owner: ComputerCraft, dependents: []
[14:13:30] [Server thread/TRACE] [FML/]: Removing upstream parent StorageDrawers from APIContainer{StorageDrawersAPI|config:1.7.10-1.2.0}
[14:13:30] [Server thread/DEBUG] [FML/]: Creating API container dummy for API StorageDrawersAPI|config: owner: StorageDrawersAPI, dependents: []
[14:13:30] [Server thread/DEBUG] [FML/]: Creating API container dummy for API ComputerCraft|API|Permissions: owner: ComputerCraft, dependents: []
[14:13:30] [Server thread/DEBUG] [FML/]: Creating API container dummy for API MekanismAPI|gas: owner: Mekanism, dependents: [NuclearCraft]
[14:13:30] [Server thread/DEBUG] [FML/]: Creating API container dummy for API AromaBackupAPI: owner: AromaBackup, dependents: [AromaBackupRecovery]
[14:13:30] [Server thread/TRACE] [FML/]: Removing upstream parent Forestry from APIContainer{ForestryAPI|apiculture:4.8.0}
[14:13:30] [Server thread/DEBUG] [FML/]: Creating API container dummy for API ForestryAPI|apiculture: owner: ForestryAPI|core, dependents: []
[14:13:30] [Server thread/DEBUG] [FML/]: Creating API container dummy for API VoltzEngineAPI: owner: VoltzEngine, dependents: [physica]
[14:13:30] [Server thread/DEBUG] [FML/]: Creating API container dummy for API EnderIOAPI: owner: EnderIO, dependents: []
[14:13:30] [Server thread/DEBUG] [FML/]: Creating API container dummy for API OpenPeripheralApi: owner: OpenPeripheralCore, dependents: []
[14:13:30] [Server thread/INFO] [FML/]: Found mod(s) [physica] containing declared API package mekanism.api.util (owned by Mekanism) without associated API reference
[14:13:30] [Server thread/DEBUG] [FML/]: Creating API container dummy for API MekanismAPI|util: owner: Mekanism, dependents: [NuclearCraft, physica]
[14:13:30] [Server thread/TRACE] [FML/]: Removing upstream parent BuildCraft|Core from APIContainer{BuildCraftAPI|tiles:1.2}
[14:13:30] [Server thread/DEBUG] [FML/]: Creating API container dummy for API BuildCraftAPI|tiles: owner: BuildCraftAPI|core, dependents: [Railcraft, BuildCraft|Builders, BuildCraft|Robotics, BuildCraft|Silicon, BuildCraft|Energy, BuildCraft|Transport, BuildCraft|Factory]
[14:13:30] [Server thread/DEBUG] [FML/]: Creating API container dummy for API apAPI: owner: additionalpipes, dependents: []
[14:13:30] [Server thread/DEBUG] [FML/]: Creating API container dummy for API OpenComputersAPI|Machine: owner: OpenComputers|Core, dependents: [OpenComputers]
[14:13:30] [Server thread/TRACE] [FML/]: Removing upstream parent BuildCraft|Core from APIContainer{BuildCraftAPI|statements:1.1}
[14:13:30] [Server thread/DEBUG] [FML/]: Creating API container dummy for API BuildCraftAPI|statements: owner: BuildCraftAPI|core, dependents: [BuildCraft|Builders, BuildCraft|Robotics, BuildCraft|Silicon, BuildCraft|Energy, BuildCraft|Transport, BuildCraft|Factory, Railcraft]
[14:13:30] [Server thread/DEBUG] [FML/]: Creating API container dummy for API pressureAPI: owner: pressure, dependents: []
[14:13:30] [Server thread/TRACE] [FML/]: Removing upstream parent CoFHLib from APIContainer{CoFHAPI|fluid:1.7.10R1.3.1}
[14:13:30] [Server thread/TRACE] [FML/]: Removing upstream parent CoFHCore from APIContainer{CoFHAPI|fluid:1.7.10R1.3.1}
[14:13:30] [Server thread/DEBUG] [FML/]: Creating API container dummy for API CoFHAPI|fluid: owner: CoFHAPI, dependents: [NuclearCraft]
[14:13:30] [Server thread/DEBUG] [FML/]: Creating API container dummy for API MekanismAPI|laser: owner: Mekanism, dependents: [NuclearCraft]
[14:13:30] [Server thread/DEBUG] [FML/]: Creating API container dummy for API MekanismAPI|transmitter: owner: Mekanism, dependents: [NuclearCraft]
[14:13:30] [Server thread/DEBUG] [FML/]: Creating API container dummy for API CoFHLib: owner: CoFHCore, dependents: []
[14:13:30] [Server thread/TRACE] [FML/]: Removing upstream parent Forestry from APIContainer{ForestryAPI|arboriculture:4.2.1}
[14:13:30] [Server thread/DEBUG] [FML/]: Creating API container dummy for API ForestryAPI|arboriculture: owner: ForestryAPI|core, dependents: []
[14:13:30] [Server thread/TRACE] [FML/]: Removing upstream parent CoFHCore from APIContainer{CoFHLib|gui:1.7.10R1.2.1}
[14:13:30] [Server thread/DEBUG] [FML/]: Creating API container dummy for API CoFHLib|gui: owner: CoFHLib, dependents: []
[14:13:30] [Server thread/TRACE] [FML/]: Removing upstream parent StorageDrawers from APIContainer{StorageDrawersAPI|storage-attribute:1.7.10-1.2.0}
[14:13:30] [Server thread/DEBUG] [FML/]: Creating API container dummy for API StorageDrawersAPI|storage-attribute: owner: StorageDrawersAPI, dependents: []
[14:13:30] [Server thread/DEBUG] [FML/]: Creating API container dummy for API IC2API: owner: IC2, dependents: [Railcraft, IC2NuclearControl]
[14:13:30] [Server thread/DEBUG] [FML/]: Creating API container dummy for API MekanismAPI|energy: owner: Mekanism, dependents: [NuclearCraft]
[14:13:30] [Server thread/TRACE] [FML/]: Received a system property request ''
[14:13:30] [Server thread/TRACE] [FML/]: System property request managing the state of 0 mods
[14:13:30] [Server thread/DEBUG] [FML/]: After merging, found state information for 0 mods
[14:13:30] [Server thread/DEBUG] [FML/]: Found translations in forge-1.7.10-10.13.4.1614-1.7.10-universal.jar [en_US, en_US, es_ES, fr_FR, ru_RU, de_DE, af_ZA, ar_SA, br_FR, ca_ES, cs_CZ, da_DK, el_GR, fa_IR, fi_FI, he_IL, hu_HU, it_IT, ja_JP, ko_KR, lt_LT, nb_NO, nl_NL, nn_NO, no_NO, pl_PL, pt_BR, pt_PT, ro_RO, sl_SI, sr_SP, sv_SE, tr_TR, uk_UA, vi_VN, zh_CN, zh_TW]
[14:13:30] [Server thread/DEBUG] [FML/]: Found translations in forge-1.7.10-10.13.4.1614-1.7.10-universal.jar [en_US, en_US, es_ES, fr_FR, ru_RU, de_DE, af_ZA, ar_SA, br_FR, ca_ES, cs_CZ, da_DK, el_GR, fa_IR, fi_FI, he_IL, hu_HU, it_IT, ja_JP, ko_KR, lt_LT, nb_NO, nl_NL, nn_NO, no_NO, pl_PL, pt_BR, pt_PT, ro_RO, sl_SI, sr_SP, sv_SE, tr_TR, uk_UA, vi_VN, zh_CN, zh_TW]
[14:13:30] [Server thread/INFO] [STDOUT/]: [zmaster587.advancedRocketry.asm.ModContainer:registerBus:42]: ********* registerBus. OK
[14:13:30] [Server thread/DEBUG] [FML/]: Found translations in Aroma1997Core-1.7.10-1.0.2.16.jar [en_US]
[14:13:30] [Server thread/DEBUG] [FML/]: Found translations in OpenEye-1.7.10-0.8.jar [ru_RU, en_US, de_DE]
[14:13:30] [Server thread/DEBUG] [securitycraft/]: Enabling mod securitycraft
[14:13:30] [Server thread/DEBUG] [FML/]: Found translations in [1.7.10] SecurityCraft v1.8.13.jar [de_DE, en_US, fr_FR, it_IT, pt_PT, ru_RU]
[14:13:30] [Server thread/DEBUG] [ActuallyAdditions/]: Enabling mod ActuallyAdditions
[14:13:30] [Server thread/DEBUG] [FML/]: Found translations in ActuallyAdditions-1.7.10-r21.jar [de_DE, en_US]
[14:13:30] [Server thread/DEBUG] [additionalpipes/]: Enabling mod additionalpipes
[14:13:30] [Server thread/DEBUG] [FML/]: Found translations in additionalpipes-4.7.7.jar [de_DE, en_US, es_ES, ja_JP, pt_BR, ru_RU]
[14:13:30] [Server thread/DEBUG] [advancedRocketry/]: Enabling mod advancedRocketry
[14:13:30] [Server thread/DEBUG] [FML/]: Found translations in AdvancedRocketry-1.7.10-1.4.0-32.jar [en_US, fr_FR, zh_CN, es_ES, uk_UA, ru_RU, de_DE]
[14:13:30] [Server thread/DEBUG] [ae2stuff/]: Enabling mod ae2stuff
[14:13:30] [Server thread/DEBUG] [FML/]: Found translations in ae2stuff-0.5.0.56-mc1.7.10.jar [en_US, zh_CN, pt_BR, fr_FR, de_DE, ko_KR, ru_RU, it_IT]
[14:13:30] [Server thread/DEBUG] [AirPortLight/]: Enabling mod AirPortLight
[14:13:30] [Server thread/DEBUG] [FML/]: Found translations in AirPort-[1.7.10]-2.4.6.jar [en_US, ja_JP]
[14:13:30] [Server thread/DEBUG] [appliedenergistics2/]: Enabling mod appliedenergistics2
[14:13:30] [Server thread/DEBUG] [FML/]: Found translations in appliedenergistics2-rv3-beta-6.jar [it_IT, ro_RO, ja_JP, de_DE, ko_KR, ru_RU, pt_BR, zh_TW, en_US, en_GB, cs_CZ, fr_FR, es_ES, zh_CN, hu_HU]
[14:13:30] [Server thread/DEBUG] [Aroma1997CoreHelper/]: Enabling mod Aroma1997CoreHelper
[14:13:30] [Server thread/DEBUG] [FML/]: Found translations in Aroma1997Core-1.7.10-1.0.2.16.jar [en_US]
[14:13:30] [Server thread/DEBUG] [AromaBackup/]: Enabling mod AromaBackup
[14:13:30] [Server thread/DEBUG] [FML/]: Found translations in AromaBackup-1.7.10-0.1.0.0.jar [en_US, en_US]
[14:13:30] [Server thread/DEBUG] [AromaBackupRecovery/]: Enabling mod AromaBackupRecovery
[14:13:30] [Server thread/DEBUG] [FML/]: Found translations in AromaBackup-1.7.10-0.1.0.0.jar [en_US, en_US]
[14:13:30] [Server thread/DEBUG] [bdlib/]: Enabling mod bdlib
[14:13:30] [Server thread/DEBUG] [FML/]: Found translations in bdlib-1.9.5.1-mc1.7.10.jar [cs_CZ, en_US, fr_CA, fr_FR, it_IT, ru_RU, zh_CN]
[14:13:30] [Server thread/DEBUG] [betterquesting/]: Enabling mod betterquesting
[14:13:30] [Server thread/DEBUG] [FML/]: Found translations in BetterQuesting-3.0.328.jar [en_US, ru_RU]
[14:13:30] [Server thread/DEBUG] [BiblioCraft/]: Enabling mod BiblioCraft
[14:13:30] [Server thread/DEBUG] [FML/]: Found translations in BiblioCraft[v1.11.7][MC1.7.10].jar [ar_SA, bg_BG, cs_CZ, da_DK, de_DE, en_US, es_AR, es_ES, es_MX, es_UY, fi_FI, fr_CA, fr_FR, gr_EL, it_IT, ko_KR, lt_LT, lv_LV, nl_NL, no_NO, pl_PL, pt_BR, pt_PT, ru_RU, sv_SE, tr_TR, zh_CN, zh_HK, zh_TW]
[14:13:30] [Server thread/DEBUG] [blueice/]: Enabling mod blueice
[14:13:30] [Server thread/DEBUG] [FML/]: Found translations in BlueIceV1.0.jar [en_us]
[14:13:30] [Server thread/DEBUG] [BrandonsCore/]: Enabling mod BrandonsCore
[14:13:30] [Server thread/DEBUG] [BuildCraft|Builders/]: Enabling mod BuildCraft|Builders
[14:13:30] [Server thread/DEBUG] [FML/]: Found translations in buildcraft-7.1.25.jar [tr_TR, da_DK, zh_CN, sv_SE, et_EE, es_AR, fi_FI, lt_LT, es_MX, no_NO, cs_CZ, es_UY, es_VE, es_ES, hu_HU, zh_TW, it_IT, en_US, hr_HR, ru_RU, ja_JP, fr_FR, fr_CA, pl_PL, ko_KR, nl_NL, de_DE, sk_SK, sr_SP, pt_BR, pt_PT]
[14:13:30] [Server thread/DEBUG] [BuildCraft|Robotics/]: Enabling mod BuildCraft|Robotics
[14:13:30] [Server thread/DEBUG] [FML/]: Found translations in buildcraft-7.1.25.jar [tr_TR, da_DK, zh_CN, sv_SE, et_EE, es_AR, fi_FI, lt_LT, es_MX, no_NO, cs_CZ, es_UY, es_VE, es_ES, hu_HU, zh_TW, it_IT, en_US, hr_HR, ru_RU, ja_JP, fr_FR, fr_CA, pl_PL, ko_KR, nl_NL, de_DE, sk_SK, sr_SP, pt_BR, pt_PT]
[14:13:30] [Server thread/DEBUG] [BuildCraft|Silicon/]: Enabling mod BuildCraft|Silicon
[14:13:30] [Server thread/DEBUG] [FML/]: Found translations in buildcraft-7.1.25.jar [tr_TR, da_DK, zh_CN, sv_SE, et_EE, es_AR, fi_FI, lt_LT, es_MX, no_NO, cs_CZ, es_UY, es_VE, es_ES, hu_HU, zh_TW, it_IT, en_US, hr_HR, ru_RU, ja_JP, fr_FR, fr_CA, pl_PL, ko_KR, nl_NL, de_DE, sk_SK, sr_SP, pt_BR, pt_PT]
[14:13:30] [Server thread/DEBUG] [BuildCraft|Energy/]: Enabling mod BuildCraft|Energy
[14:13:30] [Server thread/DEBUG] [FML/]: Found translations in buildcraft-7.1.25.jar [tr_TR, da_DK, zh_CN, sv_SE, et_EE, es_AR, fi_FI, lt_LT, es_MX, no_NO, cs_CZ, es_UY, es_VE, es_ES, hu_HU, zh_TW, it_IT, en_US, hr_HR, ru_RU, ja_JP, fr_FR, fr_CA, pl_PL, ko_KR, nl_NL, de_DE, sk_SK, sr_SP, pt_BR, pt_PT]
[14:13:30] [Server thread/DEBUG] [BuildCraft|Transport/]: Enabling mod BuildCraft|Transport
[14:13:30] [Server thread/DEBUG] [FML/]: Found translations in buildcraft-7.1.25.jar [tr_TR, da_DK, zh_CN, sv_SE, et_EE, es_AR, fi_FI, lt_LT, es_MX, no_NO, cs_CZ, es_UY, es_VE, es_ES, hu_HU, zh_TW, it_IT, en_US, hr_HR, ru_RU, ja_JP, fr_FR, fr_CA, pl_PL, ko_KR, nl_NL, de_DE, sk_SK, sr_SP, pt_BR, pt_PT]
[14:13:30] [Server thread/DEBUG] [BuildCraft|Core/]: Enabling mod BuildCraft|Core
[14:13:31] [Server thread/DEBUG] [FML/]: Found translations in buildcraft-7.1.25.jar [tr_TR, da_DK, zh_CN, sv_SE, et_EE, es_AR, fi_FI, lt_LT, es_MX, no_NO, cs_CZ, es_UY, es_VE, es_ES, hu_HU, zh_TW, it_IT, en_US, hr_HR, ru_RU, ja_JP, fr_FR, fr_CA, pl_PL, ko_KR, nl_NL, de_DE, sk_SK, sr_SP, pt_BR, pt_PT]
[14:13:31] [Server thread/DEBUG] [BuildCraft|Factory/]: Enabling mod BuildCraft|Factory
[14:13:31] [Server thread/DEBUG] [FML/]: Found translations in buildcraft-7.1.25.jar [tr_TR, da_DK, zh_CN, sv_SE, et_EE, es_AR, fi_FI, lt_LT, es_MX, no_NO, cs_CZ, es_UY, es_VE, es_ES, hu_HU, zh_TW, it_IT, en_US, hr_HR, ru_RU, ja_JP, fr_FR, fr_CA, pl_PL, ko_KR, nl_NL, de_DE, sk_SK, sr_SP, pt_BR, pt_PT]
[14:13:31] [Server thread/DEBUG] [carbonconfig/]: Enabling mod carbonconfig
[14:13:31] [Server thread/DEBUG] [FML/]: Found translations in CarbonConfig-1.7.10-1.2.4.jar [en_US, ru_RU]
[14:13:31] [Server thread/DEBUG] [CarpentersBlocks/]: Enabling mod CarpentersBlocks
[14:13:31] [Server thread/DEBUG] [FML/]: Found translations in Carpenter's Blocks v3.3.8.2 - MC 1.7.10.jar [cs_CZ, de_DE, en_AU, en_PT, en_US, es_ES, fr_CA, fr_FR, it_IT, ko_KR, nl_NL, pl_PL, pt_BR, ru_RU, sv_SE, zh_CN]
[14:13:31] [Server thread/DEBUG] [ChickenChunks/]: Enabling mod ChickenChunks
[14:13:31] [Server thread/DEBUG] [FML/]: Found translations in ChickenChunks-1.7.10-1.3.4.19-universal.jar [cs_CZ, fr_FR, ja_JP, zh_CN, it_IT, zh_TW, de_DE, tr_TR, fr_CA, ru_RU, ko_KR, pl_PL, en_US]
[14:13:31] [Server thread/DEBUG] [chisel/]: Enabling mod chisel
[14:13:31] [Server thread/DEBUG] [FML/]: Found translations in Chisel-2.9.5.11.jar [ru_RU, en_GB, ko_KR, de_DE, fr_FR, en_PT, en_US, zh_CN]
[14:13:31] [Server thread/DEBUG] [CoFHCore/]: Enabling mod CoFHCore
[14:13:31] [Server thread/DEBUG] [FML/]: Found translations in CoFHCore-[1.7.10]3.1.4-329.jar [de_DE, zh_CN, fr_FR, es_ES, ko_KR, pl_PL, ru_RU, ja_JP, zh_TW, fr_CA, en_US, hu_HU, it_IT, cs_CZ]
[14:13:31] [Server thread/DEBUG] [ComputerCraft/]: Enabling mod ComputerCraft
[14:13:31] [Server thread/DEBUG] [FML/]: Found translations in ComputerCraft1.75.jar [en_US]
[14:13:31] [Server thread/DEBUG] [cookingbook/]: Enabling mod cookingbook
[14:13:31] [Server thread/DEBUG] [FML/]: Found translations in cookingbook-mc1.7.10-1.0.140.jar [zh_CN, pt_BR, en_US]
[14:13:31] [Server thread/DEBUG] [MineTweaker3/]: Enabling mod MineTweaker3
[14:13:31] [Server thread/DEBUG] [CustomMainMenu/]: Enabling mod CustomMainMenu
[14:13:31] [Server thread/DEBUG] [DraconicEvolution/]: Enabling mod DraconicEvolution
[14:13:31] [Server thread/DEBUG] [FML/]: Found translations in Draconic-Evolution-1.7.10-1.0.2h.jar [de_DE, en_US, fr_FR, zh_CN]
[14:13:31] [Server thread/DEBUG] [endercore/]: Enabling mod endercore
[14:13:31] [Server thread/DEBUG] [FML/]: Found translations in EnderCore-1.7.10-0.2.0.40_beta.jar [cs_CZ, de_DE, en_US, fr_FR, ko_KR, pt_BR, pt_PT, ru_RU, zh_CN, zh_TW]
[14:13:31] [Server thread/DEBUG] [EnderIO/]: Enabling mod EnderIO
[14:13:31] [Server thread/DEBUG] [FML/]: Found translations in EnderIO-1.7.10-2.3.0.430_beta.jar [cs_CZ, de_DE, en_US, es_AR, es_ES, es_MX, es_UY, es_VE, fr_FR, ko_KR, pl_PL, pt_BR, pt_PT, ru_RU, zh_CN, zh_TW]
[14:13:31] [Server thread/DEBUG] [EnderTanks/]: Enabling mod EnderTanks
[14:13:31] [Server thread/DEBUG] [FML/]: Found translations in EnderTanks-rev16-beta1.jar [en_US]
[14:13:31] [Server thread/DEBUG] [energycontrol/]: Enabling mod energycontrol
[14:13:31] [Server thread/DEBUG] [FML/]: Found translations in EnergyControl-1.7.10-0.3.6.jar [en_US, ru_RU]
[14:13:31] [Server thread/DEBUG] [ExtraUtilities/]: Enabling mod ExtraUtilities
[14:13:31] [Server thread/DEBUG] [FML/]: Found translations in extrautilities-1.2.12.jar [cs_CZ, de_DE, en_PT, en_US, es_AR, es_ES, es_MX, es_UY, es_VE, fr_CA, fr_FR, ko_KR, pl_PL, pt_BR, ru_RU, zh_CN]
[14:13:31] [Server thread/DEBUG] [fastleafdecay/]: Enabling mod fastleafdecay
[14:13:31] [Server thread/DEBUG] [Forestry/]: Enabling mod Forestry
[14:13:31] [Server thread/DEBUG] [FML/]: Found translations in forestry_1.7.10-4.2.16.64.jar [cs_CZ, de_DE, en_US, es_AR, es_ES, es_MX, es_UY, es_VE, et_EE, fi_FI, fr_FR, he_IL, it_IT, ja_JP, ko_KR, nl_NL, no_NO, pl_PL, pt_BR, pt_PT, ru_RU, tr_TR, uk_UA, zh_CN, zh_TW]
[14:13:31] [Server thread/DEBUG] [FTBL/]: Enabling mod FTBL
[14:13:31] [Server thread/DEBUG] [FML/]: Found translations in FTBLib-1.7.10-1.0.18.3.jar [de_DE, en_US, zh_CN]
[14:13:31] [Server thread/DEBUG] [FTBT/]: Enabling mod FTBT
[14:13:31] [Server thread/DEBUG] [FTBU/]: Enabling mod FTBU
[14:13:31] [Server thread/DEBUG] [FML/]: Found translations in FTBUtilities-1.7.10-1.0.18.3.jar [de_DE, en_US, fr_FR, zh_CN]
[14:13:31] [Server thread/DEBUG] [spongemixins/]: Enabling mod spongemixins
[14:13:31] [Server thread/DEBUG] [gtnhmixins/]: Enabling mod gtnhmixins
[14:13:31] [Server thread/DEBUG] [hbm/]: Enabling mod hbm
[14:13:31] [Server thread/DEBUG] [FML/]: Found translations in HBM-NTM-[1.0.27_X5193].jar [en_US, fr_FR, zh_CN, pl_PL, ru_RU, it_IT, de_DE, test]
[14:13:31] [Server thread/DEBUG] [IC2NuclearControl/]: Enabling mod IC2NuclearControl
[14:13:31] [Server thread/DEBUG] [FML/]: Found translations in IC2NuclearControl-2.4.5a.jar [sv_SE, es_VE, tr_TR, zh_CN, es_AR, es_ES, it_IT, es_MX, en_PT, en_US, en_GB, ru_RU, fr_FR, zh_TW, pt_BR, de_DE, hr_HR, es_UY]
[14:13:31] [Server thread/DEBUG] [ImmersiveEngineering/]: Enabling mod ImmersiveEngineering
[14:13:31] [Server thread/DEBUG] [FML/]: Found translations in ImmersiveEngineering-0.7.7.jar [de_DE, es_ES, fr_FR, ru_RU, ja_JP, zh_CN, en_US]
[14:13:31] [Server thread/DEBUG] [immersiveintegration/]: Enabling mod immersiveintegration
[14:13:31] [Server thread/DEBUG] [FML/]: Found translations in immersiveintegration-0.6.8.jar [en_GB, en_US, zh_CN]
[14:13:31] [Server thread/DEBUG] [IC2/]: Enabling mod IC2
[14:13:31] [Server thread/DEBUG] [FML/]: Found translations in industrialcraft-2-2.2.827-experimental.jar [en_IC]
[14:13:31] [Server thread/DEBUG] [IndustrialPeripheral/]: Enabling mod IndustrialPeripheral
[14:13:31] [Server thread/DEBUG] [FML/]: Found translations in industrialperipheral-1.7.10-1.02public-universal.jar [en_US]
[14:13:31] [Server thread/DEBUG] [libVulpes/]: Enabling mod libVulpes
[14:13:31] [Server thread/DEBUG] [FML/]: Found translations in LibVulpes-1.7.10-0.2.8-37-universal.jar [en_US, fr_FR, zh_CN, es_ES, ru_RU]
[14:13:31] [Server thread/DEBUG] [malisiscore/]: Enabling mod malisiscore
[14:13:31] [Server thread/DEBUG] [FML/]: Found translations in malisiscore-1.7.10-0.14.3.jar [en_US, ru_RU, zh_CN]
[14:13:31] [Server thread/DEBUG] [malisisdoors/]: Enabling mod malisisdoors
[14:13:31] [Server thread/DEBUG] [FML/]: Found translations in malisisdoors-1.7.10-1.13.2.jar [cs_CZ, de_DE, en_US, es_AR, fr_FR, ru_RU, zh_CN]
[14:13:31] [Server thread/DEBUG] [Mekanism/]: Enabling mod Mekanism
[14:13:31] [Server thread/DEBUG] [FML/]: Found translations in Mekanism-1.7.10-9.1.1.1031.jar [cs_CZ, da_DK, de_DE, en_GB, en_US, en_ZA, fr_FR, it_IT, ja_JP, ko_KR, no_NO, pl_PL, pt_BR, pt_PT, ru_RU, zh_CN, zh_TW]
[14:13:31] [Server thread/DEBUG] [MekanismGenerators/]: Enabling mod MekanismGenerators
[14:13:31] [Server thread/DEBUG] [MekanismTools/]: Enabling mod MekanismTools
[14:13:31] [Server thread/DEBUG] [mfs/]: Enabling mod mfs
[14:13:31] [Server thread/DEBUG] [FML/]: Found translations in Minecraft Flight Simulator-1.7.10-7.1.3.jar [en_US, ja_JP, ru_RU]
[14:13:31] [Server thread/DEBUG] [MineFactoryReloaded/]: Enabling mod MineFactoryReloaded
[14:13:31] [Server thread/DEBUG] [MineFactoryReloaded|CompatAppliedEnergistics/]: Enabling mod MineFactoryReloaded|CompatAppliedEnergistics
[14:13:31] [Server thread/WARN] [MineFactoryReloaded|CompatAtum/]: Mod MineFactoryReloaded|CompatAtum has been disabled through configuration
[14:13:31] [Server thread/WARN] [MineFactoryReloaded|CompatBackTools/]: Mod MineFactoryReloaded|CompatBackTools has been disabled through configuration
[14:13:31] [Server thread/DEBUG] [MineFactoryReloaded|CompatBuildCraft/]: Enabling mod MineFactoryReloaded|CompatBuildCraft
[14:13:31] [Server thread/WARN] [MineFactoryReloaded|CompatChococraft/]: Mod MineFactoryReloaded|CompatChococraft has been disabled through configuration
[14:13:31] [Server thread/WARN] [MineFactoryReloaded|CompatExtraBiomes/]: Mod MineFactoryReloaded|CompatExtraBiomes has been disabled through configuration
[14:13:31] [Server thread/DEBUG] [MineFactoryReloaded|CompatForestry/]: Enabling mod MineFactoryReloaded|CompatForestry
[14:13:31] [Server thread/DEBUG] [MineFactoryReloaded|CompatForgeMicroblock/]: Enabling mod MineFactoryReloaded|CompatForgeMicroblock
[14:13:31] [Server thread/DEBUG] [MineFactoryReloaded|CompatIC2/]: Enabling mod MineFactoryReloaded|CompatIC2
[14:13:31] [Server thread/DEBUG] [MineFactoryReloaded|CompatProjRed/]: Enabling mod MineFactoryReloaded|CompatProjRed
[14:13:31] [Server thread/DEBUG] [MineFactoryReloaded|CompatRailcraft/]: Enabling mod MineFactoryReloaded|CompatRailcraft
[14:13:31] [Server thread/WARN] [MineFactoryReloaded|CompatSufficientBiomes/]: Mod MineFactoryReloaded|CompatSufficientBiomes has been disabled through configuration
[14:13:31] [Server thread/WARN] [MineFactoryReloaded|CompatThaumcraft/]: Mod MineFactoryReloaded|CompatThaumcraft has been disabled through configuration
[14:13:31] [Server thread/DEBUG] [MineFactoryReloaded|CompatThermalExpansion/]: Enabling mod MineFactoryReloaded|CompatThermalExpansion
[14:13:31] [Server thread/WARN] [MineFactoryReloaded|CompatTConstruct/]: Mod MineFactoryReloaded|CompatTConstruct has been disabled through configuration
[14:13:31] [Server thread/WARN] [MineFactoryReloaded|CompatTwilightForest/]: Mod MineFactoryReloaded|CompatTwilightForest has been disabled through configuration
[14:13:31] [Server thread/DEBUG] [MineFactoryReloaded|CompatVanilla/]: Enabling mod MineFactoryReloaded|CompatVanilla
[14:13:31] [Server thread/DEBUG] [modtweaker2/]: Enabling mod modtweaker2
[14:13:31] [Server thread/DEBUG] [Monoblocks/]: Enabling mod Monoblocks
[14:13:31] [Server thread/DEBUG] [FML/]: Found translations in Monoblocks-11.6.jar [en_US, hu_HU, ko_KR, zh_CN]
[14:13:31] [Server thread/DEBUG] [MonoblocksMultipart/]: Enabling mod MonoblocksMultipart
[14:13:31] [Server thread/DEBUG] [FML/]: Found translations in Monoblocks-11.6.jar [en_US, hu_HU, ko_KR, zh_CN]
[14:13:31] [Server thread/DEBUG] [cfm/]: Enabling mod cfm
[14:13:31] [Server thread/DEBUG] [FML/]: Found translations in MrCrayfishFurnitureModv3.4.7(1.7.10).jar [da_DK, en_US, es_AR, es_ES, nl_NL, no_NO, ro_RO, ru_RU, sv_SE]
[14:13:31] [Server thread/DEBUG] [NuclearCraft/]: Enabling mod NuclearCraft
[14:13:31] [Server thread/DEBUG] [FML/]: Found translations in NuclearCraft-1.9g--1.7.10.jar [de_DE, en_US, es_ES, pt_BR, zh_CN]
[14:13:31] [Server thread/DEBUG] [OpenBlocks/]: Enabling mod OpenBlocks
[14:13:31] [Server thread/DEBUG] [FML/]: Found translations in OpenBlocks-1.7.10-1.6.jar [nl_NL, zh_CN, es_AR, ru_RU, en_US, pt_BR, es_MX, ko_KR, de_DE, es_VE, pl_PL, es_UY, it_IT, es_ES, fr_FR, et_EE]
[14:13:31] [Server thread/DEBUG] [OpenComputers/]: Enabling mod OpenComputers
[14:13:31] [Server thread/DEBUG] [FML/]: Found translations in OpenComputers-MC1.7.10-1.8.7+7fecb07-universal.jar [zh_TW, en_US, ru_RU, fr_FR, it_IT, de_DE, zh_CN, pt_PT, es_MX, pt_BR]
[14:13:31] [Server thread/DEBUG] [OpenMods/]: Enabling mod OpenMods
[14:13:31] [Server thread/DEBUG] [FML/]: Found translations in OpenModsLib-1.7.10-0.10.1.jar [zh_CN, ru_RU, en_US, pt_BR, es_ES]
[14:13:31] [Server thread/DEBUG] [openmodularturrets/]: Enabling mod openmodularturrets
[14:13:31] [Server thread/DEBUG] [FML/]: Found translations in OpenModularTurrets-1.7.10-2.3.7.jar [de_DE, en_US, ru_RU, zh_CN, de_DE, en_GB, en_US, ru_RU, zh_CN]
[14:13:31] [Server thread/DEBUG] [OpenPeripheral/]: Enabling mod OpenPeripheral
[14:13:31] [Server thread/DEBUG] [FML/]: Found translations in OpenPeripheralAddons-1.7.10-0.6.jar [zh_CN, en_US, de_DE]
[14:13:31] [Server thread/DEBUG] [OpenPeripheralCore/]: Enabling mod OpenPeripheralCore
[14:13:31] [Server thread/DEBUG] [FML/]: Found translations in OpenPeripheralCore-1.7.10-1.4.jar [en_US]
[14:13:31] [Server thread/DEBUG] [OpenPeripheralIntegration/]: Enabling mod OpenPeripheralIntegration
[14:13:31] [Server thread/DEBUG] [FML/]: Found translations in OpenPeripheralIntegration-1.7.10-0.6.jar [en_US]
[14:13:31] [Server thread/DEBUG] [opensecurity/]: Enabling mod opensecurity
[14:13:31] [Server thread/DEBUG] [FML/]: Found translations in OpenSecurity-1.7.10-1.0-117.jar [zh_CN, en_US]
[14:13:31] [Server thread/DEBUG] [p455w0rdslib/]: Enabling mod p455w0rdslib
[14:13:31] [Server thread/DEBUG] [physica/]: Enabling mod physica
[14:13:31] [Server thread/DEBUG] [FML/]: Found translations in PhysicaCore-1.7.10-1.5.6-0.jar [en_US, en_US, en_US, en_US]
[14:13:31] [Server thread/DEBUG] [physicanuclearphysics/]: Enabling mod physicanuclearphysics
[14:13:31] [Server thread/DEBUG] [PowerConverters3/]: Enabling mod PowerConverters3
[14:13:31] [Server thread/DEBUG] [FML/]: Found translations in PowerConverters-1.7.10-2.11.jar [en_US]
[14:13:31] [Server thread/DEBUG] [pressure/]: Enabling mod pressure
[14:13:31] [Server thread/DEBUG] [FML/]: Found translations in pressure-1.3.0.fix1-mc1.7.10.jar [de_DE, en_US, hr_HR, ko_KR, ru_RU, zh_CN]
[14:13:31] [Server thread/DEBUG] [ProjRed|Core/]: Enabling mod ProjRed|Core
[14:13:31] [Server thread/DEBUG] [FML/]: Found translations in ProjectRed-1.7.10-4.7.0pre12.95-Base.jar [de_DE, en_US, fr_FR, it_IT, ja_JP, nl_NL, pt_BR, ru_RU, zh_CN, zh_TW]
[14:13:31] [Server thread/DEBUG] [ProjRed|Compatibility/]: Enabling mod ProjRed|Compatibility
[14:13:31] [Server thread/DEBUG] [ProjRed|Fabrication/]: Enabling mod ProjRed|Fabrication
[14:13:31] [Server thread/DEBUG] [ProjRed|Integration/]: Enabling mod ProjRed|Integration
[14:13:31] [Server thread/DEBUG] [ProjRed|Transmission/]: Enabling mod ProjRed|Transmission
[14:13:31] [Server thread/DEBUG] [ProjRed|Illumination/]: Enabling mod ProjRed|Illumination
[14:13:31] [Server thread/DEBUG] [ProjRed|Expansion/]: Enabling mod ProjRed|Expansion
[14:13:31] [Server thread/DEBUG] [ProjRed|Transportation/]: Enabling mod ProjRed|Transportation
[14:13:31] [Server thread/DEBUG] [ProjRed|Exploration/]: Enabling mod ProjRed|Exploration
[14:13:31] [Server thread/DEBUG] [Railcraft/]: Enabling mod Railcraft
[14:13:31] [Server thread/DEBUG] [FML/]: Found translations in Railcraft_1.7.10-9.12.2.0.jar [cs_CZ, de_DE, en_GB, en_US, es_AR, es_ES, es_MX, es_UY, es_VE, fr_FR, hr_HR, hu_HU, it_IT, ja_JP, ko_KR, nl_NL, no_NO, pl_PL, pt_BR, pt_PT, ru_RU, sr_SP, zh_CN, zh_TW]
[14:13:31] [Server thread/DEBUG] [ResourceLoader/]: Enabling mod ResourceLoader
[14:13:31] [Server thread/DEBUG] [rftools/]: Enabling mod rftools
[14:13:31] [Server thread/DEBUG] [FML/]: Found translations in rftools-4.23.jar [de_DE, en_US, pt_BR, ru_RU, tr_TR, zh_CN, zh_TW]
[14:13:31] [Server thread/DEBUG] [ShetiPhianCore/]: Enabling mod ShetiPhianCore
[14:13:31] [Server thread/DEBUG] [FML/]: Found translations in ShetiPhianCore-1.7.10-3.0.0.jar [en_US]
[14:13:31] [Server thread/DEBUG] [signpic/]: Enabling mod signpic
[14:13:31] [Server thread/DEBUG] [FML/]: Found translations in SignPicture-1.7.10-2.8.0-universal.jar [en_US, ja_JP, zh_TW]
[14:13:31] [Server thread/DEBUG] [spark/]: Enabling mod spark
[14:13:31] [Server thread/DEBUG] [StorageDrawers/]: Enabling mod StorageDrawers
[14:13:31] [Server thread/DEBUG] [FML/]: Found translations in StorageDrawers-1.7.10-1.10.9.jar [de_DE, en_US, es_AR, fr_FR, he_IL, ja_JP, ko_KR, pl_PL, ru_RU, zh_CN, zh_TW]
[14:13:31] [Server thread/DEBUG] [svm/]: Enabling mod svm
[14:13:31] [Server thread/DEBUG] [FML/]: Found translations in SVM-1.7.10-2.1.0.jar [en_US]
[14:13:31] [Server thread/DEBUG] [ThermalDynamics/]: Enabling mod ThermalDynamics
[14:13:31] [Server thread/DEBUG] [FML/]: Found translations in ThermalDynamics-[1.7.10]1.2.1-172.jar [it_IT, zh_TW, ja_JP, ko_KR, en_US, fr_FR, de_DE, pt_BR, zh_CN, nl_NL, cs_CZ, en_GB, ru_RU]
[14:13:31] [Server thread/DEBUG] [ThermalExpansion/]: Enabling mod ThermalExpansion
[14:13:31] [Server thread/DEBUG] [FML/]: Found translations in ThermalExpansion-[1.7.10]4.1.5-248.jar [en_GB, ko_KR, pt_BR, en_US, de_DE, cs_CZ, nl_NL, it_IT, zh_TW, es_ES, ja_JP, ru_RU, en_PT, zh_CN]
[14:13:31] [Server thread/DEBUG] [ThermalFoundation/]: Enabling mod ThermalFoundation
[14:13:31] [Server thread/DEBUG] [FML/]: Found translations in ThermalFoundation-[1.7.10]1.2.6-118.jar [tr_TR, it_IT, de_DE, ja_JP, pt_BR, en_GB, ko_KR, sk_SK, zh_TW, cs_CZ, zh_CN, pl_PL, es_ES, en_US, nl_NL, en_PT, ru_RU]
[14:13:31] [Server thread/DEBUG] [Waila/]: Enabling mod Waila
[14:13:31] [Server thread/DEBUG] [FML/]: Found translations in Waila-1.5.10_1.7.10.jar [de_DE, ru_RU, en_US, it_IT, zh_CN, fr_FR, et_EE, nl_NL]
[14:13:31] [Server thread/DEBUG] [WailaHarvestability/]: Enabling mod WailaHarvestability
[14:13:31] [Server thread/DEBUG] [FML/]: Found translations in WailaHarvestability-mc1.7.10-1.1.6.jar [cs_CZ, de_DE, en_US, es_ES, fr_FR, it_IT, ko_KR, pt_PT, ru_RU, zh_CN]
[14:13:31] [Server thread/DEBUG] [waystones/]: Enabling mod waystones
[14:13:31] [Server thread/DEBUG] [FML/]: Found translations in Waystones-mc1.7.10-1.0.12.jar [en_US]
[14:13:31] [Server thread/DEBUG] [ae2wct/]: Enabling mod ae2wct
[14:13:31] [Server thread/DEBUG] [FML/]: Found translations in WirelessCraftingTerminal-1.7.10-rv3-1.8.7.4b.jar [de_DE, en_CA, en_GB, en_US, es_ES]
[14:13:31] [Server thread/DEBUG] [worldedit/]: Enabling mod worldedit
[14:13:31] [Server thread/DEBUG] [ForgeMicroblock/]: Enabling mod ForgeMicroblock
[14:13:31] [Server thread/DEBUG] [FML/]: Found translations in ForgeMultipart-1.7.10-1.2.0.345-universal.jar [pl_PL, en_US, fr_CA, cs_CZ, pt_BR, hr_HR, tr_TR, es_ES, fr_FR, ru_RU, de_DE, zh_TW, it_IT, ko_KR, zh_CN, nl_NL]
[14:13:31] [Server thread/DEBUG] [ForgeMultipart/]: Enabling mod ForgeMultipart
[14:13:31] [Server thread/DEBUG] [FML/]: Found translations in ForgeMultipart-1.7.10-1.2.0.345-universal.jar [pl_PL, en_US, fr_CA, cs_CZ, pt_BR, hr_HR, tr_TR, es_ES, fr_FR, ru_RU, de_DE, zh_TW, it_IT, ko_KR, zh_CN, nl_NL]
[14:13:31] [Server thread/DEBUG] [McMultipart/]: Enabling mod McMultipart
[14:13:31] [Server thread/DEBUG] [FML/]: Found translations in ForgeMultipart-1.7.10-1.2.0.345-universal.jar [pl_PL, en_US, fr_CA, cs_CZ, pt_BR, hr_HR, tr_TR, es_ES, fr_FR, ru_RU, de_DE, zh_TW, it_IT, ko_KR, zh_CN, nl_NL]
[14:13:31] [Server thread/DEBUG] [MCFrames/]: Enabling mod MCFrames
[14:13:31] [Server thread/DEBUG] [FML/]: Found translations in ForgeRelocation-0.0.1.4-universal.jar [en_US]
[14:13:31] [Server thread/DEBUG] [ForgeRelocation/]: Enabling mod ForgeRelocation
[14:13:31] [Server thread/DEBUG] [FML/]: Found translations in ForgeRelocation-0.0.1.4-universal.jar [en_US]
[14:13:31] [Server thread/DEBUG] [RelocationFMP/]: Enabling mod RelocationFMP
[14:13:31] [Server thread/DEBUG] [MrTJPCoreMod/]: Enabling mod MrTJPCoreMod
[14:13:31] [Server thread/TRACE] [FML/]: Verifying mod requirements are satisfied
[14:13:31] [Server thread/TRACE] [FML/]: All mod requirements are satisfied
[14:13:31] [Server thread/TRACE] [FML/]: Sorting mods into an ordered list
[14:13:31] [Server thread/TRACE] [FML/]: Mod sorting completed successfully
[14:13:31] [Server thread/DEBUG] [FML/]: Mod sorting data
[14:13:31] [Server thread/DEBUG] [FML/]: 	securitycraft(SecurityCraft:v1.8.13): [1.7.10] SecurityCraft v1.8.13.jar (required-after:Forge@[10.13.4.1558,);after:LookingGlass@[0.2.0.01,);)
[14:13:31] [Server thread/DEBUG] [FML/]: 	CoFHCore(CoFH Core:1.7.10R3.1.4): CoFHCore-[1.7.10]3.1.4-329.jar (required-after:Forge@[10.13.4.1448,10.14);)
[14:13:31] [Server thread/DEBUG] [FML/]: 	CoFHLib(API: CoFHLib:1.7.10R1.2.1): CoFHCore-[1.7.10]3.1.4-329.jar ()
[14:13:31] [Server thread/DEBUG] [FML/]: 	CoFHAPI(API: CoFHAPI:1.7.10R1.0.2): forestry_1.7.10-4.2.16.64.jar ()
[14:13:31] [Server thread/DEBUG] [FML/]: 	BuildCraftAPI|crops(API: BuildCraftAPI|crops:1.1): buildcraft-7.1.25.jar ()
[14:13:31] [Server thread/DEBUG] [FML/]: 	buildcraftapi_tools(API: buildcraftapi_tools:1.0): PhysicaCore-1.7.10-1.5.6-0.jar ()
[14:13:31] [Server thread/DEBUG] [FML/]: 	CoFHAPI|energy(API: CoFHAPI|energy:1.7.10R1.1.0): NuclearCraft-1.9g--1.7.10.jar ()
[14:13:31] [Server thread/DEBUG] [FML/]: 	BuildCraft|Core(BuildCraft:7.1.25): buildcraft-7.1.25.jar (required-after:Forge@[10.13.2.1236,))
[14:13:31] [Server thread/DEBUG] [FML/]: 	BuildCraftAPI|core(API: BuildCraftAPI|core:1.0): buildcraft-7.1.25.jar ()
[14:13:31] [Server thread/DEBUG] [FML/]: 	BuildCraftAPI|tablet(API: BuildCraftAPI|tablet:1.0): Railcraft_1.7.10-9.12.2.0.jar ()
[14:13:31] [Server thread/DEBUG] [FML/]: 	BuildCraftAPI|tools(API: BuildCraftAPI|tools:1.0): Railcraft_1.7.10-9.12.2.0.jar ()
[14:13:31] [Server thread/DEBUG] [FML/]: 	BuildCraftAPI|boards(API: BuildCraftAPI|boards:2.0): buildcraft-7.1.25.jar ()
[14:13:31] [Server thread/DEBUG] [FML/]: 	BuildCraftAPI|recipes(API: BuildCraftAPI|recipes:3.1): buildcraft-7.1.25.jar ()
[14:13:31] [Server thread/DEBUG] [FML/]: 	BuildCraftAPI|robotics(API: BuildCraftAPI|robotics:3.0): buildcraft-7.1.25.jar ()
[14:13:31] [Server thread/DEBUG] [FML/]: 	BuildCraftAPI|lists(API: BuildCraftAPI|lists:1.0): buildcraft-7.1.25.jar ()
[14:13:31] [Server thread/DEBUG] [FML/]: 	BuildCraftAPI|gates(API: BuildCraftAPI|gates:4.1): buildcraft-7.1.25.jar ()
[14:13:31] [Server thread/DEBUG] [FML/]: 	BuildCraftAPI|facades(API: BuildCraftAPI|facades:1.1): buildcraft-7.1.25.jar ()
[14:13:31] [Server thread/DEBUG] [FML/]: 	BuildCraftAPI|events(API: BuildCraftAPI|events:2.0): buildcraft-7.1.25.jar ()
[14:13:31] [Server thread/DEBUG] [FML/]: 	BuildCraftAPI|library(API: BuildCraftAPI|library:2.0): buildcraft-7.1.25.jar ()
[14:13:31] [Server thread/DEBUG] [FML/]: 	BuildCraftAPI|blueprints(API: BuildCraftAPI|blueprints:1.5): buildcraft-7.1.25.jar ()
[14:13:31] [Server thread/DEBUG] [FML/]: 	BuildCraftAPI|items(API: BuildCraftAPI|items:1.1): buildcraft-7.1.25.jar ()
[14:13:31] [Server thread/DEBUG] [FML/]: 	BuildCraftAPI|transport(API: BuildCraftAPI|transport:4.1): buildcraft-7.1.25.jar ()
[14:13:31] [Server thread/DEBUG] [FML/]: 	BuildCraftAPI|power(API: BuildCraftAPI|power:1.3): buildcraft-7.1.25.jar ()
[14:13:31] [Server thread/DEBUG] [FML/]: 	BuildCraftAPI|filler(API: BuildCraftAPI|filler:4.0): buildcraft-7.1.25.jar ()
[14:13:31] [Server thread/DEBUG] [FML/]: 	BuildCraftAPI|fuels(API: BuildCraftAPI|fuels:2.0): buildcraft-7.1.25.jar ()
[14:13:31] [Server thread/DEBUG] [FML/]: 	BuildCraftAPI|blocks(API: BuildCraftAPI|blocks:1.0): Railcraft_1.7.10-9.12.2.0.jar ()
[14:13:31] [Server thread/DEBUG] [FML/]: 	BuildCraftAPI|tiles(API: BuildCraftAPI|tiles:1.2): Railcraft_1.7.10-9.12.2.0.jar ()
[14:13:31] [Server thread/DEBUG] [FML/]: 	BuildCraftAPI|statements(API: BuildCraftAPI|statements:1.1): buildcraft-7.1.25.jar ()
[14:13:31] [Server thread/DEBUG] [FML/]: 	BuildCraft|Energy(BC Energy:7.1.25): buildcraft-7.1.25.jar (required-after:BuildCraft|Core@7.1.25)
[14:13:31] [Server thread/DEBUG] [FML/]: 	ActuallyAdditions(Actually Additions:1.7.10-r21): ActuallyAdditions-1.7.10-r21.jar (after:BuildCraft|Energy)
[14:13:31] [Server thread/DEBUG] [FML/]: 	BuildCraft|Silicon(BC Silicon:7.1.25): buildcraft-7.1.25.jar (required-after:BuildCraft|Core@7.1.25)
[14:13:31] [Server thread/DEBUG] [FML/]: 	BuildCraft|Transport(BC Transport:7.1.25): buildcraft-7.1.25.jar (required-after:BuildCraft|Core@7.1.25)
[14:13:31] [Server thread/DEBUG] [FML/]: 	BuildCraft|Factory(BC Factory:7.1.25): buildcraft-7.1.25.jar (required-after:BuildCraft|Core@7.1.25)
[14:13:31] [Server thread/DEBUG] [FML/]: 	additionalpipes(Additional Pipes:4.7.7): additionalpipes-4.7.7.jar (after:BuildCraft|Transport[7.1.18,);after:BuildCraft|Silicon;after:BuildCraft|Transport;after:BuildCraft|Factory;after:LogisticsPipes)
[14:13:31] [Server thread/DEBUG] [FML/]: 	libVulpes(libVulpes:0.2.8.-37): LibVulpes-1.7.10-0.2.8-37-universal.jar (before:gregtech;after:CoFHCore;after:BuildCraft|Core)
[14:13:31] [Server thread/DEBUG] [FML/]: 	advancedRocketry(Advanced Rocketry:1.4.0-32): AdvancedRocketry-1.7.10-1.4.0-32.jar (required-after:libVulpes@[0.2.5,))
[14:13:31] [Server thread/DEBUG] [FML/]: 	appliedenergistics2(Applied Energistics 2:rv3-beta-6): appliedenergistics2-rv3-beta-6.jar (after:appliedenergistics2-core;required-after:Forge@[10.13.4.1448,))
[14:13:31] [Server thread/DEBUG] [FML/]: 	bdlib(BD Lib:1.9.5.1): bdlib-1.9.5.1-mc1.7.10.jar ()
[14:13:31] [Server thread/DEBUG] [FML/]: 	ae2stuff(AE2 Stuff:0.5.0.56): ae2stuff-0.5.0.56-mc1.7.10.jar (required-after:appliedenergistics2;required-after:bdlib@[1.9.2.104,))
[14:13:31] [Server thread/DEBUG] [FML/]: 	AirPortLight(AirPort Light:[1.7.10]-2.4.6): AirPort-[1.7.10]-2.4.6.jar ()
[14:13:31] [Server thread/DEBUG] [FML/]: 	Aroma1997CoreHelper(Aroma1997Core|Helper:1.0.2.16): Aroma1997Core-1.7.10-1.0.2.16.jar ()
[14:13:31] [Server thread/DEBUG] [FML/]: 	AromaBackup(AromaBackup:0.1.0.0): AromaBackup-1.7.10-0.1.0.0.jar (required-after:Aroma1997Core)
[14:13:31] [Server thread/DEBUG] [FML/]: 	AromaBackupAPI(API: AromaBackupAPI:1.0): AromaBackup-1.7.10-0.1.0.0.jar ()
[14:13:31] [Server thread/DEBUG] [FML/]: 	AromaBackupRecovery(AromaBackup Recovery:1.0): AromaBackup-1.7.10-0.1.0.0.jar (required-after:AromaBackup;required-after:Aroma1997Core)
[14:13:31] [Server thread/DEBUG] [FML/]: 	betterquesting(Better Questing:3.0.328): BetterQuesting-3.0.328.jar ()
[14:13:31] [Server thread/DEBUG] [FML/]: 	BiblioCraft(BiblioCraft:1.11.7): BiblioCraft[v1.11.7][MC1.7.10].jar ()
[14:13:31] [Server thread/DEBUG] [FML/]: 	blueice(Blue Ice:1.0): BlueIceV1.0.jar ()
[14:13:31] [Server thread/DEBUG] [FML/]: 	BrandonsCore(Brandon's Core:1.0.0.12): BrandonsCore-1.0.0.12.jar ()
[14:13:31] [Server thread/DEBUG] [FML/]: 	BuildCraft|Builders(BC Builders:7.1.25): buildcraft-7.1.25.jar (required-after:BuildCraft|Core@7.1.25)
[14:13:31] [Server thread/DEBUG] [FML/]: 	BuildCraft|Robotics(BC Robotics:7.1.25): buildcraft-7.1.25.jar (required-after:BuildCraft|Core@7.1.25)
[14:13:31] [Server thread/DEBUG] [FML/]: 	carbonconfig(Carbon Config Library:1.1.3): CarbonConfig-1.7.10-1.2.4.jar ()
[14:13:31] [Server thread/DEBUG] [FML/]: 	Thaumcraft|API(API: Thaumcraft|API:4.2.2.0): Railcraft_1.7.10-9.12.2.0.jar ()
[14:13:31] [Server thread/DEBUG] [FML/]: 	IC2(IndustrialCraft 2:2.2.827-experimental): industrialcraft-2-2.2.827-experimental.jar (required-after:Forge@[10.13.0.1200,))
[14:13:31] [Server thread/DEBUG] [FML/]: 	IC2API(API: IC2API:1.0): industrialcraft-2-2.2.827-experimental.jar ()
[14:13:31] [Server thread/DEBUG] [FML/]: 	Railcraft(Railcraft:9.12.2.0): Railcraft_1.7.10-9.12.2.0.jar ()
[14:13:31] [Server thread/DEBUG] [FML/]: 	ForgeMultipart(Forge Multipart:1.2.0.345): ForgeMultipart-1.7.10-1.2.0.345-universal.jar ()
[14:13:31] [Server thread/DEBUG] [FML/]: 	ChiselAPI|Rendering(API: ChiselAPI|Rendering:0.1.1): Chisel-2.9.5.11.jar ()
[14:13:31] [Server thread/DEBUG] [FML/]: 	ChiselAPI|Carving(API: ChiselAPI|Carving:0.1.1): Chisel-2.9.5.11.jar ()
[14:13:31] [Server thread/DEBUG] [FML/]: 	chisel(Chisel:2.9.5.11): Chisel-2.9.5.11.jar (after:EE3;after:ForgeMultipart;after:Thaumcraft;after:appliedenergistics2;after:Railcraft;after:AWWayofTime;after:TwilightForest)
[14:13:31] [Server thread/DEBUG] [FML/]: 	ChiselAPI(API: ChiselAPI:0.1.1): Chisel-2.9.5.11.jar ()
[14:13:31] [Server thread/DEBUG] [FML/]: 	CarpentersBlocks(Carpenter's Blocks:3.3.8.2): Carpenter's Blocks v3.3.8.2 - MC 1.7.10.jar (required-after:Forge@[10.13.0.1180,))
[14:13:31] [Server thread/DEBUG] [FML/]: 	ChickenChunks(ChickenChunks:1.3.4.19): ChickenChunks-1.7.10-1.3.4.19-universal.jar (required-after:CodeChickenCore@[1.0.3,))
[14:13:31] [Server thread/DEBUG] [FML/]: 	ComputerCraft(ComputerCraft:1.75): ComputerCraft1.75.jar ()
[14:13:31] [Server thread/DEBUG] [FML/]: 	cookingbook(Cooking for Blockheads:1.0.140): cookingbook-mc1.7.10-1.0.140.jar ()
[14:13:31] [Server thread/DEBUG] [FML/]: 	MineTweaker3(MineTweaker 3:3.1.0): CraftTweaker-1.7.10-3.1.0-legacy.jar ()
[14:13:31] [Server thread/DEBUG] [FML/]: 	CustomMainMenu(Custom Main Menu:1.9.2): CustomMainMenu-MC1.7.10-1.9.2.jar ()
[14:13:31] [Server thread/DEBUG] [FML/]: 	Baubles|API(API: Baubles|API:1.0.1.10): ThermalFoundation-[1.7.10]1.2.6-118.jar ()
[14:13:31] [Server thread/DEBUG] [FML/]: 	ThermalFoundation(Thermal Foundation:1.7.10R1.2.6): ThermalFoundation-[1.7.10]1.2.6-118.jar (required-after:CoFHCore@[1.7.10R3.1.4,1.7.10R3.2.0);)
[14:13:31] [Server thread/DEBUG] [FML/]: 	ThermalExpansion(Thermal Expansion:1.7.10R4.1.5): ThermalExpansion-[1.7.10]4.1.5-248.jar (required-after:CoFHCore@[1.7.10R3.1.4,1.7.10R3.2.0);required-after:ThermalFoundation@[1.7.10R1.2.6,1.7.10R1.3.0);)
[14:13:31] [Server thread/DEBUG] [FML/]: 	DraconicEvolution(Draconic Evolution:1.0.2h): Draconic-Evolution-1.7.10-1.0.2h.jar (after:NotEnoughItems;after:NotEnoughItems;after:ThermalExpansion;after:ThermalFoundation;required-after:BrandonsCore@[1.0.0.11,);)
[14:13:31] [Server thread/DEBUG] [FML/]: 	CoFHAPI|transport(API: CoFHAPI|transport:1.7.10R1.0.13): EnderIO-1.7.10-2.3.0.430_beta.jar ()
[14:13:31] [Server thread/DEBUG] [FML/]: 	endercore(EnderCore:1.7.10-0.2.0.40_beta): EnderCore-1.7.10-0.2.0.40_beta.jar (after:ttCore)
[14:13:31] [Server thread/DEBUG] [FML/]: 	MineFactoryReloaded(MineFactory Reloaded:1.7.10R2.8.1): MineFactoryReloaded-[1.7.10]2.8.1-174.jar (required-after:CoFHCore@[1.7.10R3.1.0,1.7.10R3.2.0);)
[14:13:31] [Server thread/DEBUG] [FML/]: 	Waila(Waila:1.5.10): Waila-1.5.10_1.7.10.jar (after:NotEnoughItems@[1.0.4.0,))
[14:13:31] [Server thread/DEBUG] [FML/]: 	CoFHAPI|block(API: CoFHAPI|block:1.7.10R1.0.13): EnderIO-1.7.10-2.3.0.430_beta.jar ()
[14:13:31] [Server thread/DEBUG] [FML/]: 	CoFHAPI|inventory(API: CoFHAPI|inventory:1.7.10R1.0.13): EnderIO-1.7.10-2.3.0.430_beta.jar ()
[14:13:31] [Server thread/DEBUG] [FML/]: 	CoFHAPI|item(API: CoFHAPI|item:1.7.10R1.1.0): NuclearCraft-1.9g--1.7.10.jar ()
[14:13:31] [Server thread/DEBUG] [FML/]: 	CoFHAPI|tileentity(API: CoFHAPI|tileentity:1.7.10R1.0.13): EnderIO-1.7.10-2.3.0.430_beta.jar ()
[14:13:31] [Server thread/DEBUG] [FML/]: 	EnderIO(Ender IO:1.7.10-2.3.0.430_beta): EnderIO-1.7.10-2.3.0.430_beta.jar (required-after:Forge@[10.13.4.1448,);required-after:endercore@[1.7.10-0.2.0.40_beta,);after:MineFactoryReloaded;after:Waila@[1.5.10,);after:Thaumcraft;after:appliedenergistics2@[rv2-beta-8,))
[14:13:31] [Server thread/DEBUG] [FML/]: 	ShetiPhianCore(ShetiPhian-Core:3.0.0): ShetiPhianCore-1.7.10-3.0.0.jar (required-after:Forge@[10.13.4.1614,))
[14:13:31] [Server thread/DEBUG] [FML/]: 	EnderTanks(EnderTanks:rev16-beta1): EnderTanks-rev16-beta1.jar (required-after:ShetiPhianCore@[v3,))
[14:13:31] [Server thread/DEBUG] [FML/]: 	energycontrol(Energy Control:1.7.10-0.3.6): EnergyControl-1.7.10-0.3.6.jar (after:IC2)
[14:13:31] [Server thread/DEBUG] [FML/]: 	ExtraUtilities(Extra Utilities:1.2.12): extrautilities-1.2.12.jar (required-after:Forge@[10.13.2.1291,);after:ForgeMultipart@[1.2.0.336,);after:Baubles;after:ThermalFoundation;after:EE3;before:TConstruct@[1.7.10-1.8.5,))
[14:13:31] [Server thread/DEBUG] [FML/]: 	fastleafdecay(Fast Leaf Decay:1.4): FastLeafDecay-1.7.10-1.4.jar ()
[14:13:31] [Server thread/DEBUG] [FML/]: 	Forestry(Forestry for Minecraft:4.2.16.64): forestry_1.7.10-4.2.16.64.jar (required-after:Forge@[10.13.4.1566,);after:Buildcraft|Core@[6.1.7,);after:ExtrabiomesXL;after:BiomesOPlenty;after:IC2@[2.0.140,);after:Natura@[2.2.0,);after:HardcoreEnderExpansion;)
[14:13:31] [Server thread/DEBUG] [FML/]: 	FTBL(FTBLib:1.0.18.2): FTBLib-1.7.10-1.0.18.3.jar (required-after:Forge@[10.13.4.1558,);after:Baubles;after:NotEnoughItems;after:Waila;after:MineTweaker3)
[14:13:31] [Server thread/DEBUG] [FML/]: 	FTBT(FTB Tweaks:1.0.2): FTBTweaks-1.0.2.jar (required-after:MineTweaker3;required-after:FTBL)
[14:13:31] [Server thread/DEBUG] [FML/]: 	FTBU(FTBUtilities:1.0.18.2): FTBUtilities-1.7.10-1.0.18.3.jar (required-after:FTBL;after:Baubles;after:Waila)
[14:13:31] [Server thread/DEBUG] [FML/]: 	spongemixins(SpongeMixins Loader:2.0.1): gtnhmixins-2.1.2.jar ()
[14:13:31] [Server thread/DEBUG] [FML/]: 	gtnhmixins(GTNHMixins:2.0.2): gtnhmixins-2.1.2.jar ()
[14:13:31] [Server thread/DEBUG] [FML/]: 	hbm(Hbm's Nuclear Tech:1.0.27 BETA (5193)): HBM-NTM-[1.0.27_X5193].jar ()
[14:13:31] [Server thread/DEBUG] [FML/]: 	IC2NuclearControl(Nuclear Control 2:2.4.5a): IC2NuclearControl-2.4.5a.jar (required-after:IC2)
[14:13:31] [Server thread/DEBUG] [FML/]: 	RailcraftAPI|core(API: RailcraftAPI|core:1.5.0): Railcraft_1.7.10-9.12.2.0.jar ()
[14:13:31] [Server thread/DEBUG] [FML/]: 	RailcraftAPI|crafting(API: RailcraftAPI|crafting:1.0.0): ImmersiveEngineering-0.7.7.jar ()
[14:13:31] [Server thread/DEBUG] [FML/]: 	ImmersiveEngineering(Immersive Engineering:0.7.7): ImmersiveEngineering-0.7.7.jar (after:Railcraft;before:TConstruct;after:ThermalFoundation;after:Avaritia)
[14:13:31] [Server thread/DEBUG] [FML/]: 	immersiveintegration(Immersive Integration:0.6.8): immersiveintegration-0.6.8.jar (required-after:Forge;required-after:ImmersiveEngineering;after:appliedenergistics2)
[14:13:31] [Server thread/DEBUG] [FML/]: 	IndustrialPeripheral(Industrial Peripheral:1.02): industrialperipheral-1.7.10-1.02public-universal.jar (required-after:ComputerCraft@[1.74,);required-after:IC2@[2.0,);required-after:Forge@[9.10,))
[14:13:31] [Server thread/DEBUG] [FML/]: 	malisiscore(MalisisCore:1.7.10-0.14.3): malisiscore-1.7.10-0.14.3.jar ()
[14:13:31] [Server thread/DEBUG] [FML/]: 	malisisdoors(Malisis' Doors:1.7.10-1.13.2): malisisdoors-1.7.10-1.13.2.jar (required-after:malisiscore)
[14:13:31] [Server thread/DEBUG] [FML/]: 	MekanismAPI|core(API: MekanismAPI|core:9.0.0): PhysicaCore-1.7.10-1.5.6-0.jar ()
[14:13:31] [Server thread/DEBUG] [FML/]: 	Mekanism(Mekanism:9.1.1): Mekanism-1.7.10-9.1.1.1031.jar (after:ForgeMultipart;after:BuildCraft;after:BuildCraftAPI;after:IC2;after:CoFHCore;after:ComputerCraft;after:Galacticraft API;after:MetallurgyCore)
[14:13:31] [Server thread/DEBUG] [FML/]: 	MekanismGenerators(MekanismGenerators:9.1.1): MekanismGenerators-1.7.10-9.1.1.1031.jar (required-after:Mekanism)
[14:13:31] [Server thread/DEBUG] [FML/]: 	MekanismTools(MekanismTools:9.1.1): MekanismTools-1.7.10-9.1.1.1031.jar (required-after:Mekanism)
[14:13:31] [Server thread/DEBUG] [FML/]: 	mfs(Minecraft Flight Simulator:7.1.3): Minecraft Flight Simulator-1.7.10-7.1.3.jar ()
[14:13:31] [Server thread/DEBUG] [FML/]: 	MineFactoryReloaded|CompatAppliedEnergistics(MFR Compat: Applied Energistics:1.7.10R2.8.1): MineFactoryReloaded-[1.7.10]2.8.1-174.jar (after:MineFactoryReloaded;after:appliedenergistics2)
[14:13:31] [Server thread/DEBUG] [FML/]: 	MineFactoryReloaded|CompatBuildCraft(MFR Compat: BuildCraft:1.7.10R2.8.1): MineFactoryReloaded-[1.7.10]2.8.1-174.jar (after:MineFactoryReloaded;after:BuildCraft|Core)
[14:13:31] [Server thread/DEBUG] [FML/]: 	MineFactoryReloaded|CompatForestry(MFR Compat: Forestry:1.7.10R2.8.1): MineFactoryReloaded-[1.7.10]2.8.1-174.jar (after:MineFactoryReloaded;after:Forestry)
[14:13:31] [Server thread/DEBUG] [FML/]: 	MineFactoryReloaded|CompatForgeMicroblock(MFR Compat: ForgeMicroblock:1.7.10R2.8.1): MineFactoryReloaded-[1.7.10]2.8.1-174.jar (after:MineFactoryReloaded)
[14:13:31] [Server thread/DEBUG] [FML/]: 	MineFactoryReloaded|CompatIC2(MFR Compat: IC2:1.7.10R2.8.1): MineFactoryReloaded-[1.7.10]2.8.1-174.jar (after:MineFactoryReloaded;after:IC2)
[14:13:31] [Server thread/DEBUG] [FML/]: 	MrTJPCoreMod(MrTJPCore:1.1.0.33): MrTJPCore-1.1.0.33-universal.jar ()
[14:13:31] [Server thread/DEBUG] [FML/]: 	ProjRed|Core(ProjectRed Core:4.7.0pre12.95): ProjectRed-1.7.10-4.7.0pre12.95-Base.jar ()
[14:13:31] [Server thread/DEBUG] [FML/]: 	ProjRed|Exploration(ProjectRed Exploration:4.7.0pre12.95): ProjectRed-1.7.10-4.7.0pre12.95-World.jar ()
[14:13:31] [Server thread/DEBUG] [FML/]: 	MineFactoryReloaded|CompatProjRed(MFR Compat ProjectRed:1.7.10R2.8.1): MineFactoryReloaded-[1.7.10]2.8.1-174.jar (after:MineFactoryReloaded;after:ProjRed|Core;after:ProjRed|Exploration)
[14:13:31] [Server thread/DEBUG] [FML/]: 	MineFactoryReloaded|CompatRailcraft(MFR Compat: Railcraft:1.7.10R2.8.1): MineFactoryReloaded-[1.7.10]2.8.1-174.jar (after:MineFactoryReloaded;after:Railcraft)
[14:13:31] [Server thread/DEBUG] [FML/]: 	MineFactoryReloaded|CompatThermalExpansion(MFR Compat: Thermal Expansion:1.7.10R2.8.1): MineFactoryReloaded-[1.7.10]2.8.1-174.jar (after:MineFactoryReloaded;after:ThermalExpansion)
[14:13:31] [Server thread/DEBUG] [FML/]: 	MineFactoryReloaded|CompatVanilla(MFR Compat: Vanilla:1.7.10R2.8.1): MineFactoryReloaded-[1.7.10]2.8.1-174.jar (after:MineFactoryReloaded)
[14:13:31] [Server thread/DEBUG] [FML/]: 	modtweaker2(Mod Tweaker 2:0.9.6): ModTweaker2-0.9.6.jar (required-after:MineTweaker3;after:Forestry@[4.1.0,);)
[14:13:31] [Server thread/DEBUG] [FML/]: 	Monoblocks(�cMonoblocks:11.6): Monoblocks-11.6.jar ()
[14:13:31] [Server thread/DEBUG] [FML/]: 	MonoblocksMultipart(MonoblocksMultipart:11.6): Monoblocks-11.6.jar (after:Monoblocks)
[14:13:31] [Server thread/DEBUG] [FML/]: 	cfm(�9MrCrayfish's Furniture Mod:3.4.7): MrCrayfishFurnitureModv3.4.7(1.7.10).jar ()
[14:13:31] [Server thread/DEBUG] [FML/]: 	CoFHAPI|core(API: CoFHAPI|core:1.7.10R1.1.0): NuclearCraft-1.9g--1.7.10.jar ()
[14:13:31] [Server thread/DEBUG] [FML/]: 	MekanismAPI|recipe(API: MekanismAPI|recipe:9.0.0): NuclearCraft-1.9g--1.7.10.jar ()
[14:13:31] [Server thread/DEBUG] [FML/]: 	CoFHAPI|modhelpers(API: CoFHAPI|modhelpers:1.7.10R1.1.0): NuclearCraft-1.9g--1.7.10.jar ()
[14:13:31] [Server thread/DEBUG] [FML/]: 	MekanismAPI|reactor(API: MekanismAPI|reactor:9.0.0): NuclearCraft-1.9g--1.7.10.jar ()
[14:13:31] [Server thread/DEBUG] [FML/]: 	MekanismAPI|infuse(API: MekanismAPI|infuse:9.0.0): NuclearCraft-1.9g--1.7.10.jar ()
[14:13:31] [Server thread/DEBUG] [FML/]: 	CoFHAPI|world(API: CoFHAPI|world:1.7.10R1.1.0): NuclearCraft-1.9g--1.7.10.jar ()
[14:13:31] [Server thread/DEBUG] [FML/]: 	MekanismAPI|gas(API: MekanismAPI|gas:9.0.0): NuclearCraft-1.9g--1.7.10.jar ()
[14:13:31] [Server thread/DEBUG] [FML/]: 	MekanismAPI|util(API: MekanismAPI|util:9.0.0): NuclearCraft-1.9g--1.7.10.jar ()
[14:13:31] [Server thread/DEBUG] [FML/]: 	CoFHAPI|fluid(API: CoFHAPI|fluid:1.7.10R1.3.1): CoFHCore-[1.7.10]3.1.4-329.jar ()
[14:13:31] [Server thread/DEBUG] [FML/]: 	MekanismAPI|laser(API: MekanismAPI|laser:9.0.0): Mekanism-1.7.10-9.1.1.1031.jar ()
[14:13:31] [Server thread/DEBUG] [FML/]: 	MekanismAPI|transmitter(API: MekanismAPI|transmitter:9.0.0): Mekanism-1.7.10-9.1.1.1031.jar ()
[14:13:31] [Server thread/DEBUG] [FML/]: 	MekanismAPI|energy(API: MekanismAPI|energy:9.0.0): Mekanism-1.7.10-9.1.1.1031.jar ()
[14:13:31] [Server thread/DEBUG] [FML/]: 	NuclearCraft(NuclearCraft:1.9g): NuclearCraft-1.9g--1.7.10.jar ()
[14:13:31] [Server thread/DEBUG] [FML/]: 	OpenMods(OpenMods:0.10.1): OpenModsLib-1.7.10-0.10.1.jar (required-after:OpenModsCore)
[14:13:31] [Server thread/DEBUG] [FML/]: 	OpenBlocks(OpenBlocks:1.6): OpenBlocks-1.7.10-1.6.jar (required-after:OpenMods@[0.10,0.11))
[14:13:31] [Server thread/DEBUG] [FML/]: 	ProjRed|Transmission(ProjectRed Transmission:4.7.0pre12.95): ProjectRed-1.7.10-4.7.0pre12.95-Integration.jar ()
[14:13:31] [Server thread/DEBUG] [FML/]: 	OpenComputersAPI|Driver|Item(API: OpenComputersAPI|Driver|Item:6.0.0-alpha): OpenComputers-MC1.7.10-1.8.7+7fecb07-universal.jar ()
[14:13:31] [Server thread/DEBUG] [FML/]: 	OpenComputersAPI|Network(API: OpenComputersAPI|Network:6.0.0-alpha): OpenComputers-MC1.7.10-1.8.7+7fecb07-universal.jar ()
[14:13:31] [Server thread/DEBUG] [FML/]: 	OpenComputersAPI|Core(API: OpenComputersAPI|Core:6.0.0-alpha): OpenComputers-MC1.7.10-1.8.7+7fecb07-universal.jar ()
[14:13:31] [Server thread/DEBUG] [FML/]: 	OpenComputersAPI|Driver(API: OpenComputersAPI|Driver:6.0.0-alpha): OpenComputers-MC1.7.10-1.8.7+7fecb07-universal.jar ()
[14:13:31] [Server thread/DEBUG] [FML/]: 	OpenComputersAPI|Prefab(API: OpenComputersAPI|Prefab:6.0.0-alpha): OpenComputers-MC1.7.10-1.8.7+7fecb07-universal.jar ()
[14:13:31] [Server thread/DEBUG] [FML/]: 	OpenComputersAPI|FileSystem(API: OpenComputersAPI|FileSystem:6.0.0-alpha): OpenComputers-MC1.7.10-1.8.7+7fecb07-universal.jar ()
[14:13:31] [Server thread/DEBUG] [FML/]: 	OpenComputersAPI|Event(API: OpenComputersAPI|Event:6.0.0-alpha): OpenComputers-MC1.7.10-1.8.7+7fecb07-universal.jar ()
[14:13:31] [Server thread/DEBUG] [FML/]: 	OpenComputersAPI|Manual(API: OpenComputersAPI|Manual:6.0.0-alpha): OpenComputers-MC1.7.10-1.8.7+7fecb07-universal.jar ()
[14:13:31] [Server thread/DEBUG] [FML/]: 	OpenComputersAPI|Component(API: OpenComputersAPI|Component:6.0.0-alpha): OpenComputers-MC1.7.10-1.8.7+7fecb07-universal.jar ()
[14:13:31] [Server thread/DEBUG] [FML/]: 	OpenComputersAPI|Internal(API: OpenComputersAPI|Internal:6.0.0-alpha): OpenComputers-MC1.7.10-1.8.7+7fecb07-universal.jar ()
[14:13:31] [Server thread/DEBUG] [FML/]: 	OpenComputersAPI|Machine(API: OpenComputersAPI|Machine:6.0.0-alpha): OpenComputers-MC1.7.10-1.8.7+7fecb07-universal.jar ()
[14:13:31] [Server thread/DEBUG] [FML/]: 	OpenComputers(OpenComputers:1.8.7): OpenComputers-MC1.7.10-1.8.7+7fecb07-universal.jar ()
[14:13:31] [Server thread/DEBUG] [FML/]: 	openmodularturrets(Open Modular Turrets:1.7.10-2.3.7): OpenModularTurrets-1.7.10-2.3.7.jar (after:ThermalFoundation;after:ThermalExpansion;after:OpenComputers;after:ComputerCraft;after:Mekanism;after:EnderIO;after:Thaumcraft)
[14:13:31] [Server thread/DEBUG] [FML/]: 	OpenPeripheralAddonsApi(API: OpenPeripheralAddonsApi:1.0): OpenPeripheralAddons-1.7.10-0.6.jar ()
[14:13:31] [Server thread/DEBUG] [FML/]: 	OpenPeripheralCore(OpenPeripheralCore:1.4): OpenPeripheralCore-1.7.10-1.4.jar (required-after:OpenMods@[0.10,0.11);after:ComputerCraft@[1.70,];after:OpenComputers@[1.5.0,];)
[14:13:31] [Server thread/DEBUG] [FML/]: 	OpenPeripheralApi(API: OpenPeripheralApi:3.4.2): OpenPeripheralCore-1.7.10-1.4.jar ()
[14:13:31] [Server thread/DEBUG] [FML/]: 	OpenPeripheral(OpenPeripheralAddons:0.6): OpenPeripheralAddons-1.7.10-0.6.jar (required-after:OpenMods@[0.10,0.11);required-after:OpenPeripheralApi@3.4.2;after:ComputerCraft@[1.70,])
[14:13:31] [Server thread/DEBUG] [FML/]: 	OpenPeripheralIntegration(OpenPeripheralIntegration:0.6): OpenPeripheralIntegration-1.7.10-0.6.jar (required-after:OpenMods@[0.10,0.11);required-after:OpenPeripheralApi@3.4.2;after:ComputerCraft@[1.70,];after:appliedEnergistics-2;after:IC2;after:EnderStorage;after:BuildCraft|Core;after:Forestry;after:Mystcraft;after:Railcraft;after:Thaumcraft;after:ThermalExpansion;)
[14:13:31] [Server thread/DEBUG] [FML/]: 	opensecurity(OpenSecurity:1.0.117): OpenSecurity-1.7.10-1.0-117.jar (required-after:OpenComputers)
[14:13:31] [Server thread/DEBUG] [FML/]: 	p455w0rdslib(p455w0rd's Library:1.0.4): p455w0rdslib-1.7.10-1.0.4.jar ()
[14:13:31] [Server thread/DEBUG] [FML/]: 	WailaAPI(API: WailaAPI:1.2): Waila-1.5.10_1.7.10.jar ()
[14:13:31] [Server thread/DEBUG] [FML/]: 	appliedenergistics2|API(API: appliedenergistics2|API:rv3): appliedenergistics2-rv3-beta-6.jar ()
[14:13:31] [Server thread/DEBUG] [FML/]: 	DefenseTechAPI|Model(API: DefenseTechAPI|Model:1.0): PhysicaCore-1.7.10-1.5.6-0.jar ()
[14:13:31] [Server thread/DEBUG] [FML/]: 	VoltzEngineAPI(API: VoltzEngineAPI:0.11.0): PhysicaCore-1.7.10-1.5.6-0.jar ()
[14:13:31] [Server thread/DEBUG] [FML/]: 	physica(Physica:1.7.10-1.5.6-0): PhysicaCore-1.7.10-1.5.6-0.jar ()
[14:13:31] [Server thread/DEBUG] [FML/]: 	physicanuclearphysics(PhysicaNuclearPhysics:1.7.10-1.5.6-0): PhysicaNuclearPhysics-1.7.10-1.5.6-0.jar (required-after:physica)
[14:13:31] [Server thread/DEBUG] [FML/]: 	PowerConverters3(Power Converters 3:1.7.10-2.11): PowerConverters-1.7.10-2.11.jar (after:BuildCraft|Energy;after:factorization;after:IC2;after:Railcraft;after:ThermalExpansion)
[14:13:31] [Server thread/DEBUG] [FML/]: 	pressure(Pressure Pipes:1.3.0.fix1): pressure-1.3.0.fix1-mc1.7.10.jar (after:ForgeMultipart;after:ComputerCraft;required-after:bdlib)
[14:13:31] [Server thread/DEBUG] [FML/]: 	ProjRed|Transportation(ProjectRed Transportation:4.7.0pre12.95): ProjectRed-1.7.10-4.7.0pre12.95-Mechanical.jar ()
[14:13:31] [Server thread/DEBUG] [FML/]: 	ProjRed|Compatibility(ProjectRed Compatibility:4.7.0pre12.95): ProjectRed-1.7.10-4.7.0pre12.95-Compat.jar ()
[14:13:31] [Server thread/DEBUG] [FML/]: 	ProjRed|Integration(ProjectRed Integration:4.7.0pre12.95): ProjectRed-1.7.10-4.7.0pre12.95-Integration.jar ()
[14:13:31] [Server thread/DEBUG] [FML/]: 	ProjRed|Fabrication(ProjectRed Fabrication:4.7.0pre12.95): ProjectRed-1.7.10-4.7.0pre12.95-Fabrication.jar ()
[14:13:31] [Server thread/DEBUG] [FML/]: 	ProjRed|Illumination(ProjectRed Illumination:4.7.0pre12.95): ProjectRed-1.7.10-4.7.0pre12.95-Lighting.jar ()
[14:13:31] [Server thread/DEBUG] [FML/]: 	ProjRed|Expansion(ProjectRed Expansion:4.7.0pre12.95): ProjectRed-1.7.10-4.7.0pre12.95-Mechanical.jar ()
[14:13:31] [Server thread/DEBUG] [FML/]: 	ResourceLoader(Resource Loader:1.3): ResourceLoader-MC1.7.10-1.3.jar ()
[14:13:31] [Server thread/DEBUG] [FML/]: 	McJtyLib(API: McJtyLib:1.8.1): mcjtylib-1.8.1.jar ()
[14:13:31] [Server thread/DEBUG] [FML/]: 	rftools(RFTools:4.23): rftools-4.23.jar (required-after:Forge@[10.13.2.1291,);required-after:CoFHLib@[1.0.3,);required-after:McJtyLib@[1.8.1,))
[14:13:31] [Server thread/DEBUG] [FML/]: 	bnnwidget(API: bnnwidget:1.0): SignPicture-1.7.10-2.8.0-universal.jar ()
[14:13:31] [Server thread/DEBUG] [FML/]: 	signpic(SignPicture:2.8.0): SignPicture-1.7.10-2.8.0-universal.jar ()
[14:13:31] [Server thread/DEBUG] [FML/]: 	spark(spark:1.10.35): spark-1.10.19-forge1710.jar ()
[14:13:31] [Server thread/DEBUG] [FML/]: 	StorageDrawers(Storage Drawers:1.7.10-1.10.9): StorageDrawers-1.7.10-1.10.9.jar (after:waila;)
[14:13:31] [Server thread/DEBUG] [FML/]: 	svm(Saracalia's Vehicle Mod:1.7.10-2.1.0): SVM-1.7.10-2.1.0.jar ()
[14:13:31] [Server thread/DEBUG] [FML/]: 	ThermalDynamics(Thermal Dynamics:1.7.10R1.2.1): ThermalDynamics-[1.7.10]1.2.1-172.jar (required-after:CoFHCore@[1.7.10R3.1.4,1.7.10R3.2.0);required-after:ThermalFoundation@[1.7.10R1.2.6,1.7.10R1.3.0);)
[14:13:31] [Server thread/DEBUG] [FML/]: 	WailaHarvestability(Waila Harvestability:1.1.6): WailaHarvestability-mc1.7.10-1.1.6.jar (after:TConstruct;after:ExtraTiC;after:TSteelworks;after:Mariculture)
[14:13:31] [Server thread/DEBUG] [FML/]: 	waystones(Waystones:1.0.12): Waystones-mc1.7.10-1.0.12.jar ()
[14:13:31] [Server thread/DEBUG] [FML/]: 	ae2wct(AE2 Wireless Crafting Terminal:1.7.10-rv3-1.8.7.4b): WirelessCraftingTerminal-1.7.10-rv3-1.8.7.4b.jar (required-after:Forge@[10.13.4.1614,);required-after:appliedenergistics2@[rv3-beta-1,);required-after:p455w0rdslib;after:NotEnoughItems;)
[14:13:31] [Server thread/DEBUG] [FML/]: 	worldedit(WorldEdit:6.1.1): worldedit-forge-mc1.7.10-6.1.1-dist.jar ()
[14:13:31] [Server thread/DEBUG] [FML/]: 	McMultipart(Minecraft Multipart Plugin:1.2.0.345): ForgeMultipart-1.7.10-1.2.0.345-universal.jar ()
[14:13:31] [Server thread/DEBUG] [FML/]: 	ForgeRelocation(ForgeRelocation:0.0.1.4): ForgeRelocation-0.0.1.4-universal.jar ()
[14:13:31] [Server thread/DEBUG] [FML/]: 	ForgeRelocation|API(API: ForgeRelocation|API:0.0.1.4): ForgeRelocation-0.0.1.4-universal.jar ()
[14:13:31] [Server thread/DEBUG] [FML/]: 	MCFrames(MCFrames:1.0): ForgeRelocation-0.0.1.4-universal.jar ()
[14:13:31] [Server thread/DEBUG] [FML/]: 	RelocationFMP(RelocationFMP:0.0.1.2): ForgeRelocationFMP-0.0.1.2-universal.jar ()
[14:13:31] [Server thread/DEBUG] [FML/]: 	StorageDrawersAPI(API: StorageDrawersAPI:1.7.10-1.2.0): StorageDrawers-1.7.10-1.10.9.jar ()
[14:13:31] [Server thread/DEBUG] [FML/]: 	StorageDrawersAPI|registry(API: StorageDrawersAPI|registry:1.7.10-1.2.0): StorageDrawers-1.7.10-1.10.9.jar ()
[14:13:31] [Server thread/DEBUG] [FML/]: 	RailcraftAPI|carts(API: RailcraftAPI|carts:1.6.0): Railcraft_1.7.10-9.12.2.0.jar ()
[14:13:31] [Server thread/DEBUG] [FML/]: 	RailcraftAPI|locomotive(API: RailcraftAPI|locomotive:1.1.0): Railcraft_1.7.10-9.12.2.0.jar ()
[14:13:31] [Server thread/DEBUG] [FML/]: 	StorageDrawersAPI|storage(API: StorageDrawersAPI|storage:1.7.10-1.2.0): StorageDrawers-1.7.10-1.10.9.jar ()
[14:13:31] [Server thread/DEBUG] [FML/]: 	ForestryAPI|core(API: ForestryAPI|core:5.0.0): forestry_1.7.10-4.2.16.64.jar ()
[14:13:31] [Server thread/DEBUG] [FML/]: 	ForestryAPI|apiculture(API: ForestryAPI|apiculture:4.8.0): forestry_1.7.10-4.2.16.64.jar ()
[14:13:31] [Server thread/DEBUG] [FML/]: 	ForestryAPI|hives(API: ForestryAPI|hives:4.1.0): forestry_1.7.10-4.2.16.64.jar ()
[14:13:31] [Server thread/DEBUG] [FML/]: 	StorageDrawersAPI|inventory(API: StorageDrawersAPI|inventory:1.7.10-1.2.0): StorageDrawers-1.7.10-1.10.9.jar ()
[14:13:31] [Server thread/DEBUG] [FML/]: 	ForestryAPI|storage(API: ForestryAPI|storage:3.0.0): forestry_1.7.10-4.2.16.64.jar ()
[14:13:31] [Server thread/DEBUG] [FML/]: 	CoFHLib|world(API: CoFHLib|world:1.7.10R1.2.1): CoFHCore-[1.7.10]3.1.4-329.jar ()
[14:13:31] [Server thread/DEBUG] [FML/]: 	RailcraftAPI|events(API: RailcraftAPI|events:1.0.0): Railcraft_1.7.10-9.12.2.0.jar ()
[14:13:31] [Server thread/DEBUG] [FML/]: 	CoFHLib|util(API: CoFHLib|util:1.7.10R1.2.1): CoFHCore-[1.7.10]3.1.4-329.jar ()
[14:13:31] [Server thread/DEBUG] [FML/]: 	ForestryAPI|mail(API: ForestryAPI|mail:3.0.0): forestry_1.7.10-4.2.16.64.jar ()
[14:13:31] [Server thread/DEBUG] [FML/]: 	ForestryAPI|genetics(API: ForestryAPI|genetics:4.7.1): forestry_1.7.10-4.2.16.64.jar ()
[14:13:31] [Server thread/DEBUG] [FML/]: 	RailcraftAPI|bore(API: RailcraftAPI|bore:1.0.0): Railcraft_1.7.10-9.12.2.0.jar ()
[14:13:31] [Server thread/DEBUG] [FML/]: 	CoFHLib|world|feature(API: CoFHLib|world|feature:1.7.10R1.2.1): CoFHCore-[1.7.10]3.1.4-329.jar ()
[14:13:31] [Server thread/DEBUG] [FML/]: 	CarpentersBlocks|API(API: CarpentersBlocks|API:3.3.7): Carpenter's Blocks v3.3.8.2 - MC 1.7.10.jar ()
[14:13:31] [Server thread/DEBUG] [FML/]: 	RailcraftAPI|items(API: RailcraftAPI|items:1.0.0): Railcraft_1.7.10-9.12.2.0.jar ()
[14:13:31] [Server thread/DEBUG] [FML/]: 	RailcraftAPI|tracks(API: RailcraftAPI|tracks:2.3.0): Railcraft_1.7.10-9.12.2.0.jar ()
[14:13:31] [Server thread/DEBUG] [FML/]: 	ComputerCraft|API|Turtle(API: ComputerCraft|API|Turtle:1.75): ComputerCraft1.75.jar ()
[14:13:31] [Server thread/DEBUG] [FML/]: 	CoFHLib|gui|element(API: CoFHLib|gui|element:1.7.10R1.2.1): CoFHCore-[1.7.10]3.1.4-329.jar ()
[14:13:31] [Server thread/DEBUG] [FML/]: 	StorageDrawersAPI|pack(API: StorageDrawersAPI|pack:1.7.10-1.2.0): StorageDrawers-1.7.10-1.10.9.jar ()
[14:13:31] [Server thread/DEBUG] [FML/]: 	OpenBlocks|API(API: OpenBlocks|API:1.1): OpenBlocks-1.7.10-1.6.jar ()
[14:13:31] [Server thread/DEBUG] [FML/]: 	ComputerCraft|API|FileSystem(API: ComputerCraft|API|FileSystem:1.75): ComputerCraft1.75.jar ()
[14:13:31] [Server thread/DEBUG] [FML/]: 	ForestryAPI|lepidopterology(API: ForestryAPI|lepidopterology:1.3.0): forestry_1.7.10-4.2.16.64.jar ()
[14:13:31] [Server thread/DEBUG] [FML/]: 	ComputerCraft|API|Lua(API: ComputerCraft|API|Lua:1.75): ComputerCraft1.75.jar ()
[14:13:31] [Server thread/DEBUG] [FML/]: 	CoFHLib|gui|container(API: CoFHLib|gui|container:1.7.10R1.2.1): CoFHCore-[1.7.10]3.1.4-329.jar ()
[14:13:31] [Server thread/DEBUG] [FML/]: 	ForestryAPI|recipes(API: ForestryAPI|recipes:5.4.0): forestry_1.7.10-4.2.16.64.jar ()
[14:13:31] [Server thread/DEBUG] [FML/]: 	StorageDrawersAPI|event(API: StorageDrawersAPI|event:1.7.10-1.2.0): StorageDrawers-1.7.10-1.10.9.jar ()
[14:13:31] [Server thread/DEBUG] [FML/]: 	CoFHLib|util|helpers(API: CoFHLib|util|helpers:1.7.10R1.2.1): CoFHCore-[1.7.10]3.1.4-329.jar ()
[14:13:31] [Server thread/DEBUG] [FML/]: 	BetterQuesting|API(API: BetterQuesting|API:3.2): BetterQuesting-3.0.328.jar ()
[14:13:31] [Server thread/DEBUG] [FML/]: 	CoFHLib|inventory(API: CoFHLib|inventory:1.7.10R1.2.1): CoFHCore-[1.7.10]3.1.4-329.jar ()
[14:13:31] [Server thread/DEBUG] [FML/]: 	RailcraftAPI|helpers(API: RailcraftAPI|helpers:1.1.0): Railcraft_1.7.10-9.12.2.0.jar ()
[14:13:31] [Server thread/DEBUG] [FML/]: 	CoFHLib|render(API: CoFHLib|render:1.7.10R1.2.1): CoFHCore-[1.7.10]3.1.4-329.jar ()
[14:13:31] [Server thread/DEBUG] [FML/]: 	DraconicEvolution|API(API: DraconicEvolution|API:1.2): Draconic-Evolution-1.7.10-1.0.2h.jar ()
[14:13:31] [Server thread/DEBUG] [FML/]: 	CoFHLib|gui|slot(API: CoFHLib|gui|slot:1.7.10R1.2.1): CoFHCore-[1.7.10]3.1.4-329.jar ()
[14:13:31] [Server thread/DEBUG] [FML/]: 	RailcraftAPI|fuel(API: RailcraftAPI|fuel:1.0.0): Railcraft_1.7.10-9.12.2.0.jar ()
[14:13:31] [Server thread/DEBUG] [FML/]: 	SecurityCraftAPI(API: SecurityCraftAPI:1.2.2): [1.7.10] SecurityCraft v1.8.13.jar ()
[14:13:31] [Server thread/DEBUG] [FML/]: 	CoFHLib|audio(API: CoFHLib|audio:1.7.10R1.2.1): CoFHCore-[1.7.10]3.1.4-329.jar ()
[14:13:31] [Server thread/DEBUG] [FML/]: 	ae2wct|API(API: ae2wct|API:1.7.10-rv3-1.8.6b): WirelessCraftingTerminal-1.7.10-rv3-1.8.7.4b.jar ()
[14:13:31] [Server thread/DEBUG] [FML/]: 	RailcraftAPI|signals(API: RailcraftAPI|signals:2.3.0): Railcraft_1.7.10-9.12.2.0.jar ()
[14:13:31] [Server thread/DEBUG] [FML/]: 	EnderIOAPI|Teleport(API: EnderIOAPI|Teleport:0.0.2): EnderIO-1.7.10-2.3.0.430_beta.jar ()
[14:13:31] [Server thread/DEBUG] [FML/]: 	EnderIOAPI|Tools(API: EnderIOAPI|Tools:0.0.2): EnderIO-1.7.10-2.3.0.430_beta.jar ()
[14:13:31] [Server thread/DEBUG] [FML/]: 	ComputerCraft|API|Peripheral(API: ComputerCraft|API|Peripheral:1.75): ComputerCraft1.75.jar ()
[14:13:31] [Server thread/DEBUG] [FML/]: 	EnderIOAPI|Redstone(API: EnderIOAPI|Redstone:0.0.2): EnderIO-1.7.10-2.3.0.430_beta.jar ()
[14:13:31] [Server thread/DEBUG] [FML/]: 	ForestryAPI|fuels(API: ForestryAPI|fuels:2.0.1): forestry_1.7.10-4.2.16.64.jar ()
[14:13:31] [Server thread/DEBUG] [FML/]: 	ForestryAPI|farming(API: ForestryAPI|farming:2.1.0): forestry_1.7.10-4.2.16.64.jar ()
[14:13:31] [Server thread/DEBUG] [FML/]: 	NuclearControlAPI(API: NuclearControlAPI:v1.0.5): IC2NuclearControl-2.4.5a.jar ()
[14:13:31] [Server thread/DEBUG] [FML/]: 	ActuallyAdditionsAPI(API: ActuallyAdditionsAPI:3): ActuallyAdditions-1.7.10-r21.jar ()
[14:13:31] [Server thread/DEBUG] [FML/]: 	CoFHLib|util|position(API: CoFHLib|util|position:1.7.10R1.2.1): CoFHCore-[1.7.10]3.1.4-329.jar ()
[14:13:31] [Server thread/DEBUG] [FML/]: 	ComputerCraft|API(API: ComputerCraft|API:1.75): ComputerCraft1.75.jar ()
[14:13:31] [Server thread/DEBUG] [FML/]: 	ForestryAPI|circuits(API: ForestryAPI|circuits:3.1.0): forestry_1.7.10-4.2.16.64.jar ()
[14:13:31] [Server thread/DEBUG] [FML/]: 	StorageDrawersAPI|render(API: StorageDrawersAPI|render:1.7.10-1.2.0): StorageDrawers-1.7.10-1.10.9.jar ()
[14:13:31] [Server thread/DEBUG] [FML/]: 	RailcraftAPI|electricity(API: RailcraftAPI|electricity:2.0.0): Railcraft_1.7.10-9.12.2.0.jar ()
[14:13:31] [Server thread/DEBUG] [FML/]: 	BetterQuesting|API2(API: BetterQuesting|API2:3.1): BetterQuesting-3.0.328.jar ()
[14:13:31] [Server thread/DEBUG] [FML/]: 	ComputerCraft|API|Media(API: ComputerCraft|API|Media:1.75): ComputerCraft1.75.jar ()
[14:13:31] [Server thread/DEBUG] [FML/]: 	ImmersiveEngineering|API(API: ImmersiveEngineering|API:1.0): ImmersiveEngineering-0.7.7.jar ()
[14:13:31] [Server thread/DEBUG] [FML/]: 	ForestryAPI|world(API: ForestryAPI|world:2.1.0): forestry_1.7.10-4.2.16.64.jar ()
[14:13:31] [Server thread/DEBUG] [FML/]: 	CoFHLib|render|particle(API: CoFHLib|render|particle:1.7.10R1.2.1): CoFHCore-[1.7.10]3.1.4-329.jar ()
[14:13:31] [Server thread/DEBUG] [FML/]: 	ForestryAPI|food(API: ForestryAPI|food:1.1.0): forestry_1.7.10-4.2.16.64.jar ()
[14:13:31] [Server thread/DEBUG] [FML/]: 	CoFHLib|gui|element|listbox(API: CoFHLib|gui|element|listbox:1.7.10R1.2.1): CoFHCore-[1.7.10]3.1.4-329.jar ()
[14:13:31] [Server thread/DEBUG] [FML/]: 	ForestryAPI|multiblock(API: ForestryAPI|multiblock:3.0.0): forestry_1.7.10-4.2.16.64.jar ()
[14:13:31] [Server thread/DEBUG] [FML/]: 	ComputerCraft|API|Redstone(API: ComputerCraft|API|Redstone:1.75): ComputerCraft1.75.jar ()
[14:13:31] [Server thread/DEBUG] [FML/]: 	StorageDrawersAPI|config(API: StorageDrawersAPI|config:1.7.10-1.2.0): StorageDrawers-1.7.10-1.10.9.jar ()
[14:13:31] [Server thread/DEBUG] [FML/]: 	ComputerCraft|API|Permissions(API: ComputerCraft|API|Permissions:1.75): ComputerCraft1.75.jar ()
[14:13:31] [Server thread/DEBUG] [FML/]: 	EnderIOAPI(API: EnderIOAPI:0.0.2): EnderIO-1.7.10-2.3.0.430_beta.jar ()
[14:13:31] [Server thread/DEBUG] [FML/]: 	apAPI(API: apAPI:2): additionalpipes-4.7.7.jar ()
[14:13:31] [Server thread/DEBUG] [FML/]: 	pressureAPI(API: pressureAPI:1.3.0.fix1): pressure-1.3.0.fix1-mc1.7.10.jar ()
[14:13:31] [Server thread/DEBUG] [FML/]: 	ForestryAPI|arboriculture(API: ForestryAPI|arboriculture:4.2.1): forestry_1.7.10-4.2.16.64.jar ()
[14:13:31] [Server thread/DEBUG] [FML/]: 	CoFHLib|gui(API: CoFHLib|gui:1.7.10R1.2.1): CoFHCore-[1.7.10]3.1.4-329.jar ()
[14:13:31] [Server thread/DEBUG] [FML/]: 	StorageDrawersAPI|storage-attribute(API: StorageDrawersAPI|storage-attribute:1.7.10-1.2.0): StorageDrawers-1.7.10-1.10.9.jar ()
[14:13:31] [Server thread/DEBUG] [FML/]: 	ForgeMicroblock(Forge Microblocks:1.2.0.345): ForgeMultipart-1.7.10-1.2.0.345-universal.jar (required-after:ForgeMultipart;after:*)
[14:13:31] [Server thread/INFO] [FML/]: FML has found a non-mod file mcjtylib-1.8.1.jar in your mods directory. It will now be injected into your classpath. This could severe stability issues, it should be removed if possible.
[14:13:31] [Server thread/INFO] [FML/]: FML has found a non-mod file CodeChickenLib-1.7.10-1.1.3.141-universal.jar in your mods directory. It will now be injected into your classpath. This could severe stability issues, it should be removed if possible.
[14:13:31] [Server thread/INFO] [GTNHMixins/]: Instantiating all @LateMixin annotated and ILateMixinLoader implemented classes...
[14:13:31] [Server thread/INFO] [GTNHMixins Core Plugin/]: LoadedMods [mcp, FML, Forge, AdvancedRocketryCore, appliedenergistics2-core, Aroma1997Core, CodeChickenCore, OpenComputers|Core, OpenEye, OpenModsCore, <CoFH ASM>, securitycraft, ActuallyAdditions, additionalpipes, advancedRocketry, ae2stuff, AirPortLight, appliedenergistics2, Aroma1997CoreHelper, AromaBackup, AromaBackupRecovery, bdlib, betterquesting, BiblioCraft, blueice, BrandonsCore, BuildCraft|Builders, BuildCraft|Robotics, BuildCraft|Silicon, BuildCraft|Energy, BuildCraft|Transport, BuildCraft|Core, BuildCraft|Factory, carbonconfig, CarpentersBlocks, ChickenChunks, chisel, CoFHCore, ComputerCraft, cookingbook, MineTweaker3, CustomMainMenu, DraconicEvolution, endercore, EnderIO, EnderTanks, energycontrol, ExtraUtilities, fastleafdecay, Forestry, FTBL, FTBT, FTBU, spongemixins, gtnhmixins, hbm, IC2NuclearControl, ImmersiveEngineering, immersiveintegration, IC2, IndustrialPeripheral, libVulpes, malisiscore, malisisdoors, Mekanism, MekanismGenerators, MekanismTools, mfs, MineFactoryReloaded, MineFactoryReloaded|CompatAppliedEnergistics, MineFactoryReloaded|CompatAtum, MineFactoryReloaded|CompatBackTools, MineFactoryReloaded|CompatBuildCraft, MineFactoryReloaded|CompatChococraft, MineFactoryReloaded|CompatExtraBiomes, MineFactoryReloaded|CompatForestry, MineFactoryReloaded|CompatForgeMicroblock, MineFactoryReloaded|CompatIC2, MineFactoryReloaded|CompatProjRed, MineFactoryReloaded|CompatRailcraft, MineFactoryReloaded|CompatSufficientBiomes, MineFactoryReloaded|CompatThaumcraft, MineFactoryReloaded|CompatThermalExpansion, MineFactoryReloaded|CompatTConstruct, MineFactoryReloaded|CompatTwilightForest, MineFactoryReloaded|CompatVanilla, modtweaker2, Monoblocks, MonoblocksMultipart, cfm, NuclearCraft, OpenBlocks, OpenComputers, OpenMods, openmodularturrets, OpenPeripheral, OpenPeripheralCore, OpenPeripheralIntegration, opensecurity, p455w0rdslib, physica, physicanuclearphysics, PowerConverters3, pressure, ProjRed|Core, ProjRed|Compatibility, ProjRed|Fabrication, ProjRed|Integration, ProjRed|Transmission, ProjRed|Illumination, ProjRed|Expansion, ProjRed|Transportation, ProjRed|Exploration, Railcraft, ResourceLoader, rftools, ShetiPhianCore, signpic, spark, StorageDrawers, svm, ThermalDynamics, ThermalExpansion, ThermalFoundation, Waila, WailaHarvestability, waystones, ae2wct, worldedit, ForgeMicroblock, ForgeMultipart, McMultipart, MCFrames, ForgeRelocation, RelocationFMP, MrTJPCoreMod]
[14:13:31] [Server thread/TRACE] [mcp/mcp]: Sending event FMLConstructionEvent to mod mcp
[14:13:31] [Server thread/TRACE] [mcp/mcp]: Sent event FMLConstructionEvent to mod mcp
[14:13:31] [Server thread/DEBUG] [FML/]: Bar Step: Construction - Minecraft Coder Pack took 0,002s
[14:13:31] [Server thread/TRACE] [FML/FML]: Sending event FMLConstructionEvent to mod FML
[14:13:34] [Server thread/TRACE] [FML/FML]: Mod FML is using network checker : Invoking method checkModLists
[14:13:34] [Server thread/TRACE] [FML/FML]: Testing mod FML to verify it accepts its own version in a remote connection
[14:13:34] [Server thread/TRACE] [FML/FML]: The mod FML accepts its own version (7.10.99.99)
[14:13:34] [Server thread/INFO] [FML/FML]: Attempting connection with missing mods [mcp, FML, Forge, AdvancedRocketryCore, appliedenergistics2-core, Aroma1997Core, CodeChickenCore, OpenComputers|Core, OpenEye, OpenModsCore, <CoFH ASM>, securitycraft, ActuallyAdditions, additionalpipes, advancedRocketry, ae2stuff, AirPortLight, appliedenergistics2, Aroma1997CoreHelper, AromaBackup, AromaBackupRecovery, bdlib, betterquesting, BiblioCraft, blueice, BrandonsCore, BuildCraft|Builders, BuildCraft|Robotics, BuildCraft|Silicon, BuildCraft|Energy, BuildCraft|Transport, BuildCraft|Core, BuildCraft|Factory, carbonconfig, CarpentersBlocks, ChickenChunks, chisel, CoFHCore, ComputerCraft, cookingbook, MineTweaker3, CustomMainMenu, DraconicEvolution, endercore, EnderIO, EnderTanks, energycontrol, ExtraUtilities, fastleafdecay, Forestry, FTBL, FTBT, FTBU, spongemixins, gtnhmixins, hbm, IC2NuclearControl, ImmersiveEngineering, immersiveintegration, IC2, IndustrialPeripheral, libVulpes, malisiscore, malisisdoors, Mekanism, MekanismGenerators, MekanismTools, mfs, MineFactoryReloaded, MineFactoryReloaded|CompatAppliedEnergistics, MineFactoryReloaded|CompatBuildCraft, MineFactoryReloaded|CompatForestry, MineFactoryReloaded|CompatForgeMicroblock, MineFactoryReloaded|CompatIC2, MineFactoryReloaded|CompatProjRed, MineFactoryReloaded|CompatRailcraft, MineFactoryReloaded|CompatThermalExpansion, MineFactoryReloaded|CompatVanilla, modtweaker2, Monoblocks, MonoblocksMultipart, cfm, NuclearCraft, OpenBlocks, OpenComputers, OpenMods, openmodularturrets, OpenPeripheral, OpenPeripheralCore, OpenPeripheralIntegration, opensecurity, p455w0rdslib, physica, physicanuclearphysics, PowerConverters3, pressure, ProjRed|Core, ProjRed|Compatibility, ProjRed|Fabrication, ProjRed|Integration, ProjRed|Transmission, ProjRed|Illumination, ProjRed|Expansion, ProjRed|Transportation, ProjRed|Exploration, Railcraft, ResourceLoader, rftools, ShetiPhianCore, signpic, spark, StorageDrawers, svm, ThermalDynamics, ThermalExpansion, ThermalFoundation, Waila, WailaHarvestability, waystones, ae2wct, worldedit, ForgeMicroblock, ForgeMultipart, McMultipart, MCFrames, ForgeRelocation, RelocationFMP, MrTJPCoreMod] at CLIENT
[14:13:34] [Server thread/INFO] [FML/FML]: Attempting connection with missing mods [mcp, FML, Forge, AdvancedRocketryCore, appliedenergistics2-core, Aroma1997Core, CodeChickenCore, OpenComputers|Core, OpenEye, OpenModsCore, <CoFH ASM>, securitycraft, ActuallyAdditions, additionalpipes, advancedRocketry, ae2stuff, AirPortLight, appliedenergistics2, Aroma1997CoreHelper, AromaBackup, AromaBackupRecovery, bdlib, betterquesting, BiblioCraft, blueice, BrandonsCore, BuildCraft|Builders, BuildCraft|Robotics, BuildCraft|Silicon, BuildCraft|Energy, BuildCraft|Transport, BuildCraft|Core, BuildCraft|Factory, carbonconfig, CarpentersBlocks, ChickenChunks, chisel, CoFHCore, ComputerCraft, cookingbook, MineTweaker3, CustomMainMenu, DraconicEvolution, endercore, EnderIO, EnderTanks, energycontrol, ExtraUtilities, fastleafdecay, Forestry, FTBL, FTBT, FTBU, spongemixins, gtnhmixins, hbm, IC2NuclearControl, ImmersiveEngineering, immersiveintegration, IC2, IndustrialPeripheral, libVulpes, malisiscore, malisisdoors, Mekanism, MekanismGenerators, MekanismTools, mfs, MineFactoryReloaded, MineFactoryReloaded|CompatAppliedEnergistics, MineFactoryReloaded|CompatBuildCraft, MineFactoryReloaded|CompatForestry, MineFactoryReloaded|CompatForgeMicroblock, MineFactoryReloaded|CompatIC2, MineFactoryReloaded|CompatProjRed, MineFactoryReloaded|CompatRailcraft, MineFactoryReloaded|CompatThermalExpansion, MineFactoryReloaded|CompatVanilla, modtweaker2, Monoblocks, MonoblocksMultipart, cfm, NuclearCraft, OpenBlocks, OpenComputers, OpenMods, openmodularturrets, OpenPeripheral, OpenPeripheralCore, OpenPeripheralIntegration, opensecurity, p455w0rdslib, physica, physicanuclearphysics, PowerConverters3, pressure, ProjRed|Core, ProjRed|Compatibility, ProjRed|Fabrication, ProjRed|Integration, ProjRed|Transmission, ProjRed|Illumination, ProjRed|Expansion, ProjRed|Transportation, ProjRed|Exploration, Railcraft, ResourceLoader, rftools, ShetiPhianCore, signpic, spark, StorageDrawers, svm, ThermalDynamics, ThermalExpansion, ThermalFoundation, Waila, WailaHarvestability, waystones, ae2wct, worldedit, ForgeMicroblock, ForgeMultipart, McMultipart, MCFrames, ForgeRelocation, RelocationFMP, MrTJPCoreMod] at SERVER
[14:13:34] [Server thread/TRACE] [FML/FML]: Sent event FMLConstructionEvent to mod FML
[14:13:34] [Server thread/DEBUG] [FML/]: Bar Step: Construction - Forge Mod Loader took 2,999s
[14:13:34] [Server thread/TRACE] [Forge/Forge]: Sending event FMLConstructionEvent to mod Forge
[14:13:34] [Server thread/TRACE] [FML/Forge]: Mod Forge is using network checker : No network checking performed
[14:13:34] [Server thread/TRACE] [FML/Forge]: Testing mod Forge to verify it accepts its own version in a remote connection
[14:13:34] [Server thread/TRACE] [FML/Forge]: The mod Forge accepts its own version (10.13.4.1614)
[14:13:34] [Server thread/TRACE] [Forge/Forge]: Sent event FMLConstructionEvent to mod Forge
[14:13:34] [Server thread/DEBUG] [FML/]: Bar Step: Construction - Minecraft Forge took 0,011s
[14:13:34] [Server thread/TRACE] [AdvancedRocketryCore/AdvancedRocketryCore]: Sending event FMLConstructionEvent to mod AdvancedRocketryCore
[14:13:34] [Server thread/TRACE] [AdvancedRocketryCore/AdvancedRocketryCore]: Sent event FMLConstructionEvent to mod AdvancedRocketryCore
[14:13:34] [Server thread/DEBUG] [FML/]: Bar Step: Construction - Advanced Rocketry took 0,000s
[14:13:34] [Server thread/TRACE] [appliedenergistics2-core/appliedenergistics2-core]: Sending event FMLConstructionEvent to mod appliedenergistics2-core
[14:13:34] [Server thread/TRACE] [appliedenergistics2-core/appliedenergistics2-core]: Sent event FMLConstructionEvent to mod appliedenergistics2-core
[14:13:34] [Server thread/DEBUG] [FML/]: Bar Step: Construction - Applied Energistics 2 Core took 0,000s
[14:13:34] [Server thread/TRACE] [Aroma1997Core/Aroma1997Core]: Sending event FMLConstructionEvent to mod Aroma1997Core
[14:13:34] [Server thread/TRACE] [Aroma1997Core/Aroma1997Core]: Sent event FMLConstructionEvent to mod Aroma1997Core
[14:13:34] [Server thread/DEBUG] [FML/]: Bar Step: Construction - Aroma1997Core took 0,000s
[14:13:34] [Server thread/TRACE] [CodeChickenCore/CodeChickenCore]: Sending event FMLConstructionEvent to mod CodeChickenCore
[14:13:34] [Server thread/TRACE] [CodeChickenCore/CodeChickenCore]: Sent event FMLConstructionEvent to mod CodeChickenCore
[14:13:34] [Server thread/DEBUG] [FML/]: Bar Step: Construction - CodeChicken Core took 0,000s
[14:13:34] [Server thread/TRACE] [OpenComputers|Core/OpenComputers|Core]: Sending event FMLConstructionEvent to mod OpenComputers|Core
[14:13:34] [Server thread/TRACE] [OpenComputers|Core/OpenComputers|Core]: Sent event FMLConstructionEvent to mod OpenComputers|Core
[14:13:34] [Server thread/DEBUG] [FML/]: Bar Step: Construction - OpenComputers (Core) took 0,000s
[14:13:34] [Server thread/TRACE] [OpenEye/OpenEye]: Sending event FMLConstructionEvent to mod OpenEye
[14:13:34] [OpenEye mod meta collector/DEBUG] [OpenEye/OpenEye]: openeye.logic.ModMetaCollector.<init>(ModMetaCollector.java:227): Starting mod metadata collection
[14:13:34] [Server thread/TRACE] [OpenEye/OpenEye]: Sent event FMLConstructionEvent to mod OpenEye
[14:13:34] [OpenEye mod meta collector/DEBUG] [OpenEye/OpenEye]: openeye.logic.ModMetaCollector.assignSignatureToClassSource(ModMetaCollector.java:261): Signature 'special:minecraft_server' assigned to file '/home/deck/Desktop/server/minecraft_server.1.7.10.jar'
[14:13:34] [Server thread/DEBUG] [FML/]: Bar Step: Construction - OpenEye took 0,009s
[14:13:34] [Server thread/TRACE] [OpenModsCore/OpenModsCore]: Sending event FMLConstructionEvent to mod OpenModsCore
[14:13:34] [OpenEye mod meta collector/DEBUG] [OpenEye/OpenEye]: openeye.logic.ModMetaCollector.assignSignatureToClassSource(ModMetaCollector.java:263): Failed to assign signature 'special:minecraft' to source of class net.minecraft.client.main.Main - class not found
[14:13:34] [Server thread/TRACE] [OpenModsCore/OpenModsCore]: Sent event FMLConstructionEvent to mod OpenModsCore
[14:13:34] [Server thread/DEBUG] [FML/]: Bar Step: Construction - OpenModsCore took 0,004s
[14:13:34] [Server thread/TRACE] [<CoFH ASM>/<CoFH ASM>]: Sending event FMLConstructionEvent to mod <CoFH ASM>
[14:13:34] [Server thread/DEBUG] [CoFH ASM/<CoFH ASM>]: Scraping data
[14:13:34] [Server thread/DEBUG] [CoFH ASM/<CoFH ASM>]: Found 4 @Implementable; 22 @Strippable; 1 @Substitutable
[14:13:34] [Server thread/TRACE] [<CoFH ASM>/<CoFH ASM>]: Sent event FMLConstructionEvent to mod <CoFH ASM>
[14:13:34] [Server thread/DEBUG] [FML/]: Bar Step: Construction - CoFH ASM took 0,004s
[14:13:34] [Server thread/TRACE] [securitycraft/securitycraft]: Sending event FMLConstructionEvent to mod securitycraft
[14:13:35] [Server thread/TRACE] [FML/securitycraft]: Mod securitycraft is using network checker : Accepting version v1.8.13
[14:13:35] [Server thread/TRACE] [FML/securitycraft]: Testing mod securitycraft to verify it accepts its own version in a remote connection
[14:13:35] [Server thread/TRACE] [FML/securitycraft]: The mod securitycraft accepts its own version (v1.8.13)
[14:13:35] [Server thread/DEBUG] [FML/securitycraft]: Attempting to inject @SidedProxy classes into securitycraft
[14:13:35] [Server thread/TRACE] [securitycraft/securitycraft]: Sent event FMLConstructionEvent to mod securitycraft
[14:13:35] [Server thread/DEBUG] [FML/]: Bar Step: Construction - SecurityCraft took 0,290s
[14:13:35] [Server thread/TRACE] [CoFHCore/CoFHCore]: Sending event FMLConstructionEvent to mod CoFHCore
[14:13:35] [Server thread/TRACE] [FML/CoFHCore]: Mod CoFHCore is using network checker : Accepting version 1.7.10R3.1.4
[14:13:35] [Server thread/TRACE] [FML/CoFHCore]: Testing mod CoFHCore to verify it accepts its own version in a remote connection
[14:13:35] [Server thread/TRACE] [FML/CoFHCore]: The mod CoFHCore accepts its own version (1.7.10R3.1.4)
[14:13:35] [Server thread/DEBUG] [FML/CoFHCore]: Attempting to inject @SidedProxy classes into CoFHCore
[14:13:35] [Server thread/TRACE] [CoFHCore/CoFHCore]: Sent event FMLConstructionEvent to mod CoFHCore
[14:13:35] [Server thread/DEBUG] [FML/]: Bar Step: Construction - CoFH Core took 0,039s
[14:13:35] [Server thread/TRACE] [BuildCraft|Core/BuildCraft|Core]: Sending event FMLConstructionEvent to mod BuildCraft|Core
[14:13:35] [Server thread/TRACE] [FML/BuildCraft|Core]: Mod BuildCraft|Core is using network checker : Accepting version 7.1.25
[14:13:35] [Server thread/TRACE] [FML/BuildCraft|Core]: Testing mod BuildCraft|Core to verify it accepts its own version in a remote connection
[14:13:35] [Server thread/TRACE] [FML/BuildCraft|Core]: The mod BuildCraft|Core accepts its own version (7.1.25)
[14:13:35] [Server thread/DEBUG] [FML/BuildCraft|Core]: Attempting to inject @SidedProxy classes into BuildCraft|Core
[14:13:36] [Server thread/TRACE] [BuildCraft|Core/BuildCraft|Core]: Sent event FMLConstructionEvent to mod BuildCraft|Core
[14:13:36] [Server thread/DEBUG] [FML/]: Bar Step: Construction - BuildCraft took 0,961s
[14:13:36] [Server thread/TRACE] [BuildCraft|Energy/BuildCraft|Energy]: Sending event FMLConstructionEvent to mod BuildCraft|Energy
[14:13:36] [Server thread/TRACE] [FML/BuildCraft|Energy]: Mod BuildCraft|Energy is using network checker : Accepting version 7.1.25
[14:13:36] [Server thread/TRACE] [FML/BuildCraft|Energy]: Testing mod BuildCraft|Energy to verify it accepts its own version in a remote connection
[14:13:36] [Server thread/TRACE] [FML/BuildCraft|Energy]: The mod BuildCraft|Energy accepts its own version (7.1.25)
[14:13:36] [Server thread/DEBUG] [FML/BuildCraft|Energy]: Attempting to inject @SidedProxy classes into BuildCraft|Energy
[14:13:36] [Server thread/TRACE] [BuildCraft|Energy/BuildCraft|Energy]: Sent event FMLConstructionEvent to mod BuildCraft|Energy
[14:13:36] [Server thread/DEBUG] [FML/]: Bar Step: Construction - BC Energy took 0,003s
[14:13:36] [Server thread/TRACE] [ActuallyAdditions/ActuallyAdditions]: Sending event FMLConstructionEvent to mod ActuallyAdditions
[14:13:36] [Server thread/TRACE] [FML/ActuallyAdditions]: Mod ActuallyAdditions is using network checker : Accepting version 1.7.10-r21
[14:13:36] [Server thread/TRACE] [FML/ActuallyAdditions]: Testing mod ActuallyAdditions to verify it accepts its own version in a remote connection
[14:13:36] [Server thread/TRACE] [FML/ActuallyAdditions]: The mod ActuallyAdditions accepts its own version (1.7.10-r21)
[14:13:36] [Server thread/DEBUG] [FML/ActuallyAdditions]: Attempting to inject @SidedProxy classes into ActuallyAdditions
[14:13:36] [Server thread/TRACE] [ActuallyAdditions/ActuallyAdditions]: Sent event FMLConstructionEvent to mod ActuallyAdditions
[14:13:36] [Server thread/DEBUG] [FML/]: Bar Step: Construction - Actually Additions took 0,014s
[14:13:36] [Server thread/TRACE] [BuildCraft|Silicon/BuildCraft|Silicon]: Sending event FMLConstructionEvent to mod BuildCraft|Silicon
[14:13:36] [Server thread/TRACE] [FML/BuildCraft|Silicon]: Mod BuildCraft|Silicon is using network checker : Accepting version 7.1.25
[14:13:36] [Server thread/TRACE] [FML/BuildCraft|Silicon]: Testing mod BuildCraft|Silicon to verify it accepts its own version in a remote connection
[14:13:36] [Server thread/TRACE] [FML/BuildCraft|Silicon]: The mod BuildCraft|Silicon accepts its own version (7.1.25)
[14:13:36] [Server thread/DEBUG] [FML/BuildCraft|Silicon]: Attempting to inject @SidedProxy classes into BuildCraft|Silicon
[14:13:36] [Server thread/TRACE] [BuildCraft|Silicon/BuildCraft|Silicon]: Sent event FMLConstructionEvent to mod BuildCraft|Silicon
[14:13:36] [Server thread/DEBUG] [FML/]: Bar Step: Construction - BC Silicon took 0,005s
[14:13:36] [Server thread/TRACE] [BuildCraft|Transport/BuildCraft|Transport]: Sending event FMLConstructionEvent to mod BuildCraft|Transport
[14:13:36] [Server thread/TRACE] [FML/BuildCraft|Transport]: Mod BuildCraft|Transport is using network checker : Accepting version 7.1.25
[14:13:36] [Server thread/TRACE] [FML/BuildCraft|Transport]: Testing mod BuildCraft|Transport to verify it accepts its own version in a remote connection
[14:13:36] [Server thread/TRACE] [FML/BuildCraft|Transport]: The mod BuildCraft|Transport accepts its own version (7.1.25)
[14:13:36] [Server thread/DEBUG] [FML/BuildCraft|Transport]: Attempting to inject @SidedProxy classes into BuildCraft|Transport
[14:13:36] [Server thread/TRACE] [BuildCraft|Transport/BuildCraft|Transport]: Sent event FMLConstructionEvent to mod BuildCraft|Transport
[14:13:36] [Server thread/DEBUG] [FML/]: Bar Step: Construction - BC Transport took 0,007s
[14:13:36] [Server thread/TRACE] [BuildCraft|Factory/BuildCraft|Factory]: Sending event FMLConstructionEvent to mod BuildCraft|Factory
[14:13:36] [Server thread/TRACE] [FML/BuildCraft|Factory]: Mod BuildCraft|Factory is using network checker : Accepting version 7.1.25
[14:13:36] [Server thread/TRACE] [FML/BuildCraft|Factory]: Testing mod BuildCraft|Factory to verify it accepts its own version in a remote connection
[14:13:36] [Server thread/TRACE] [FML/BuildCraft|Factory]: The mod BuildCraft|Factory accepts its own version (7.1.25)
[14:13:36] [Server thread/DEBUG] [FML/BuildCraft|Factory]: Attempting to inject @SidedProxy classes into BuildCraft|Factory
[14:13:36] [Server thread/TRACE] [BuildCraft|Factory/BuildCraft|Factory]: Sent event FMLConstructionEvent to mod BuildCraft|Factory
[14:13:36] [Server thread/DEBUG] [FML/]: Bar Step: Construction - BC Factory took 0,003s
[14:13:36] [Server thread/TRACE] [additionalpipes/additionalpipes]: Sending event FMLConstructionEvent to mod additionalpipes
[14:13:36] [Server thread/TRACE] [FML/additionalpipes]: Mod additionalpipes is using network checker : Accepting version 4.7.7
[14:13:36] [Server thread/TRACE] [FML/additionalpipes]: Testing mod additionalpipes to verify it accepts its own version in a remote connection
[14:13:36] [Server thread/TRACE] [FML/additionalpipes]: The mod additionalpipes accepts its own version (4.7.7)
[14:13:36] [Server thread/DEBUG] [FML/additionalpipes]: Attempting to inject @SidedProxy classes into additionalpipes
[14:13:36] [Server thread/TRACE] [additionalpipes/additionalpipes]: Sent event FMLConstructionEvent to mod additionalpipes
[14:13:36] [Server thread/DEBUG] [FML/]: Bar Step: Construction - Additional Pipes took 0,018s
[14:13:36] [Server thread/TRACE] [libVulpes/libVulpes]: Sending event FMLConstructionEvent to mod libVulpes
[14:13:36] [Server thread/TRACE] [FML/libVulpes]: Mod libVulpes is using network checker : Accepting version 0.2.8.-37
[14:13:36] [Server thread/TRACE] [FML/libVulpes]: Testing mod libVulpes to verify it accepts its own version in a remote connection
[14:13:36] [Server thread/TRACE] [FML/libVulpes]: The mod libVulpes accepts its own version (0.2.8.-37)
[14:13:36] [Server thread/DEBUG] [FML/libVulpes]: Attempting to inject @SidedProxy classes into libVulpes
[14:13:36] [Server thread/TRACE] [libVulpes/libVulpes]: Sent event FMLConstructionEvent to mod libVulpes
[14:13:36] [Server thread/DEBUG] [FML/]: Bar Step: Construction - libVulpes took 0,026s
[14:13:36] [Server thread/TRACE] [advancedRocketry/advancedRocketry]: Sending event FMLConstructionEvent to mod advancedRocketry
[14:13:36] [Server thread/INFO] [EnderCore/advancedRocketry]: Transforming Class [net.minecraft.world.WorldType], Method [func_76564_j]
[14:13:36] [Server thread/INFO] [EnderCore/advancedRocketry]: Transforming net.minecraft.world.WorldType Finished.
[14:13:36] [Server thread/TRACE] [FML/advancedRocketry]: Mod advancedRocketry is using network checker : Accepting version 1.4.0-32
[14:13:36] [Server thread/TRACE] [FML/advancedRocketry]: Testing mod advancedRocketry to verify it accepts its own version in a remote connection
[14:13:36] [Server thread/TRACE] [FML/advancedRocketry]: The mod advancedRocketry accepts its own version (1.4.0-32)
[14:13:36] [Server thread/DEBUG] [FML/advancedRocketry]: Attempting to inject @SidedProxy classes into advancedRocketry
[14:13:36] [Server thread/TRACE] [advancedRocketry/advancedRocketry]: Sent event FMLConstructionEvent to mod advancedRocketry
[14:13:36] [Server thread/DEBUG] [FML/]: Bar Step: Construction - Advanced Rocketry took 0,440s
[14:13:36] [Server thread/TRACE] [appliedenergistics2/appliedenergistics2]: Sending event FMLConstructionEvent to mod appliedenergistics2
[14:13:36] [Server thread/TRACE] [FML/appliedenergistics2]: Mod appliedenergistics2 is using network checker : Accepting version rv3-beta-6
[14:13:36] [Server thread/TRACE] [FML/appliedenergistics2]: Testing mod appliedenergistics2 to verify it accepts its own version in a remote connection
[14:13:36] [Server thread/TRACE] [FML/appliedenergistics2]: The mod appliedenergistics2 accepts its own version (rv3-beta-6)
[14:13:36] [Server thread/DEBUG] [FML/appliedenergistics2]: Attempting to inject @SidedProxy classes into appliedenergistics2
[14:13:36] [Server thread/TRACE] [appliedenergistics2/appliedenergistics2]: Sent event FMLConstructionEvent to mod appliedenergistics2
[14:13:36] [Server thread/DEBUG] [FML/]: Bar Step: Construction - Applied Energistics 2 took 0,059s
[14:13:36] [Server thread/TRACE] [bdlib/bdlib]: Sending event FMLConstructionEvent to mod bdlib
[14:13:36] [Server thread/TRACE] [FML/bdlib]: Mod bdlib is using network checker : Accepting version 1.9.5.1
[14:13:36] [Server thread/TRACE] [FML/bdlib]: Testing mod bdlib to verify it accepts its own version in a remote connection
[14:13:36] [Server thread/TRACE] [FML/bdlib]: The mod bdlib accepts its own version (1.9.5.1)
[14:13:36] [Server thread/DEBUG] [FML/bdlib]: Attempting to inject @SidedProxy classes into bdlib
[14:13:36] [Server thread/TRACE] [bdlib/bdlib]: Sent event FMLConstructionEvent to mod bdlib
[14:13:36] [Server thread/DEBUG] [FML/]: Bar Step: Construction - BD Lib took 0,014s
[14:13:36] [Server thread/TRACE] [ae2stuff/ae2stuff]: Sending event FMLConstructionEvent to mod ae2stuff
[14:13:36] [Server thread/TRACE] [FML/ae2stuff]: Mod ae2stuff is using network checker : Accepting version 0.5.0.56
[14:13:36] [Server thread/TRACE] [FML/ae2stuff]: Testing mod ae2stuff to verify it accepts its own version in a remote connection
[14:13:36] [Server thread/TRACE] [FML/ae2stuff]: The mod ae2stuff accepts its own version (0.5.0.56)
[14:13:36] [Server thread/DEBUG] [FML/ae2stuff]: Attempting to inject @SidedProxy classes into ae2stuff
[14:13:36] [Server thread/TRACE] [ae2stuff/ae2stuff]: Sent event FMLConstructionEvent to mod ae2stuff
[14:13:36] [Server thread/DEBUG] [FML/]: Bar Step: Construction - AE2 Stuff took 0,011s
[14:13:36] [Server thread/TRACE] [AirPortLight/AirPortLight]: Sending event FMLConstructionEvent to mod AirPortLight
[14:13:36] [Server thread/TRACE] [FML/AirPortLight]: Mod AirPortLight is using network checker : Accepting version [1.7.10]-2.4.6
[14:13:36] [Server thread/TRACE] [FML/AirPortLight]: Testing mod AirPortLight to verify it accepts its own version in a remote connection
[14:13:36] [Server thread/TRACE] [FML/AirPortLight]: The mod AirPortLight accepts its own version ([1.7.10]-2.4.6)
[14:13:36] [Server thread/DEBUG] [FML/AirPortLight]: Attempting to inject @SidedProxy classes into AirPortLight
[14:13:36] [Server thread/TRACE] [AirPortLight/AirPortLight]: Sent event FMLConstructionEvent to mod AirPortLight
[14:13:36] [Server thread/DEBUG] [FML/]: Bar Step: Construction - AirPort Light took 0,010s
[14:13:36] [Server thread/TRACE] [Aroma1997CoreHelper/Aroma1997CoreHelper]: Sending event FMLConstructionEvent to mod Aroma1997CoreHelper
[14:13:36] [Server thread/TRACE] [FML/Aroma1997CoreHelper]: Mod Aroma1997CoreHelper is using network checker : Invoking method checkModLists
[14:13:36] [Server thread/TRACE] [FML/Aroma1997CoreHelper]: Testing mod Aroma1997CoreHelper to verify it accepts its own version in a remote connection
[14:13:36] [Server thread/TRACE] [FML/Aroma1997CoreHelper]: The mod Aroma1997CoreHelper accepts its own version (1.0.2.16)
[14:13:36] [Server thread/DEBUG] [FML/Aroma1997CoreHelper]: Attempting to inject @SidedProxy classes into Aroma1997CoreHelper
[14:13:36] [Server thread/TRACE] [Aroma1997CoreHelper/Aroma1997CoreHelper]: Sent event FMLConstructionEvent to mod Aroma1997CoreHelper
[14:13:36] [Server thread/DEBUG] [FML/]: Bar Step: Construction - Aroma1997Core|Helper took 0,005s
[14:13:36] [Server thread/TRACE] [AromaBackup/AromaBackup]: Sending event FMLConstructionEvent to mod AromaBackup
[14:13:36] [Server thread/TRACE] [FML/AromaBackup]: Mod AromaBackup is using network checker : Invoking method checkModLists
[14:13:36] [Server thread/TRACE] [FML/AromaBackup]: Testing mod AromaBackup to verify it accepts its own version in a remote connection
[14:13:36] [Server thread/TRACE] [FML/AromaBackup]: The mod AromaBackup accepts its own version (0.1.0.0)
[14:13:36] [Server thread/DEBUG] [FML/AromaBackup]: Attempting to inject @SidedProxy classes into AromaBackup
[14:13:36] [Server thread/TRACE] [AromaBackup/AromaBackup]: Sent event FMLConstructionEvent to mod AromaBackup
[14:13:36] [Server thread/DEBUG] [FML/]: Bar Step: Construction - AromaBackup took 0,007s
[14:13:36] [Server thread/TRACE] [AromaBackupRecovery/AromaBackupRecovery]: Sending event FMLConstructionEvent to mod AromaBackupRecovery
[14:13:36] [Server thread/TRACE] [FML/AromaBackupRecovery]: Mod AromaBackupRecovery is using network checker : Invoking method checkModLists
[14:13:36] [Server thread/TRACE] [FML/AromaBackupRecovery]: Testing mod AromaBackupRecovery to verify it accepts its own version in a remote connection
[14:13:36] [Server thread/TRACE] [FML/AromaBackupRecovery]: The mod AromaBackupRecovery accepts its own version (1.0)
[14:13:36] [Server thread/DEBUG] [FML/AromaBackupRecovery]: Attempting to inject @SidedProxy classes into AromaBackupRecovery
[14:13:36] [Server thread/TRACE] [AromaBackupRecovery/AromaBackupRecovery]: Sent event FMLConstructionEvent to mod AromaBackupRecovery
[14:13:36] [Server thread/DEBUG] [FML/]: Bar Step: Construction - AromaBackup Recovery took 0,002s
[14:13:36] [Server thread/TRACE] [betterquesting/betterquesting]: Sending event FMLConstructionEvent to mod betterquesting
[14:13:36] [Server thread/TRACE] [FML/betterquesting]: Mod betterquesting is using network checker : Accepting version 3.0.328
[14:13:36] [Server thread/TRACE] [FML/betterquesting]: Testing mod betterquesting to verify it accepts its own version in a remote connection
[14:13:36] [Server thread/TRACE] [FML/betterquesting]: The mod betterquesting accepts its own version (3.0.328)
[14:13:36] [Server thread/DEBUG] [FML/betterquesting]: Attempting to inject @SidedProxy classes into betterquesting
[14:13:36] [Server thread/TRACE] [betterquesting/betterquesting]: Sent event FMLConstructionEvent to mod betterquesting
[14:13:36] [Server thread/DEBUG] [FML/]: Bar Step: Construction - Better Questing took 0,018s
[14:13:36] [Server thread/TRACE] [BiblioCraft/BiblioCraft]: Sending event FMLConstructionEvent to mod BiblioCraft
[14:13:36] [Server thread/TRACE] [FML/BiblioCraft]: Mod BiblioCraft is using network checker : Accepting version 1.11.7
[14:13:36] [Server thread/TRACE] [FML/BiblioCraft]: Testing mod BiblioCraft to verify it accepts its own version in a remote connection
[14:13:36] [Server thread/TRACE] [FML/BiblioCraft]: The mod BiblioCraft accepts its own version (1.11.7)
[14:13:36] [Server thread/DEBUG] [FML/BiblioCraft]: Attempting to inject @SidedProxy classes into BiblioCraft
[14:13:36] [Server thread/TRACE] [BiblioCraft/BiblioCraft]: Sent event FMLConstructionEvent to mod BiblioCraft
[14:13:36] [Server thread/DEBUG] [FML/]: Bar Step: Construction - BiblioCraft took 0,022s
[14:13:36] [Server thread/TRACE] [blueice/blueice]: Sending event FMLConstructionEvent to mod blueice
[14:13:36] [Server thread/TRACE] [FML/blueice]: Mod blueice is using network checker : Accepting version 1.0
[14:13:36] [Server thread/TRACE] [FML/blueice]: Testing mod blueice to verify it accepts its own version in a remote connection
[14:13:36] [Server thread/TRACE] [FML/blueice]: The mod blueice accepts its own version (1.0)
[14:13:36] [Server thread/DEBUG] [FML/blueice]: Attempting to inject @SidedProxy classes into blueice
[14:13:36] [Server thread/TRACE] [blueice/blueice]: Sent event FMLConstructionEvent to mod blueice
[14:13:36] [Server thread/DEBUG] [FML/]: Bar Step: Construction - Blue Ice took 0,004s
[14:13:36] [Server thread/TRACE] [BrandonsCore/BrandonsCore]: Sending event FMLConstructionEvent to mod BrandonsCore
[14:13:36] [Server thread/INFO] [Brandon's Core/BrandonsCore]: Hello Minecraft!!!
[14:13:36] [Server thread/TRACE] [FML/BrandonsCore]: Mod BrandonsCore is using network checker : Invoking method networkCheck
[14:13:36] [Server thread/TRACE] [FML/BrandonsCore]: Testing mod BrandonsCore to verify it accepts its own version in a remote connection
[14:13:36] [Server thread/TRACE] [FML/BrandonsCore]: The mod BrandonsCore accepts its own version (1.0.0.12)
[14:13:36] [Server thread/DEBUG] [FML/BrandonsCore]: Attempting to inject @SidedProxy classes into BrandonsCore
[14:13:36] [Server thread/TRACE] [BrandonsCore/BrandonsCore]: Sent event FMLConstructionEvent to mod BrandonsCore
[14:13:36] [Server thread/DEBUG] [FML/]: Bar Step: Construction - Brandon's Core took 0,006s
[14:13:36] [Server thread/TRACE] [BuildCraft|Builders/BuildCraft|Builders]: Sending event FMLConstructionEvent to mod BuildCraft|Builders
[14:13:36] [Server thread/TRACE] [FML/BuildCraft|Builders]: Mod BuildCraft|Builders is using network checker : Accepting version 7.1.25
[14:13:36] [Server thread/TRACE] [FML/BuildCraft|Builders]: Testing mod BuildCraft|Builders to verify it accepts its own version in a remote connection
[14:13:36] [Server thread/TRACE] [FML/BuildCraft|Builders]: The mod BuildCraft|Builders accepts its own version (7.1.25)
[14:13:36] [Server thread/DEBUG] [FML/BuildCraft|Builders]: Attempting to inject @SidedProxy classes into BuildCraft|Builders
[14:13:36] [Server thread/TRACE] [BuildCraft|Builders/BuildCraft|Builders]: Sent event FMLConstructionEvent to mod BuildCraft|Builders
[14:13:36] [Server thread/DEBUG] [FML/]: Bar Step: Construction - BC Builders took 0,002s
[14:13:36] [Server thread/TRACE] [BuildCraft|Robotics/BuildCraft|Robotics]: Sending event FMLConstructionEvent to mod BuildCraft|Robotics
[14:13:36] [Server thread/TRACE] [FML/BuildCraft|Robotics]: Mod BuildCraft|Robotics is using network checker : Accepting version 7.1.25
[14:13:36] [Server thread/TRACE] [FML/BuildCraft|Robotics]: Testing mod BuildCraft|Robotics to verify it accepts its own version in a remote connection
[14:13:36] [Server thread/TRACE] [FML/BuildCraft|Robotics]: The mod BuildCraft|Robotics accepts its own version (7.1.25)
[14:13:36] [Server thread/DEBUG] [FML/BuildCraft|Robotics]: Attempting to inject @SidedProxy classes into BuildCraft|Robotics
[14:13:36] [Server thread/TRACE] [BuildCraft|Robotics/BuildCraft|Robotics]: Sent event FMLConstructionEvent to mod BuildCraft|Robotics
[14:13:36] [Server thread/DEBUG] [FML/]: Bar Step: Construction - BC Robotics took 0,002s
[14:13:36] [Server thread/TRACE] [carbonconfig/carbonconfig]: Sending event FMLConstructionEvent to mod carbonconfig
[14:13:36] [Server thread/TRACE] [FML/carbonconfig]: Mod carbonconfig is using network checker : No network checking performed
[14:13:36] [Server thread/TRACE] [FML/carbonconfig]: Testing mod carbonconfig to verify it accepts its own version in a remote connection
[14:13:36] [Server thread/TRACE] [FML/carbonconfig]: The mod carbonconfig accepts its own version (1.1.3)
[14:13:36] [Server thread/DEBUG] [FML/carbonconfig]: Attempting to inject @SidedProxy classes into carbonconfig
[14:13:36] [Server thread/TRACE] [carbonconfig/carbonconfig]: Sent event FMLConstructionEvent to mod carbonconfig
[14:13:36] [Server thread/DEBUG] [FML/]: Bar Step: Construction - Carbon Config Library took 0,049s
[14:13:36] [Server thread/TRACE] [IC2/IC2]: Sending event FMLConstructionEvent to mod IC2
[14:13:37] [Server thread/ERROR] [IC2/IC2]: The mod IC2 is expecting signature de041f9f6187debbc77034a344134053277aa3b0 for source industrialcraft-2-2.2.827-experimental.jar, however there is no signature matching that description
[14:13:37] [Server thread/TRACE] [FML/IC2]: Mod IC2 is using network checker : Accepting version 2.2.827-experimental
[14:13:37] [Server thread/TRACE] [FML/IC2]: Testing mod IC2 to verify it accepts its own version in a remote connection
[14:13:37] [Server thread/TRACE] [FML/IC2]: The mod IC2 accepts its own version (2.2.827-experimental)
[14:13:37] [Server thread/DEBUG] [FML/IC2]: Attempting to inject @SidedProxy classes into IC2
[14:13:37] [Server thread/TRACE] [IC2/IC2]: Sent event FMLConstructionEvent to mod IC2
[14:13:37] [Server thread/DEBUG] [FML/]: Bar Step: Construction - IndustrialCraft 2 took 0,368s
[14:13:37] [Server thread/TRACE] [Railcraft/Railcraft]: Sending event FMLConstructionEvent to mod Railcraft
[14:13:37] [Server thread/TRACE] [FML/Railcraft]: Mod Railcraft is using network checker : Accepting version 9.12.2.0
[14:13:37] [Server thread/TRACE] [FML/Railcraft]: Testing mod Railcraft to verify it accepts its own version in a remote connection
[14:13:37] [Server thread/TRACE] [FML/Railcraft]: The mod Railcraft accepts its own version (9.12.2.0)
[14:13:37] [Server thread/DEBUG] [FML/Railcraft]: Attempting to inject @SidedProxy classes into Railcraft
[14:13:37] [Server thread/TRACE] [Railcraft/Railcraft]: Sent event FMLConstructionEvent to mod Railcraft
[14:13:37] [Server thread/DEBUG] [FML/]: Bar Step: Construction - Railcraft took 0,085s
[14:13:37] [Server thread/TRACE] [ForgeMultipart/ForgeMultipart]: Sending event FMLConstructionEvent to mod ForgeMultipart
[14:13:37] [Server thread/TRACE] [FML/ForgeMultipart]: Mod ForgeMultipart is using network checker : Accepting version 1.2.0.345
[14:13:37] [Server thread/TRACE] [FML/ForgeMultipart]: Testing mod ForgeMultipart to verify it accepts its own version in a remote connection
[14:13:37] [Server thread/TRACE] [FML/ForgeMultipart]: The mod ForgeMultipart accepts its own version (1.2.0.345)
[14:13:37] [Server thread/DEBUG] [FML/ForgeMultipart]: Attempting to inject @SidedProxy classes into ForgeMultipart
[14:13:37] [Server thread/TRACE] [ForgeMultipart/ForgeMultipart]: Sent event FMLConstructionEvent to mod ForgeMultipart
[14:13:37] [Server thread/DEBUG] [FML/]: Bar Step: Construction - Forge Multipart took 0,009s
[14:13:37] [Server thread/TRACE] [chisel/chisel]: Sending event FMLConstructionEvent to mod chisel
[14:13:37] [Server thread/TRACE] [FML/chisel]: Mod chisel is using network checker : Accepting version 2.9.5.11
[14:13:37] [Server thread/TRACE] [FML/chisel]: Testing mod chisel to verify it accepts its own version in a remote connection
[14:13:37] [Server thread/TRACE] [FML/chisel]: The mod chisel accepts its own version (2.9.5.11)
[14:13:37] [Server thread/DEBUG] [FML/chisel]: Attempting to inject @SidedProxy classes into chisel
[14:13:37] [Server thread/TRACE] [chisel/chisel]: Sent event FMLConstructionEvent to mod chisel
[14:13:37] [Server thread/DEBUG] [FML/]: Bar Step: Construction - Chisel took 0,052s
[14:13:37] [Server thread/TRACE] [CarpentersBlocks/CarpentersBlocks]: Sending event FMLConstructionEvent to mod CarpentersBlocks
[14:13:37] [Server thread/TRACE] [FML/CarpentersBlocks]: Mod CarpentersBlocks is using network checker : Accepting version 3.3.8.2
[14:13:37] [Server thread/TRACE] [FML/CarpentersBlocks]: Testing mod CarpentersBlocks to verify it accepts its own version in a remote connection
[14:13:37] [Server thread/TRACE] [FML/CarpentersBlocks]: The mod CarpentersBlocks accepts its own version (3.3.8.2)
[14:13:37] [Server thread/DEBUG] [FML/CarpentersBlocks]: Attempting to inject @SidedProxy classes into CarpentersBlocks
[14:13:37] [Server thread/TRACE] [CarpentersBlocks/CarpentersBlocks]: Sent event FMLConstructionEvent to mod CarpentersBlocks
[14:13:37] [Server thread/DEBUG] [FML/]: Bar Step: Construction - Carpenter's Blocks took 0,008s
[14:13:37] [Server thread/TRACE] [ChickenChunks/ChickenChunks]: Sending event FMLConstructionEvent to mod ChickenChunks
[14:13:37] [Server thread/TRACE] [FML/ChickenChunks]: Mod ChickenChunks is using network checker : Accepting version 1.3.4.19
[14:13:37] [Server thread/TRACE] [FML/ChickenChunks]: Testing mod ChickenChunks to verify it accepts its own version in a remote connection
[14:13:37] [Server thread/TRACE] [FML/ChickenChunks]: The mod ChickenChunks accepts its own version (1.3.4.19)
[14:13:37] [Server thread/DEBUG] [FML/ChickenChunks]: Attempting to inject @SidedProxy classes into ChickenChunks
[14:13:37] [Server thread/TRACE] [ChickenChunks/ChickenChunks]: Sent event FMLConstructionEvent to mod ChickenChunks
[14:13:37] [Server thread/DEBUG] [FML/]: Bar Step: Construction - ChickenChunks took 0,195s
[14:13:37] [Server thread/TRACE] [ComputerCraft/ComputerCraft]: Sending event FMLConstructionEvent to mod ComputerCraft
[14:13:37] [Server thread/TRACE] [FML/ComputerCraft]: Mod ComputerCraft is using network checker : Accepting version 1.75
[14:13:37] [Server thread/TRACE] [FML/ComputerCraft]: Testing mod ComputerCraft to verify it accepts its own version in a remote connection
[14:13:37] [Server thread/TRACE] [FML/ComputerCraft]: The mod ComputerCraft accepts its own version (1.75)
[14:13:37] [Server thread/DEBUG] [FML/ComputerCraft]: Attempting to inject @SidedProxy classes into ComputerCraft
[14:13:37] [Server thread/TRACE] [ComputerCraft/ComputerCraft]: Sent event FMLConstructionEvent to mod ComputerCraft
[14:13:37] [Server thread/DEBUG] [FML/]: Bar Step: Construction - ComputerCraft took 0,156s
[14:13:37] [Server thread/TRACE] [cookingbook/cookingbook]: Sending event FMLConstructionEvent to mod cookingbook
[14:13:37] [OpenEye mod meta collector/DEBUG] [OpenEye/OpenEye]: openeye.logic.ModMetaCollector.<init>(ModMetaCollector.java:245): Collection of mod metadata finished. Duration: 2945,3260 ms
[14:13:37] [Server thread/TRACE] [FML/cookingbook]: Mod cookingbook is using network checker : Accepting version 1.0.140
[14:13:37] [Server thread/TRACE] [FML/cookingbook]: Testing mod cookingbook to verify it accepts its own version in a remote connection
[14:13:37] [Server thread/TRACE] [FML/cookingbook]: The mod cookingbook accepts its own version (1.0.140)
[14:13:37] [Server thread/DEBUG] [FML/cookingbook]: Attempting to inject @SidedProxy classes into cookingbook
[14:13:37] [Server thread/TRACE] [cookingbook/cookingbook]: Sent event FMLConstructionEvent to mod cookingbook
[14:13:37] [Server thread/DEBUG] [FML/]: Bar Step: Construction - Cooking for Blockheads took 0,073s
[14:13:37] [Server thread/TRACE] [MineTweaker3/MineTweaker3]: Sending event FMLConstructionEvent to mod MineTweaker3
[14:13:38] [OpenEye sender thread/DEBUG] [OpenEye/OpenEye]: openeye.net.GenericSender.sendAndReceive(GenericSender.java:123): Trying to connect to openeye.openmods.info/api/v1/data, retry 0, redirect 0
[14:13:38] [Server thread/INFO] [STDERR/MineTweaker3]: [java.lang.Throwable$WrappedPrintStream:println:749]: java.lang.RuntimeException: ZenSetter must have exactly one parameter - minetweaker.api.vanilla.ILootFunction.setName
[14:13:38] [Server thread/INFO] [STDERR/MineTweaker3]: [java.lang.Throwable$WrappedPrintStream:println:749]: 	at stanhebben.zenscript.type.ZenTypeNative.checkSetter(ZenTypeNative.java:351)
[14:13:38] [Server thread/INFO] [STDERR/MineTweaker3]: [java.lang.Throwable$WrappedPrintStream:println:749]: 	at stanhebben.zenscript.type.ZenTypeNative.complete(ZenTypeNative.java:148)
[14:13:38] [Server thread/INFO] [STDERR/MineTweaker3]: [java.lang.Throwable$WrappedPrintStream:println:749]: 	at minetweaker.runtime.GlobalRegistry.registerNativeClass(GlobalRegistry.java:92)
[14:13:38] [Server thread/INFO] [STDERR/MineTweaker3]: [java.lang.Throwable$WrappedPrintStream:println:749]: 	at minetweaker.MineTweakerAPI.registerClass(MineTweakerAPI.java:340)
[14:13:38] [Server thread/INFO] [STDERR/MineTweaker3]: [java.lang.Throwable$WrappedPrintStream:println:749]: 	at minetweaker.MineTweakerAPI.registerClassRegistry(MineTweakerAPI.java:281)
[14:13:38] [Server thread/INFO] [STDERR/MineTweaker3]: [java.lang.Throwable$WrappedPrintStream:println:749]: 	at minetweaker.MineTweakerAPI.<clinit>(MineTweakerAPI.java:75)
[14:13:38] [Server thread/INFO] [STDERR/MineTweaker3]: [java.lang.Throwable$WrappedPrintStream:println:749]: 	at minetweaker.MineTweakerImplementationAPI.init(MineTweakerImplementationAPI.java:561)
[14:13:38] [Server thread/INFO] [STDERR/MineTweaker3]: [java.lang.Throwable$WrappedPrintStream:println:749]: 	at minetweaker.mc1710.MineTweakerMod.<init>(MineTweakerMod.java:85)
[14:13:38] [Server thread/INFO] [STDERR/MineTweaker3]: [java.lang.Throwable$WrappedPrintStream:println:749]: 	at sun.reflect.NativeConstructorAccessorImpl.newInstance0(Native Method)
[14:13:38] [Server thread/INFO] [STDERR/MineTweaker3]: [java.lang.Throwable$WrappedPrintStream:println:749]: 	at sun.reflect.NativeConstructorAccessorImpl.newInstance(NativeConstructorAccessorImpl.java:62)
[14:13:38] [Server thread/INFO] [STDERR/MineTweaker3]: [java.lang.Throwable$WrappedPrintStream:println:749]: 	at sun.reflect.DelegatingConstructorAccessorImpl.newInstance(DelegatingConstructorAccessorImpl.java:45)
[14:13:38] [Server thread/INFO] [STDERR/MineTweaker3]: [java.lang.Throwable$WrappedPrintStream:println:749]: 	at java.lang.reflect.Constructor.newInstance(Constructor.java:423)
[14:13:38] [Server thread/INFO] [STDERR/MineTweaker3]: [java.lang.Throwable$WrappedPrintStream:println:749]: 	at java.lang.Class.newInstance(Class.java:442)
[14:13:38] [Server thread/INFO] [STDERR/MineTweaker3]: [java.lang.Throwable$WrappedPrintStream:println:749]: 	at cpw.mods.fml.common.ILanguageAdapter$JavaAdapter.getNewInstance(ILanguageAdapter.java:173)
[14:13:38] [Server thread/INFO] [STDERR/MineTweaker3]: [java.lang.Throwable$WrappedPrintStream:println:749]: 	at cpw.mods.fml.common.FMLModContainer.constructMod(FMLModContainer.java:506)
[14:13:38] [Server thread/INFO] [STDERR/MineTweaker3]: [java.lang.Throwable$WrappedPrintStream:println:749]: 	at sun.reflect.GeneratedMethodAccessor5.invoke(Unknown Source)
[14:13:38] [Server thread/INFO] [STDERR/MineTweaker3]: [java.lang.Throwable$WrappedPrintStream:println:749]: 	at sun.reflect.DelegatingMethodAccessorImpl.invoke(DelegatingMethodAccessorImpl.java:43)
[14:13:38] [Server thread/INFO] [STDERR/MineTweaker3]: [java.lang.Throwable$WrappedPrintStream:println:749]: 	at java.lang.reflect.Method.invoke(Method.java:498)
[14:13:38] [Server thread/INFO] [STDERR/MineTweaker3]: [java.lang.Throwable$WrappedPrintStream:println:749]: 	at com.google.common.eventbus.EventSubscriber.handleEvent(EventSubscriber.java:74)
[14:13:38] [Server thread/INFO] [STDERR/MineTweaker3]: [java.lang.Throwable$WrappedPrintStream:println:749]: 	at com.google.common.eventbus.SynchronizedEventSubscriber.handleEvent(SynchronizedEventSubscriber.java:47)
[14:13:38] [Server thread/INFO] [STDERR/MineTweaker3]: [java.lang.Throwable$WrappedPrintStream:println:749]: 	at com.google.common.eventbus.EventBus.dispatch(EventBus.java:322)
[14:13:38] [Server thread/INFO] [STDERR/MineTweaker3]: [java.lang.Throwable$WrappedPrintStream:println:749]: 	at com.google.common.eventbus.EventBus.dispatchQueuedEvents(EventBus.java:304)
[14:13:38] [Server thread/INFO] [STDERR/MineTweaker3]: [java.lang.Throwable$WrappedPrintStream:println:749]: 	at com.google.common.eventbus.EventBus.post(EventBus.java:275)
[14:13:38] [Server thread/INFO] [STDERR/MineTweaker3]: [java.lang.Throwable$WrappedPrintStream:println:749]: 	at cpw.mods.fml.common.LoadController.sendEventToModContainer(LoadController.java:212)
[14:13:38] [Server thread/INFO] [STDERR/MineTweaker3]: [java.lang.Throwable$WrappedPrintStream:println:749]: 	at cpw.mods.fml.common.LoadController.propogateStateMessage(LoadController.java:190)
[14:13:38] [Server thread/INFO] [STDERR/MineTweaker3]: [java.lang.Throwable$WrappedPrintStream:println:749]: 	at sun.reflect.NativeMethodAccessorImpl.invoke0(Native Method)
[14:13:38] [Server thread/INFO] [STDERR/MineTweaker3]: [java.lang.Throwable$WrappedPrintStream:println:749]: 	at sun.reflect.NativeMethodAccessorImpl.invoke(NativeMethodAccessorImpl.java:62)
[14:13:38] [Server thread/INFO] [STDERR/MineTweaker3]: [java.lang.Throwable$WrappedPrintStream:println:749]: 	at sun.reflect.DelegatingMethodAccessorImpl.invoke(DelegatingMethodAccessorImpl.java:43)
[14:13:38] [Server thread/INFO] [STDERR/MineTweaker3]: [java.lang.Throwable$WrappedPrintStream:println:749]: 	at java.lang.reflect.Method.invoke(Method.java:498)
[14:13:38] [Server thread/INFO] [STDERR/MineTweaker3]: [java.lang.Throwable$WrappedPrintStream:println:749]: 	at com.google.common.eventbus.EventSubscriber.handleEvent(EventSubscriber.java:74)
[14:13:38] [Server thread/INFO] [STDERR/MineTweaker3]: [java.lang.Throwable$WrappedPrintStream:println:749]: 	at com.google.common.eventbus.SynchronizedEventSubscriber.handleEvent(SynchronizedEventSubscriber.java:47)
[14:13:38] [Server thread/INFO] [STDERR/MineTweaker3]: [java.lang.Throwable$WrappedPrintStream:println:749]: 	at com.google.common.eventbus.EventBus.dispatch(EventBus.java:322)
[14:13:38] [Server thread/INFO] [STDERR/MineTweaker3]: [java.lang.Throwable$WrappedPrintStream:println:749]: 	at com.google.common.eventbus.EventBus.dispatchQueuedEvents(EventBus.java:304)
[14:13:38] [Server thread/INFO] [STDERR/MineTweaker3]: [java.lang.Throwable$WrappedPrintStream:println:749]: 	at com.google.common.eventbus.EventBus.post(EventBus.java:275)
[14:13:38] [Server thread/INFO] [STDERR/MineTweaker3]: [java.lang.Throwable$WrappedPrintStream:println:749]: 	at cpw.mods.fml.common.LoadController.distributeStateMessage(LoadController.java:119)
[14:13:38] [Server thread/INFO] [STDERR/MineTweaker3]: [java.lang.Throwable$WrappedPrintStream:println:749]: 	at cpw.mods.fml.common.Loader.loadMods(Loader.java:513)
[14:13:38] [Server thread/INFO] [STDERR/MineTweaker3]: [java.lang.Throwable$WrappedPrintStream:println:749]: 	at cpw.mods.fml.server.FMLServerHandler.beginServerLoading(FMLServerHandler.java:87)
[14:13:38] [Server thread/INFO] [STDERR/MineTweaker3]: [java.lang.Throwable$WrappedPrintStream:println:749]: 	at cpw.mods.fml.common.FMLCommonHandler.onServerStart(FMLCommonHandler.java:314)
[14:13:38] [Server thread/INFO] [STDERR/MineTweaker3]: [java.lang.Throwable$WrappedPrintStream:println:749]: 	at net.minecraft.server.dedicated.DedicatedServer.func_71197_b(DedicatedServer.java:117)
[14:13:38] [Server thread/INFO] [STDERR/MineTweaker3]: [java.lang.Throwable$WrappedPrintStream:println:749]: 	at net.minecraft.server.MinecraftServer.run(MinecraftServer.java:387)
[14:13:38] [Server thread/INFO] [STDERR/MineTweaker3]: [java.lang.Throwable$WrappedPrintStream:println:749]: 	at net.minecraft.server.MinecraftServer$2.run(MinecraftServer.java:685)
[14:13:38] [Server thread/TRACE] [FML/MineTweaker3]: Mod MineTweaker3 is using network checker : Accepting version 3.1.0
[14:13:38] [Server thread/TRACE] [FML/MineTweaker3]: Testing mod MineTweaker3 to verify it accepts its own version in a remote connection
[14:13:38] [Server thread/TRACE] [FML/MineTweaker3]: The mod MineTweaker3 accepts its own version (3.1.0)
[14:13:38] [Server thread/DEBUG] [FML/MineTweaker3]: Attempting to inject @SidedProxy classes into MineTweaker3
[14:13:38] [Server thread/TRACE] [MineTweaker3/MineTweaker3]: Sent event FMLConstructionEvent to mod MineTweaker3
[14:13:38] [Server thread/DEBUG] [FML/]: Bar Step: Construction - MineTweaker 3 took 1,042s
[14:13:38] [Server thread/TRACE] [CustomMainMenu/CustomMainMenu]: Sending event FMLConstructionEvent to mod CustomMainMenu
[14:13:38] [Server thread/TRACE] [FML/CustomMainMenu]: Mod CustomMainMenu is using network checker : Accepting version 1.9.2
[14:13:38] [Server thread/TRACE] [FML/CustomMainMenu]: Testing mod CustomMainMenu to verify it accepts its own version in a remote connection
[14:13:38] [Server thread/TRACE] [FML/CustomMainMenu]: The mod CustomMainMenu accepts its own version (1.9.2)
[14:13:38] [Server thread/DEBUG] [FML/CustomMainMenu]: Attempting to inject @SidedProxy classes into CustomMainMenu
[14:13:38] [Server thread/TRACE] [CustomMainMenu/CustomMainMenu]: Sent event FMLConstructionEvent to mod CustomMainMenu
[14:13:38] [Server thread/DEBUG] [FML/]: Bar Step: Construction - Custom Main Menu took 0,015s
[14:13:38] [Server thread/TRACE] [ThermalFoundation/ThermalFoundation]: Sending event FMLConstructionEvent to mod ThermalFoundation
[14:13:38] [Server thread/TRACE] [FML/ThermalFoundation]: Mod ThermalFoundation is using network checker : Invoking method networkCheck
[14:13:38] [Server thread/TRACE] [FML/ThermalFoundation]: Testing mod ThermalFoundation to verify it accepts its own version in a remote connection
[14:13:38] [Server thread/TRACE] [FML/ThermalFoundation]: The mod ThermalFoundation accepts its own version (1.7.10R1.2.6)
[14:13:39] [Server thread/DEBUG] [FML/ThermalFoundation]: Attempting to inject @SidedProxy classes into ThermalFoundation
[14:13:39] [Server thread/TRACE] [ThermalFoundation/ThermalFoundation]: Sent event FMLConstructionEvent to mod ThermalFoundation
[14:13:39] [Server thread/DEBUG] [FML/]: Bar Step: Construction - Thermal Foundation took 0,292s
[14:13:39] [Server thread/TRACE] [ThermalExpansion/ThermalExpansion]: Sending event FMLConstructionEvent to mod ThermalExpansion
[14:13:39] [Server thread/TRACE] [FML/ThermalExpansion]: Mod ThermalExpansion is using network checker : Invoking method networkCheck
[14:13:39] [Server thread/TRACE] [FML/ThermalExpansion]: Testing mod ThermalExpansion to verify it accepts its own version in a remote connection
[14:13:39] [Server thread/TRACE] [FML/ThermalExpansion]: The mod ThermalExpansion accepts its own version (1.7.10R4.1.5)
[14:13:39] [Server thread/DEBUG] [FML/ThermalExpansion]: Attempting to inject @SidedProxy classes into ThermalExpansion
[14:13:39] [Server thread/TRACE] [ThermalExpansion/ThermalExpansion]: Sent event FMLConstructionEvent to mod ThermalExpansion
[14:13:39] [Server thread/DEBUG] [FML/]: Bar Step: Construction - Thermal Expansion took 0,028s
[14:13:39] [Server thread/TRACE] [DraconicEvolution/DraconicEvolution]: Sending event FMLConstructionEvent to mod DraconicEvolution
[14:13:39] [Server thread/INFO] [Draconic Evolution/DraconicEvolution]: Hello Minecraft!!!
[14:13:39] [Server thread/TRACE] [FML/DraconicEvolution]: Mod DraconicEvolution is using network checker : Accepting version 1.0.2h
[14:13:39] [Server thread/TRACE] [FML/DraconicEvolution]: Testing mod DraconicEvolution to verify it accepts its own version in a remote connection
[14:13:39] [Server thread/TRACE] [FML/DraconicEvolution]: The mod DraconicEvolution accepts its own version (1.0.2h)
[14:13:39] [Server thread/DEBUG] [FML/DraconicEvolution]: Attempting to inject @SidedProxy classes into DraconicEvolution
[14:13:39] [Server thread/TRACE] [DraconicEvolution/DraconicEvolution]: Sent event FMLConstructionEvent to mod DraconicEvolution
[14:13:39] [Server thread/DEBUG] [FML/]: Bar Step: Construction - Draconic Evolution took 0,026s
[14:13:39] [Server thread/TRACE] [endercore/endercore]: Sending event FMLConstructionEvent to mod endercore
[14:13:39] [Server thread/TRACE] [FML/endercore]: Mod endercore is using network checker : Accepting version 1.7.10-0.2.0.40_beta
[14:13:39] [Server thread/TRACE] [FML/endercore]: Testing mod endercore to verify it accepts its own version in a remote connection
[14:13:39] [Server thread/TRACE] [FML/endercore]: The mod endercore accepts its own version (1.7.10-0.2.0.40_beta)
[14:13:39] [Server thread/DEBUG] [FML/endercore]: Attempting to inject @SidedProxy classes into endercore
[14:13:39] [Server thread/TRACE] [endercore/endercore]: Sent event FMLConstructionEvent to mod endercore
[14:13:39] [Server thread/DEBUG] [FML/]: Bar Step: Construction - EnderCore took 0,005s
[14:13:39] [Server thread/TRACE] [MineFactoryReloaded/MineFactoryReloaded]: Sending event FMLConstructionEvent to mod MineFactoryReloaded
[14:13:39] [Server thread/TRACE] [FML/MineFactoryReloaded]: Mod MineFactoryReloaded is using network checker : Invoking method networkCheck
[14:13:39] [Server thread/TRACE] [FML/MineFactoryReloaded]: Testing mod MineFactoryReloaded to verify it accepts its own version in a remote connection
[14:13:39] [Server thread/TRACE] [FML/MineFactoryReloaded]: The mod MineFactoryReloaded accepts its own version (1.7.10R2.8.1)
[14:13:39] [Server thread/DEBUG] [FML/MineFactoryReloaded]: Attempting to inject @SidedProxy classes into MineFactoryReloaded
[14:13:39] [Server thread/TRACE] [MineFactoryReloaded/MineFactoryReloaded]: Sent event FMLConstructionEvent to mod MineFactoryReloaded
[14:13:39] [Server thread/DEBUG] [FML/]: Bar Step: Construction - MineFactory Reloaded took 0,119s
[14:13:39] [Server thread/TRACE] [Waila/Waila]: Sending event FMLConstructionEvent to mod Waila
[14:13:39] [Server thread/TRACE] [FML/Waila]: Mod Waila is using network checker : No network checking performed
[14:13:39] [Server thread/TRACE] [FML/Waila]: Testing mod Waila to verify it accepts its own version in a remote connection
[14:13:39] [Server thread/TRACE] [FML/Waila]: The mod Waila accepts its own version (1.5.10)
[14:13:39] [Server thread/DEBUG] [FML/Waila]: Attempting to inject @SidedProxy classes into Waila
[14:13:39] [Server thread/TRACE] [Waila/Waila]: Sent event FMLConstructionEvent to mod Waila
[14:13:39] [Server thread/DEBUG] [FML/]: Bar Step: Construction - Waila took 0,010s
[14:13:39] [Server thread/TRACE] [EnderIO/EnderIO]: Sending event FMLConstructionEvent to mod EnderIO
[14:13:39] [Server thread/TRACE] [FML/EnderIO]: Mod EnderIO is using network checker : Accepting version 1.7.10-2.3.0.430_beta
[14:13:39] [Server thread/TRACE] [FML/EnderIO]: Testing mod EnderIO to verify it accepts its own version in a remote connection
[14:13:39] [Server thread/TRACE] [FML/EnderIO]: The mod EnderIO accepts its own version (1.7.10-2.3.0.430_beta)
[14:13:39] [Server thread/DEBUG] [FML/EnderIO]: Attempting to inject @SidedProxy classes into EnderIO
[14:13:39] [Server thread/TRACE] [EnderIO/EnderIO]: Sent event FMLConstructionEvent to mod EnderIO
[14:13:39] [Server thread/DEBUG] [FML/]: Bar Step: Construction - Ender IO took 0,429s
[14:13:39] [Server thread/TRACE] [ShetiPhianCore/ShetiPhianCore]: Sending event FMLConstructionEvent to mod ShetiPhianCore
[14:13:39] [Server thread/TRACE] [FML/ShetiPhianCore]: Mod ShetiPhianCore is using network checker : Accepting version 3.0.0
[14:13:39] [Server thread/TRACE] [FML/ShetiPhianCore]: Testing mod ShetiPhianCore to verify it accepts its own version in a remote connection
[14:13:39] [Server thread/TRACE] [FML/ShetiPhianCore]: The mod ShetiPhianCore accepts its own version (3.0.0)
[14:13:39] [Server thread/DEBUG] [FML/ShetiPhianCore]: Attempting to inject @SidedProxy classes into ShetiPhianCore
[14:13:39] [Server thread/TRACE] [ShetiPhianCore/ShetiPhianCore]: Sent event FMLConstructionEvent to mod ShetiPhianCore
[14:13:39] [Server thread/DEBUG] [FML/]: Bar Step: Construction - ShetiPhian-Core took 0,005s
[14:13:39] [Server thread/TRACE] [EnderTanks/EnderTanks]: Sending event FMLConstructionEvent to mod EnderTanks
[14:13:39] [Server thread/DEBUG] [FML/EnderTanks]: Method shetiphian.endertanks.common.block.BlockEnderTank.func_149674_a(Lnet/minecraft/world/World;IIILjava/util/Random;)V: Replacing GETFIELD fluidID with INVOKEVIRTUAL getFluidID
[14:13:39] [Server thread/DEBUG] [FML/EnderTanks]: Method shetiphian.endertanks.common.item.ItemEnderBucket.placeLiquid(Lnet/minecraft/item/ItemStack;Lnet/minecraft/entity/player/EntityPlayer;Lnet/minecraft/world/World;Lnet/minecraft/util/MovingObjectPosition;)V: Replacing GETFIELD fluidID with INVOKEVIRTUAL getFluidID
[14:13:39] [Server thread/DEBUG] [FML/EnderTanks]: Method shetiphian.endertanks.common.item.ItemEnderBucket.placeLiquid(Lnet/minecraft/item/ItemStack;Lnet/minecraft/entity/player/EntityPlayer;Lnet/minecraft/world/World;Lnet/minecraft/util/MovingObjectPosition;)V: Replacing GETFIELD fluidID with INVOKEVIRTUAL getFluidID
[14:13:39] [Server thread/TRACE] [FML/EnderTanks]: Mod EnderTanks is using network checker : Accepting version rev16-beta1
[14:13:39] [Server thread/TRACE] [FML/EnderTanks]: Testing mod EnderTanks to verify it accepts its own version in a remote connection
[14:13:39] [Server thread/TRACE] [FML/EnderTanks]: The mod EnderTanks accepts its own version (rev16-beta1)
[14:13:39] [Server thread/DEBUG] [FML/EnderTanks]: Attempting to inject @SidedProxy classes into EnderTanks
[14:13:39] [Server thread/TRACE] [EnderTanks/EnderTanks]: Sent event FMLConstructionEvent to mod EnderTanks
[14:13:39] [Server thread/DEBUG] [FML/]: Bar Step: Construction - EnderTanks took 0,019s
[14:13:39] [Server thread/TRACE] [energycontrol/energycontrol]: Sending event FMLConstructionEvent to mod energycontrol
[14:13:39] [Server thread/TRACE] [FML/energycontrol]: Mod energycontrol is using network checker : Accepting version 1.7.10-0.3.6
[14:13:39] [Server thread/TRACE] [FML/energycontrol]: Testing mod energycontrol to verify it accepts its own version in a remote connection
[14:13:39] [Server thread/TRACE] [FML/energycontrol]: The mod energycontrol accepts its own version (1.7.10-0.3.6)
[14:13:39] [Server thread/DEBUG] [FML/energycontrol]: Attempting to inject @SidedProxy classes into energycontrol
[14:13:39] [Server thread/TRACE] [energycontrol/energycontrol]: Sent event FMLConstructionEvent to mod energycontrol
[14:13:39] [Server thread/DEBUG] [FML/]: Bar Step: Construction - Energy Control took 0,028s
[14:13:39] [Server thread/TRACE] [ExtraUtilities/ExtraUtilities]: Sending event FMLConstructionEvent to mod ExtraUtilities
[14:13:39] [Server thread/TRACE] [FML/ExtraUtilities]: Mod ExtraUtilities is using network checker : Accepting version 1.2.12
[14:13:39] [Server thread/TRACE] [FML/ExtraUtilities]: Testing mod ExtraUtilities to verify it accepts its own version in a remote connection
[14:13:39] [Server thread/TRACE] [FML/ExtraUtilities]: The mod ExtraUtilities accepts its own version (1.2.12)
[14:13:39] [Server thread/DEBUG] [FML/ExtraUtilities]: Attempting to inject @SidedProxy classes into ExtraUtilities
[14:13:39] [Server thread/TRACE] [ExtraUtilities/ExtraUtilities]: Sent event FMLConstructionEvent to mod ExtraUtilities
[14:13:39] [Server thread/DEBUG] [FML/]: Bar Step: Construction - Extra Utilities took 0,039s
[14:13:39] [Server thread/TRACE] [fastleafdecay/fastleafdecay]: Sending event FMLConstructionEvent to mod fastleafdecay
[14:13:39] [Server thread/TRACE] [FML/fastleafdecay]: Mod fastleafdecay is using network checker : No network checking performed
[14:13:39] [Server thread/TRACE] [FML/fastleafdecay]: Testing mod fastleafdecay to verify it accepts its own version in a remote connection
[14:13:39] [Server thread/TRACE] [FML/fastleafdecay]: The mod fastleafdecay accepts its own version (1.4)
[14:13:39] [Server thread/DEBUG] [FML/fastleafdecay]: Attempting to inject @SidedProxy classes into fastleafdecay
[14:13:39] [Server thread/TRACE] [fastleafdecay/fastleafdecay]: Sent event FMLConstructionEvent to mod fastleafdecay
[14:13:39] [Server thread/DEBUG] [FML/]: Bar Step: Construction - Fast Leaf Decay took 0,002s
[14:13:39] [Server thread/TRACE] [Forestry/Forestry]: Sending event FMLConstructionEvent to mod Forestry
[14:13:39] [Server thread/TRACE] [FML/Forestry]: Mod Forestry is using network checker : Accepting version 4.2.16.64
[14:13:39] [Server thread/TRACE] [FML/Forestry]: Testing mod Forestry to verify it accepts its own version in a remote connection
[14:13:39] [Server thread/TRACE] [FML/Forestry]: The mod Forestry accepts its own version (4.2.16.64)
[14:13:39] [Server thread/DEBUG] [FML/Forestry]: Attempting to inject @SidedProxy classes into Forestry
[14:13:40] [Server thread/TRACE] [Forestry/Forestry]: Sent event FMLConstructionEvent to mod Forestry
[14:13:40] [Server thread/DEBUG] [FML/]: Bar Step: Construction - Forestry for Minecraft took 0,294s
[14:13:40] [Server thread/TRACE] [FTBL/FTBL]: Sending event FMLConstructionEvent to mod FTBL
[14:13:40] [Server thread/TRACE] [FML/FTBL]: Mod FTBL is using network checker : Invoking method checkNetwork
[14:13:40] [Server thread/TRACE] [FML/FTBL]: Testing mod FTBL to verify it accepts its own version in a remote connection
[14:13:40] [Server thread/TRACE] [FML/FTBL]: The mod FTBL accepts its own version (1.0.18.2)
[14:13:40] [Server thread/DEBUG] [FML/FTBL]: Attempting to inject @SidedProxy classes into FTBL
[14:13:40] [Server thread/TRACE] [FTBL/FTBL]: Sent event FMLConstructionEvent to mod FTBL
[14:13:40] [Server thread/DEBUG] [FML/]: Bar Step: Construction - FTBLib took 0,014s
[14:13:40] [Server thread/TRACE] [FTBT/FTBT]: Sending event FMLConstructionEvent to mod FTBT
[14:13:40] [Server thread/TRACE] [FML/FTBT]: Mod FTBT is using network checker : Accepting version 1.0.2
[14:13:40] [Server thread/TRACE] [FML/FTBT]: Testing mod FTBT to verify it accepts its own version in a remote connection
[14:13:40] [Server thread/TRACE] [FML/FTBT]: The mod FTBT accepts its own version (1.0.2)
[14:13:40] [Server thread/DEBUG] [FML/FTBT]: Attempting to inject @SidedProxy classes into FTBT
[14:13:40] [Server thread/TRACE] [FTBT/FTBT]: Sent event FMLConstructionEvent to mod FTBT
[14:13:40] [Server thread/DEBUG] [FML/]: Bar Step: Construction - FTB Tweaks took 0,003s
[14:13:40] [Server thread/TRACE] [FTBU/FTBU]: Sending event FMLConstructionEvent to mod FTBU
[14:13:40] [Server thread/TRACE] [FML/FTBU]: Mod FTBU is using network checker : Invoking method checkNetwork
[14:13:40] [Server thread/TRACE] [FML/FTBU]: Testing mod FTBU to verify it accepts its own version in a remote connection
[14:13:40] [Server thread/TRACE] [FML/FTBU]: The mod FTBU accepts its own version (1.0.18.2)
[14:13:40] [Server thread/DEBUG] [FML/FTBU]: Attempting to inject @SidedProxy classes into FTBU
[14:13:40] [Server thread/TRACE] [FTBU/FTBU]: Sent event FMLConstructionEvent to mod FTBU
[14:13:40] [Server thread/DEBUG] [FML/]: Bar Step: Construction - FTBUtilities took 0,014s
[14:13:40] [Server thread/TRACE] [spongemixins/spongemixins]: Sending event FMLConstructionEvent to mod spongemixins
[14:13:40] [Server thread/TRACE] [FML/spongemixins]: Mod spongemixins is using network checker : No network checking performed
[14:13:40] [Server thread/TRACE] [FML/spongemixins]: Testing mod spongemixins to verify it accepts its own version in a remote connection
[14:13:40] [Server thread/TRACE] [FML/spongemixins]: The mod spongemixins accepts its own version (2.0.1)
[14:13:40] [Server thread/DEBUG] [FML/spongemixins]: Attempting to inject @SidedProxy classes into spongemixins
[14:13:40] [Server thread/TRACE] [spongemixins/spongemixins]: Sent event FMLConstructionEvent to mod spongemixins
[14:13:40] [Server thread/DEBUG] [FML/]: Bar Step: Construction - SpongeMixins Loader took 0,002s
[14:13:40] [Server thread/TRACE] [gtnhmixins/gtnhmixins]: Sending event FMLConstructionEvent to mod gtnhmixins
[14:13:40] [Server thread/TRACE] [FML/gtnhmixins]: Mod gtnhmixins is using network checker : No network checking performed
[14:13:40] [Server thread/TRACE] [FML/gtnhmixins]: Testing mod gtnhmixins to verify it accepts its own version in a remote connection
[14:13:40] [Server thread/TRACE] [FML/gtnhmixins]: The mod gtnhmixins accepts its own version (2.0.2)
[14:13:40] [Server thread/DEBUG] [FML/gtnhmixins]: Attempting to inject @SidedProxy classes into gtnhmixins
[14:13:40] [Server thread/TRACE] [gtnhmixins/gtnhmixins]: Sent event FMLConstructionEvent to mod gtnhmixins
[14:13:40] [Server thread/DEBUG] [FML/]: Bar Step: Construction - GTNHMixins took 0,001s
[14:13:40] [Server thread/TRACE] [hbm/hbm]: Sending event FMLConstructionEvent to mod hbm
[14:13:40] [Server thread/TRACE] [FML/hbm]: Mod hbm is using network checker : Accepting version 1.0.27 BETA (5193)
[14:13:40] [Server thread/TRACE] [FML/hbm]: Testing mod hbm to verify it accepts its own version in a remote connection
[14:13:40] [Server thread/TRACE] [FML/hbm]: The mod hbm accepts its own version (1.0.27 BETA (5193))
[14:13:40] [Server thread/DEBUG] [FML/hbm]: Attempting to inject @SidedProxy classes into hbm
[14:13:40] [Server thread/TRACE] [hbm/hbm]: Sent event FMLConstructionEvent to mod hbm
[14:13:40] [Server thread/DEBUG] [FML/]: Bar Step: Construction - Hbm's Nuclear Tech took 0,079s
[14:13:40] [Server thread/TRACE] [IC2NuclearControl/IC2NuclearControl]: Sending event FMLConstructionEvent to mod IC2NuclearControl
[14:13:40] [Server thread/TRACE] [FML/IC2NuclearControl]: Mod IC2NuclearControl is using network checker : Accepting version 2.4.5a
[14:13:40] [Server thread/TRACE] [FML/IC2NuclearControl]: Testing mod IC2NuclearControl to verify it accepts its own version in a remote connection
[14:13:40] [Server thread/TRACE] [FML/IC2NuclearControl]: The mod IC2NuclearControl accepts its own version (2.4.5a)
[14:13:40] [Server thread/DEBUG] [FML/IC2NuclearControl]: Attempting to inject @SidedProxy classes into IC2NuclearControl
[14:13:40] [Server thread/TRACE] [IC2NuclearControl/IC2NuclearControl]: Sent event FMLConstructionEvent to mod IC2NuclearControl
[14:13:40] [Server thread/DEBUG] [FML/]: Bar Step: Construction - Nuclear Control 2 took 0,058s
[14:13:40] [Server thread/TRACE] [ImmersiveEngineering/ImmersiveEngineering]: Sending event FMLConstructionEvent to mod ImmersiveEngineering
[14:13:40] [Server thread/TRACE] [FML/ImmersiveEngineering]: Mod ImmersiveEngineering is using network checker : Accepting version 0.7.7
[14:13:40] [Server thread/TRACE] [FML/ImmersiveEngineering]: Testing mod ImmersiveEngineering to verify it accepts its own version in a remote connection
[14:13:40] [Server thread/TRACE] [FML/ImmersiveEngineering]: The mod ImmersiveEngineering accepts its own version (0.7.7)
[14:13:40] [Server thread/DEBUG] [FML/ImmersiveEngineering]: Attempting to inject @SidedProxy classes into ImmersiveEngineering
[14:13:40] [Server thread/TRACE] [ImmersiveEngineering/ImmersiveEngineering]: Sent event FMLConstructionEvent to mod ImmersiveEngineering
[14:13:40] [Server thread/DEBUG] [FML/]: Bar Step: Construction - Immersive Engineering took 0,020s
[14:13:40] [Server thread/TRACE] [immersiveintegration/immersiveintegration]: Sending event FMLConstructionEvent to mod immersiveintegration
[14:13:40] [Server thread/TRACE] [FML/immersiveintegration]: Mod immersiveintegration is using network checker : Accepting version 0.6.8
[14:13:40] [Server thread/TRACE] [FML/immersiveintegration]: Testing mod immersiveintegration to verify it accepts its own version in a remote connection
[14:13:40] [Server thread/TRACE] [FML/immersiveintegration]: The mod immersiveintegration accepts its own version (0.6.8)
[14:13:40] [Server thread/DEBUG] [FML/immersiveintegration]: Attempting to inject @SidedProxy classes into immersiveintegration
[14:13:40] [Server thread/TRACE] [immersiveintegration/immersiveintegration]: Sent event FMLConstructionEvent to mod immersiveintegration
[14:13:40] [Server thread/DEBUG] [FML/]: Bar Step: Construction - Immersive Integration took 0,009s
[14:13:40] [Server thread/TRACE] [IndustrialPeripheral/IndustrialPeripheral]: Sending event FMLConstructionEvent to mod IndustrialPeripheral
[14:13:40] [Server thread/TRACE] [FML/IndustrialPeripheral]: Mod IndustrialPeripheral is using network checker : Accepting version 1.02
[14:13:40] [Server thread/TRACE] [FML/IndustrialPeripheral]: Testing mod IndustrialPeripheral to verify it accepts its own version in a remote connection
[14:13:40] [Server thread/TRACE] [FML/IndustrialPeripheral]: The mod IndustrialPeripheral accepts its own version (1.02)
[14:13:40] [Server thread/DEBUG] [FML/IndustrialPeripheral]: Attempting to inject @SidedProxy classes into IndustrialPeripheral
[14:13:40] [Server thread/TRACE] [IndustrialPeripheral/IndustrialPeripheral]: Sent event FMLConstructionEvent to mod IndustrialPeripheral
[14:13:40] [Server thread/DEBUG] [FML/]: Bar Step: Construction - Industrial Peripheral took 0,011s
[14:13:40] [Server thread/TRACE] [malisiscore/malisiscore]: Sending event FMLConstructionEvent to mod malisiscore
[14:13:40] [Server thread/TRACE] [FML/malisiscore]: Mod malisiscore is using network checker : Accepting version 1.7.10-0.14.3
[14:13:40] [Server thread/TRACE] [FML/malisiscore]: Testing mod malisiscore to verify it accepts its own version in a remote connection
[14:13:40] [Server thread/TRACE] [FML/malisiscore]: The mod malisiscore accepts its own version (1.7.10-0.14.3)
[14:13:40] [Server thread/DEBUG] [FML/malisiscore]: Attempting to inject @SidedProxy classes into malisiscore
[14:13:40] [Server thread/TRACE] [malisiscore/malisiscore]: Sent event FMLConstructionEvent to mod malisiscore
[14:13:40] [Server thread/DEBUG] [FML/]: Bar Step: Construction - MalisisCore took 0,011s
[14:13:40] [Server thread/TRACE] [malisisdoors/malisisdoors]: Sending event FMLConstructionEvent to mod malisisdoors
[14:13:40] [Server thread/TRACE] [FML/malisisdoors]: Mod malisisdoors is using network checker : Accepting version 1.7.10-1.13.2
[14:13:40] [Server thread/TRACE] [FML/malisisdoors]: Testing mod malisisdoors to verify it accepts its own version in a remote connection
[14:13:40] [Server thread/TRACE] [FML/malisisdoors]: The mod malisisdoors accepts its own version (1.7.10-1.13.2)
[14:13:40] [Server thread/DEBUG] [FML/malisisdoors]: Attempting to inject @SidedProxy classes into malisisdoors
[14:13:40] [Server thread/TRACE] [malisisdoors/malisisdoors]: Sent event FMLConstructionEvent to mod malisisdoors
[14:13:40] [Server thread/DEBUG] [FML/]: Bar Step: Construction - Malisis' Doors took 0,237s
[14:13:40] [Server thread/TRACE] [Mekanism/Mekanism]: Sending event FMLConstructionEvent to mod Mekanism
[14:13:40] [Server thread/TRACE] [FML/Mekanism]: Mod Mekanism is using network checker : Accepting version 9.1.1
[14:13:40] [Server thread/TRACE] [FML/Mekanism]: Testing mod Mekanism to verify it accepts its own version in a remote connection
[14:13:40] [Server thread/TRACE] [FML/Mekanism]: The mod Mekanism accepts its own version (9.1.1)
[14:13:40] [Server thread/DEBUG] [FML/Mekanism]: Attempting to inject @SidedProxy classes into Mekanism
[14:13:40] [Server thread/INFO] [EnderCore/Mekanism]: Transforming Class [net.minecraft.inventory.ContainerRepair], Method [func_82848_d]
[14:13:40] [Server thread/INFO] [EnderCore/Mekanism]: Transforming net.minecraft.inventory.ContainerRepair Finished.
[14:13:40] [Server thread/TRACE] [Mekanism/Mekanism]: Sent event FMLConstructionEvent to mod Mekanism
[14:13:40] [Server thread/DEBUG] [FML/]: Bar Step: Construction - Mekanism took 0,186s
[14:13:40] [Server thread/TRACE] [MekanismGenerators/MekanismGenerators]: Sending event FMLConstructionEvent to mod MekanismGenerators
[14:13:40] [Server thread/TRACE] [FML/MekanismGenerators]: Mod MekanismGenerators is using network checker : Accepting version 9.1.1
[14:13:40] [Server thread/TRACE] [FML/MekanismGenerators]: Testing mod MekanismGenerators to verify it accepts its own version in a remote connection
[14:13:40] [Server thread/TRACE] [FML/MekanismGenerators]: The mod MekanismGenerators accepts its own version (9.1.1)
[14:13:40] [Server thread/DEBUG] [FML/MekanismGenerators]: Attempting to inject @SidedProxy classes into MekanismGenerators
[14:13:40] [Server thread/TRACE] [MekanismGenerators/MekanismGenerators]: Sent event FMLConstructionEvent to mod MekanismGenerators
[14:13:40] [Server thread/DEBUG] [FML/]: Bar Step: Construction - MekanismGenerators took 0,032s
[14:13:40] [Server thread/TRACE] [MekanismTools/MekanismTools]: Sending event FMLConstructionEvent to mod MekanismTools
[14:13:40] [Server thread/TRACE] [FML/MekanismTools]: Mod MekanismTools is using network checker : Accepting version 9.1.1
[14:13:40] [Server thread/TRACE] [FML/MekanismTools]: Testing mod MekanismTools to verify it accepts its own version in a remote connection
[14:13:40] [Server thread/TRACE] [FML/MekanismTools]: The mod MekanismTools accepts its own version (9.1.1)
[14:13:40] [Server thread/DEBUG] [FML/MekanismTools]: Attempting to inject @SidedProxy classes into MekanismTools
[14:13:40] [Server thread/TRACE] [MekanismTools/MekanismTools]: Sent event FMLConstructionEvent to mod MekanismTools
[14:13:40] [Server thread/DEBUG] [FML/]: Bar Step: Construction - MekanismTools took 0,010s
[14:13:40] [Server thread/TRACE] [mfs/mfs]: Sending event FMLConstructionEvent to mod mfs
[14:13:40] [Server thread/TRACE] [FML/mfs]: Mod mfs is using network checker : Accepting version 7.1.3
[14:13:40] [Server thread/TRACE] [FML/mfs]: Testing mod mfs to verify it accepts its own version in a remote connection
[14:13:40] [Server thread/TRACE] [FML/mfs]: The mod mfs accepts its own version (7.1.3)
[14:13:40] [Server thread/DEBUG] [FML/mfs]: Attempting to inject @SidedProxy classes into mfs
[14:13:40] [Server thread/TRACE] [mfs/mfs]: Sent event FMLConstructionEvent to mod mfs
[14:13:40] [Server thread/DEBUG] [FML/]: Bar Step: Construction - Minecraft Flight Simulator took 0,007s
[14:13:40] [Server thread/TRACE] [MineFactoryReloaded|CompatAppliedEnergistics/MineFactoryReloaded|CompatAppliedEnergistics]: Sending event FMLConstructionEvent to mod MineFactoryReloaded|CompatAppliedEnergistics
[14:13:40] [Server thread/TRACE] [FML/MineFactoryReloaded|CompatAppliedEnergistics]: Mod MineFactoryReloaded|CompatAppliedEnergistics is using network checker : Accepting version 1.7.10R2.8.1
[14:13:40] [Server thread/TRACE] [FML/MineFactoryReloaded|CompatAppliedEnergistics]: Testing mod MineFactoryReloaded|CompatAppliedEnergistics to verify it accepts its own version in a remote connection
[14:13:40] [Server thread/TRACE] [FML/MineFactoryReloaded|CompatAppliedEnergistics]: The mod MineFactoryReloaded|CompatAppliedEnergistics accepts its own version (1.7.10R2.8.1)
[14:13:40] [Server thread/DEBUG] [FML/MineFactoryReloaded|CompatAppliedEnergistics]: Attempting to inject @SidedProxy classes into MineFactoryReloaded|CompatAppliedEnergistics
[14:13:40] [Server thread/TRACE] [MineFactoryReloaded|CompatAppliedEnergistics/MineFactoryReloaded|CompatAppliedEnergistics]: Sent event FMLConstructionEvent to mod MineFactoryReloaded|CompatAppliedEnergistics
[14:13:40] [Server thread/DEBUG] [FML/]: Bar Step: Construction - MFR Compat: Applied Energistics took 0,003s
[14:13:40] [Server thread/TRACE] [MineFactoryReloaded|CompatBuildCraft/MineFactoryReloaded|CompatBuildCraft]: Sending event FMLConstructionEvent to mod MineFactoryReloaded|CompatBuildCraft
[14:13:40] [Server thread/DEBUG] [CoFH ASM/MineFactoryReloaded|CompatBuildCraft]: Stripping methods and fields from powercrystals.minefactoryreloaded.modhelpers.buildcraft.Buildcraft
[14:13:40] [Server thread/DEBUG] [CoFH ASM/MineFactoryReloaded|CompatBuildCraft]: Nothing stripped from powercrystals.minefactoryreloaded.modhelpers.buildcraft.Buildcraft
[14:13:40] [Server thread/TRACE] [FML/MineFactoryReloaded|CompatBuildCraft]: Mod MineFactoryReloaded|CompatBuildCraft is using network checker : Accepting version 1.7.10R2.8.1
[14:13:40] [Server thread/TRACE] [FML/MineFactoryReloaded|CompatBuildCraft]: Testing mod MineFactoryReloaded|CompatBuildCraft to verify it accepts its own version in a remote connection
[14:13:40] [Server thread/TRACE] [FML/MineFactoryReloaded|CompatBuildCraft]: The mod MineFactoryReloaded|CompatBuildCraft accepts its own version (1.7.10R2.8.1)
[14:13:40] [Server thread/DEBUG] [FML/MineFactoryReloaded|CompatBuildCraft]: Attempting to inject @SidedProxy classes into MineFactoryReloaded|CompatBuildCraft
[14:13:40] [Server thread/TRACE] [MineFactoryReloaded|CompatBuildCraft/MineFactoryReloaded|CompatBuildCraft]: Sent event FMLConstructionEvent to mod MineFactoryReloaded|CompatBuildCraft
[14:13:40] [Server thread/DEBUG] [FML/]: Bar Step: Construction - MFR Compat: BuildCraft took 0,005s
[14:13:40] [Server thread/TRACE] [MineFactoryReloaded|CompatForestry/MineFactoryReloaded|CompatForestry]: Sending event FMLConstructionEvent to mod MineFactoryReloaded|CompatForestry
[14:13:40] [Server thread/TRACE] [FML/MineFactoryReloaded|CompatForestry]: Mod MineFactoryReloaded|CompatForestry is using network checker : Accepting version 1.7.10R2.8.1
[14:13:40] [Server thread/TRACE] [FML/MineFactoryReloaded|CompatForestry]: Testing mod MineFactoryReloaded|CompatForestry to verify it accepts its own version in a remote connection
[14:13:40] [Server thread/TRACE] [FML/MineFactoryReloaded|CompatForestry]: The mod MineFactoryReloaded|CompatForestry accepts its own version (1.7.10R2.8.1)
[14:13:40] [Server thread/DEBUG] [FML/MineFactoryReloaded|CompatForestry]: Attempting to inject @SidedProxy classes into MineFactoryReloaded|CompatForestry
[14:13:40] [Server thread/TRACE] [MineFactoryReloaded|CompatForestry/MineFactoryReloaded|CompatForestry]: Sent event FMLConstructionEvent to mod MineFactoryReloaded|CompatForestry
[14:13:40] [Server thread/DEBUG] [FML/]: Bar Step: Construction - MFR Compat: Forestry took 0,009s
[14:13:40] [Server thread/TRACE] [MineFactoryReloaded|CompatForgeMicroblock/MineFactoryReloaded|CompatForgeMicroblock]: Sending event FMLConstructionEvent to mod MineFactoryReloaded|CompatForgeMicroblock
[14:13:40] [Server thread/TRACE] [FML/MineFactoryReloaded|CompatForgeMicroblock]: Mod MineFactoryReloaded|CompatForgeMicroblock is using network checker : Accepting version 1.7.10R2.8.1
[14:13:40] [Server thread/TRACE] [FML/MineFactoryReloaded|CompatForgeMicroblock]: Testing mod MineFactoryReloaded|CompatForgeMicroblock to verify it accepts its own version in a remote connection
[14:13:40] [Server thread/TRACE] [FML/MineFactoryReloaded|CompatForgeMicroblock]: The mod MineFactoryReloaded|CompatForgeMicroblock accepts its own version (1.7.10R2.8.1)
[14:13:40] [Server thread/DEBUG] [FML/MineFactoryReloaded|CompatForgeMicroblock]: Attempting to inject @SidedProxy classes into MineFactoryReloaded|CompatForgeMicroblock
[14:13:40] [Server thread/TRACE] [MineFactoryReloaded|CompatForgeMicroblock/MineFactoryReloaded|CompatForgeMicroblock]: Sent event FMLConstructionEvent to mod MineFactoryReloaded|CompatForgeMicroblock
[14:13:40] [Server thread/DEBUG] [FML/]: Bar Step: Construction - MFR Compat: ForgeMicroblock took 0,004s
[14:13:40] [Server thread/TRACE] [MineFactoryReloaded|CompatIC2/MineFactoryReloaded|CompatIC2]: Sending event FMLConstructionEvent to mod MineFactoryReloaded|CompatIC2
[14:13:40] [Server thread/DEBUG] [CoFH ASM/MineFactoryReloaded|CompatIC2]: Stripping methods and fields from powercrystals.minefactoryreloaded.modhelpers.ic2.IC2
[14:13:40] [Server thread/DEBUG] [CoFH ASM/MineFactoryReloaded|CompatIC2]: Nothing stripped from powercrystals.minefactoryreloaded.modhelpers.ic2.IC2
[14:13:40] [Server thread/TRACE] [FML/MineFactoryReloaded|CompatIC2]: Mod MineFactoryReloaded|CompatIC2 is using network checker : Accepting version 1.7.10R2.8.1
[14:13:40] [Server thread/TRACE] [FML/MineFactoryReloaded|CompatIC2]: Testing mod MineFactoryReloaded|CompatIC2 to verify it accepts its own version in a remote connection
[14:13:40] [Server thread/TRACE] [FML/MineFactoryReloaded|CompatIC2]: The mod MineFactoryReloaded|CompatIC2 accepts its own version (1.7.10R2.8.1)
[14:13:40] [Server thread/DEBUG] [FML/MineFactoryReloaded|CompatIC2]: Attempting to inject @SidedProxy classes into MineFactoryReloaded|CompatIC2
[14:13:40] [Server thread/TRACE] [MineFactoryReloaded|CompatIC2/MineFactoryReloaded|CompatIC2]: Sent event FMLConstructionEvent to mod MineFactoryReloaded|CompatIC2
[14:13:40] [Server thread/DEBUG] [FML/]: Bar Step: Construction - MFR Compat: IC2 took 0,004s
[14:13:40] [Server thread/TRACE] [MrTJPCoreMod/MrTJPCoreMod]: Sending event FMLConstructionEvent to mod MrTJPCoreMod
[14:13:41] [Server thread/TRACE] [FML/MrTJPCoreMod]: Mod MrTJPCoreMod is using network checker : Accepting version 1.1.0.33
[14:13:41] [Server thread/TRACE] [FML/MrTJPCoreMod]: Testing mod MrTJPCoreMod to verify it accepts its own version in a remote connection
[14:13:41] [Server thread/TRACE] [FML/MrTJPCoreMod]: The mod MrTJPCoreMod accepts its own version (1.1.0.33)
[14:13:41] [Server thread/DEBUG] [FML/MrTJPCoreMod]: Attempting to inject @SidedProxy classes into MrTJPCoreMod
[14:13:41] [Server thread/TRACE] [MrTJPCoreMod/MrTJPCoreMod]: Sent event FMLConstructionEvent to mod MrTJPCoreMod
[14:13:41] [Server thread/DEBUG] [FML/]: Bar Step: Construction - MrTJPCore took 0,183s
[14:13:41] [Server thread/TRACE] [ProjRed|Core/ProjRed|Core]: Sending event FMLConstructionEvent to mod ProjRed|Core
[14:13:41] [Server thread/TRACE] [FML/ProjRed|Core]: Mod ProjRed|Core is using network checker : Accepting version 4.7.0pre12.95
[14:13:41] [Server thread/TRACE] [FML/ProjRed|Core]: Testing mod ProjRed|Core to verify it accepts its own version in a remote connection
[14:13:41] [Server thread/TRACE] [FML/ProjRed|Core]: The mod ProjRed|Core accepts its own version (4.7.0pre12.95)
[14:13:41] [Server thread/DEBUG] [FML/ProjRed|Core]: Attempting to inject @SidedProxy classes into ProjRed|Core
[14:13:41] [Server thread/TRACE] [ProjRed|Core/ProjRed|Core]: Sent event FMLConstructionEvent to mod ProjRed|Core
[14:13:41] [Server thread/DEBUG] [FML/]: Bar Step: Construction - ProjectRed Core took 0,015s
[14:13:41] [Server thread/TRACE] [ProjRed|Exploration/ProjRed|Exploration]: Sending event FMLConstructionEvent to mod ProjRed|Exploration
[14:13:41] [Server thread/TRACE] [FML/ProjRed|Exploration]: Mod ProjRed|Exploration is using network checker : Accepting version 4.7.0pre12.95
[14:13:41] [Server thread/TRACE] [FML/ProjRed|Exploration]: Testing mod ProjRed|Exploration to verify it accepts its own version in a remote connection
[14:13:41] [Server thread/TRACE] [FML/ProjRed|Exploration]: The mod ProjRed|Exploration accepts its own version (4.7.0pre12.95)
[14:13:41] [Server thread/DEBUG] [FML/ProjRed|Exploration]: Attempting to inject @SidedProxy classes into ProjRed|Exploration
[14:13:41] [Server thread/TRACE] [ProjRed|Exploration/ProjRed|Exploration]: Sent event FMLConstructionEvent to mod ProjRed|Exploration
[14:13:41] [Server thread/DEBUG] [FML/]: Bar Step: Construction - ProjectRed Exploration took 0,052s
[14:13:41] [Server thread/TRACE] [MineFactoryReloaded|CompatProjRed/MineFactoryReloaded|CompatProjRed]: Sending event FMLConstructionEvent to mod MineFactoryReloaded|CompatProjRed
[14:13:41] [Server thread/TRACE] [FML/MineFactoryReloaded|CompatProjRed]: Mod MineFactoryReloaded|CompatProjRed is using network checker : Accepting version 1.7.10R2.8.1
[14:13:41] [Server thread/TRACE] [FML/MineFactoryReloaded|CompatProjRed]: Testing mod MineFactoryReloaded|CompatProjRed to verify it accepts its own version in a remote connection
[14:13:41] [Server thread/TRACE] [FML/MineFactoryReloaded|CompatProjRed]: The mod MineFactoryReloaded|CompatProjRed accepts its own version (1.7.10R2.8.1)
[14:13:41] [Server thread/DEBUG] [FML/MineFactoryReloaded|CompatProjRed]: Attempting to inject @SidedProxy classes into MineFactoryReloaded|CompatProjRed
[14:13:41] [Server thread/TRACE] [MineFactoryReloaded|CompatProjRed/MineFactoryReloaded|CompatProjRed]: Sent event FMLConstructionEvent to mod MineFactoryReloaded|CompatProjRed
[14:13:41] [Server thread/DEBUG] [FML/]: Bar Step: Construction - MFR Compat ProjectRed took 0,003s
[14:13:41] [Server thread/TRACE] [MineFactoryReloaded|CompatRailcraft/MineFactoryReloaded|CompatRailcraft]: Sending event FMLConstructionEvent to mod MineFactoryReloaded|CompatRailcraft
[14:13:41] [Server thread/TRACE] [FML/MineFactoryReloaded|CompatRailcraft]: Mod MineFactoryReloaded|CompatRailcraft is using network checker : Accepting version 1.7.10R2.8.1
[14:13:41] [Server thread/TRACE] [FML/MineFactoryReloaded|CompatRailcraft]: Testing mod MineFactoryReloaded|CompatRailcraft to verify it accepts its own version in a remote connection
[14:13:41] [Server thread/TRACE] [FML/MineFactoryReloaded|CompatRailcraft]: The mod MineFactoryReloaded|CompatRailcraft accepts its own version (1.7.10R2.8.1)
[14:13:41] [Server thread/DEBUG] [FML/MineFactoryReloaded|CompatRailcraft]: Attempting to inject @SidedProxy classes into MineFactoryReloaded|CompatRailcraft
[14:13:41] [Server thread/TRACE] [MineFactoryReloaded|CompatRailcraft/MineFactoryReloaded|CompatRailcraft]: Sent event FMLConstructionEvent to mod MineFactoryReloaded|CompatRailcraft
[14:13:41] [Server thread/DEBUG] [FML/]: Bar Step: Construction - MFR Compat: Railcraft took 0,003s
[14:13:41] [Server thread/TRACE] [MineFactoryReloaded|CompatThermalExpansion/MineFactoryReloaded|CompatThermalExpansion]: Sending event FMLConstructionEvent to mod MineFactoryReloaded|CompatThermalExpansion
[14:13:41] [Server thread/TRACE] [FML/MineFactoryReloaded|CompatThermalExpansion]: Mod MineFactoryReloaded|CompatThermalExpansion is using network checker : Accepting version 1.7.10R2.8.1
[14:13:41] [Server thread/TRACE] [FML/MineFactoryReloaded|CompatThermalExpansion]: Testing mod MineFactoryReloaded|CompatThermalExpansion to verify it accepts its own version in a remote connection
[14:13:41] [Server thread/TRACE] [FML/MineFactoryReloaded|CompatThermalExpansion]: The mod MineFactoryReloaded|CompatThermalExpansion accepts its own version (1.7.10R2.8.1)
[14:13:41] [Server thread/DEBUG] [FML/MineFactoryReloaded|CompatThermalExpansion]: Attempting to inject @SidedProxy classes into MineFactoryReloaded|CompatThermalExpansion
[14:13:41] [Server thread/TRACE] [MineFactoryReloaded|CompatThermalExpansion/MineFactoryReloaded|CompatThermalExpansion]: Sent event FMLConstructionEvent to mod MineFactoryReloaded|CompatThermalExpansion
[14:13:41] [Server thread/DEBUG] [FML/]: Bar Step: Construction - MFR Compat: Thermal Expansion took 0,004s
[14:13:41] [Server thread/TRACE] [MineFactoryReloaded|CompatVanilla/MineFactoryReloaded|CompatVanilla]: Sending event FMLConstructionEvent to mod MineFactoryReloaded|CompatVanilla
[14:13:41] [Server thread/TRACE] [FML/MineFactoryReloaded|CompatVanilla]: Mod MineFactoryReloaded|CompatVanilla is using network checker : Accepting version 1.7.10R2.8.1
[14:13:41] [Server thread/TRACE] [FML/MineFactoryReloaded|CompatVanilla]: Testing mod MineFactoryReloaded|CompatVanilla to verify it accepts its own version in a remote connection
[14:13:41] [Server thread/TRACE] [FML/MineFactoryReloaded|CompatVanilla]: The mod MineFactoryReloaded|CompatVanilla accepts its own version (1.7.10R2.8.1)
[14:13:41] [Server thread/DEBUG] [FML/MineFactoryReloaded|CompatVanilla]: Attempting to inject @SidedProxy classes into MineFactoryReloaded|CompatVanilla
[14:13:41] [Server thread/TRACE] [MineFactoryReloaded|CompatVanilla/MineFactoryReloaded|CompatVanilla]: Sent event FMLConstructionEvent to mod MineFactoryReloaded|CompatVanilla
[14:13:41] [Server thread/DEBUG] [FML/]: Bar Step: Construction - MFR Compat: Vanilla took 0,011s
[14:13:41] [Server thread/TRACE] [modtweaker2/modtweaker2]: Sending event FMLConstructionEvent to mod modtweaker2
[14:13:41] [Server thread/TRACE] [FML/modtweaker2]: Mod modtweaker2 is using network checker : Accepting version 0.9.6
[14:13:41] [Server thread/TRACE] [FML/modtweaker2]: Testing mod modtweaker2 to verify it accepts its own version in a remote connection
[14:13:41] [Server thread/TRACE] [FML/modtweaker2]: The mod modtweaker2 accepts its own version (0.9.6)
[14:13:41] [Server thread/DEBUG] [FML/modtweaker2]: Attempting to inject @SidedProxy classes into modtweaker2
[14:13:41] [Server thread/TRACE] [modtweaker2/modtweaker2]: Sent event FMLConstructionEvent to mod modtweaker2
[14:13:41] [Server thread/DEBUG] [FML/]: Bar Step: Construction - Mod Tweaker 2 took 0,005s
[14:13:41] [Server thread/TRACE] [Monoblocks/Monoblocks]: Sending event FMLConstructionEvent to mod Monoblocks
[14:13:41] [Server thread/TRACE] [FML/Monoblocks]: Mod Monoblocks is using network checker : Accepting version 11.6
[14:13:41] [Server thread/TRACE] [FML/Monoblocks]: Testing mod Monoblocks to verify it accepts its own version in a remote connection
[14:13:41] [Server thread/TRACE] [FML/Monoblocks]: The mod Monoblocks accepts its own version (11.6)
[14:13:41] [Server thread/DEBUG] [FML/Monoblocks]: Attempting to inject @SidedProxy classes into Monoblocks
[14:13:41] [Server thread/TRACE] [Monoblocks/Monoblocks]: Sent event FMLConstructionEvent to mod Monoblocks
[14:13:41] [Server thread/DEBUG] [FML/]: Bar Step: Construction - �cMonoblocks took 0,016s
[14:13:41] [Server thread/TRACE] [MonoblocksMultipart/MonoblocksMultipart]: Sending event FMLConstructionEvent to mod MonoblocksMultipart
[14:13:41] [Server thread/TRACE] [FML/MonoblocksMultipart]: Mod MonoblocksMultipart is using network checker : Accepting version 11.6
[14:13:41] [Server thread/TRACE] [FML/MonoblocksMultipart]: Testing mod MonoblocksMultipart to verify it accepts its own version in a remote connection
[14:13:41] [Server thread/TRACE] [FML/MonoblocksMultipart]: The mod MonoblocksMultipart accepts its own version (11.6)
[14:13:41] [Server thread/DEBUG] [FML/MonoblocksMultipart]: Attempting to inject @SidedProxy classes into MonoblocksMultipart
[14:13:41] [Server thread/TRACE] [MonoblocksMultipart/MonoblocksMultipart]: Sent event FMLConstructionEvent to mod MonoblocksMultipart
[14:13:41] [Server thread/DEBUG] [FML/]: Bar Step: Construction - MonoblocksMultipart took 0,004s
[14:13:41] [Server thread/TRACE] [cfm/cfm]: Sending event FMLConstructionEvent to mod cfm
[14:13:41] [Server thread/TRACE] [FML/cfm]: Mod cfm is using network checker : Accepting version 3.4.7
[14:13:41] [Server thread/TRACE] [FML/cfm]: Testing mod cfm to verify it accepts its own version in a remote connection
[14:13:41] [Server thread/TRACE] [FML/cfm]: The mod cfm accepts its own version (3.4.7)
[14:13:41] [Server thread/DEBUG] [FML/cfm]: Attempting to inject @SidedProxy classes into cfm
[14:13:41] [Server thread/TRACE] [cfm/cfm]: Sent event FMLConstructionEvent to mod cfm
[14:13:41] [Server thread/DEBUG] [FML/]: Bar Step: Construction - �9MrCrayfish's Furniture Mod took 0,031s
[14:13:41] [Server thread/TRACE] [NuclearCraft/NuclearCraft]: Sending event FMLConstructionEvent to mod NuclearCraft
[14:13:41] [Server thread/TRACE] [FML/NuclearCraft]: Mod NuclearCraft is using network checker : Accepting version 1.9g
[14:13:41] [Server thread/TRACE] [FML/NuclearCraft]: Testing mod NuclearCraft to verify it accepts its own version in a remote connection
[14:13:41] [Server thread/TRACE] [FML/NuclearCraft]: The mod NuclearCraft accepts its own version (1.9g)
[14:13:41] [Server thread/DEBUG] [FML/NuclearCraft]: Attempting to inject @SidedProxy classes into NuclearCraft
[14:13:41] [Server thread/TRACE] [NuclearCraft/NuclearCraft]: Sent event FMLConstructionEvent to mod NuclearCraft
[14:13:41] [Server thread/DEBUG] [FML/]: Bar Step: Construction - NuclearCraft took 0,073s
[14:13:41] [Server thread/TRACE] [OpenMods/OpenMods]: Sending event FMLConstructionEvent to mod OpenMods
[14:13:41] [Server thread/TRACE] [FML/OpenMods]: Mod OpenMods is using network checker : Accepting version 0.10.1
[14:13:41] [Server thread/TRACE] [FML/OpenMods]: Testing mod OpenMods to verify it accepts its own version in a remote connection
[14:13:41] [Server thread/TRACE] [FML/OpenMods]: The mod OpenMods accepts its own version (0.10.1)
[14:13:41] [Server thread/DEBUG] [FML/OpenMods]: Attempting to inject @SidedProxy classes into OpenMods
[14:13:41] [Server thread/TRACE] [OpenMods/OpenMods]: Sent event FMLConstructionEvent to mod OpenMods
[14:13:41] [Server thread/DEBUG] [FML/]: Bar Step: Construction - OpenMods took 0,011s
[14:13:41] [Server thread/TRACE] [OpenBlocks/OpenBlocks]: Sending event FMLConstructionEvent to mod OpenBlocks
[14:13:41] [Server thread/TRACE] [FML/OpenBlocks]: Mod OpenBlocks is using network checker : Accepting version 1.6
[14:13:41] [Server thread/TRACE] [FML/OpenBlocks]: Testing mod OpenBlocks to verify it accepts its own version in a remote connection
[14:13:41] [Server thread/TRACE] [FML/OpenBlocks]: The mod OpenBlocks accepts its own version (1.6)
[14:13:41] [Server thread/DEBUG] [FML/OpenBlocks]: Attempting to inject @SidedProxy classes into OpenBlocks
[14:13:41] [Server thread/TRACE] [OpenBlocks/OpenBlocks]: Sent event FMLConstructionEvent to mod OpenBlocks
[14:13:41] [Server thread/DEBUG] [FML/]: Bar Step: Construction - OpenBlocks took 0,040s
[14:13:41] [Server thread/TRACE] [ProjRed|Transmission/ProjRed|Transmission]: Sending event FMLConstructionEvent to mod ProjRed|Transmission
[14:13:41] [Server thread/TRACE] [FML/ProjRed|Transmission]: Mod ProjRed|Transmission is using network checker : Accepting version 4.7.0pre12.95
[14:13:41] [Server thread/TRACE] [FML/ProjRed|Transmission]: Testing mod ProjRed|Transmission to verify it accepts its own version in a remote connection
[14:13:41] [Server thread/TRACE] [FML/ProjRed|Transmission]: The mod ProjRed|Transmission accepts its own version (4.7.0pre12.95)
[14:13:41] [Server thread/DEBUG] [FML/ProjRed|Transmission]: Attempting to inject @SidedProxy classes into ProjRed|Transmission
[14:13:41] [Server thread/TRACE] [ProjRed|Transmission/ProjRed|Transmission]: Sent event FMLConstructionEvent to mod ProjRed|Transmission
[14:13:41] [Server thread/DEBUG] [FML/]: Bar Step: Construction - ProjectRed Transmission took 0,018s
[14:13:41] [Server thread/TRACE] [OpenComputers/OpenComputers]: Sending event FMLConstructionEvent to mod OpenComputers
[14:13:41] [Server thread/TRACE] [FML/OpenComputers]: Mod OpenComputers is using network checker : Accepting version 1.8.7
[14:13:41] [Server thread/TRACE] [FML/OpenComputers]: Testing mod OpenComputers to verify it accepts its own version in a remote connection
[14:13:41] [Server thread/TRACE] [FML/OpenComputers]: The mod OpenComputers accepts its own version (1.8.7)
[14:13:41] [Server thread/DEBUG] [FML/OpenComputers]: Attempting to inject @SidedProxy classes into OpenComputers
[14:13:41] [Server thread/TRACE] [OpenComputers/OpenComputers]: Sent event FMLConstructionEvent to mod OpenComputers
[14:13:41] [Server thread/DEBUG] [FML/]: Bar Step: Construction - OpenComputers took 0,234s
[14:13:41] [Server thread/TRACE] [openmodularturrets/openmodularturrets]: Sending event FMLConstructionEvent to mod openmodularturrets
[14:13:41] [Server thread/TRACE] [FML/openmodularturrets]: Mod openmodularturrets is using network checker : Accepting version 1.7.10-2.3.7
[14:13:41] [Server thread/TRACE] [FML/openmodularturrets]: Testing mod openmodularturrets to verify it accepts its own version in a remote connection
[14:13:41] [Server thread/TRACE] [FML/openmodularturrets]: The mod openmodularturrets accepts its own version (1.7.10-2.3.7)
[14:13:41] [Server thread/DEBUG] [FML/openmodularturrets]: Attempting to inject @SidedProxy classes into openmodularturrets
[14:13:41] [Server thread/TRACE] [openmodularturrets/openmodularturrets]: Sent event FMLConstructionEvent to mod openmodularturrets
[14:13:41] [Server thread/DEBUG] [FML/]: Bar Step: Construction - Open Modular Turrets took 0,010s
[14:13:41] [Server thread/TRACE] [OpenPeripheralCore/OpenPeripheralCore]: Sending event FMLConstructionEvent to mod OpenPeripheralCore
[14:13:41] [Server thread/TRACE] [FML/OpenPeripheralCore]: Mod OpenPeripheralCore is using network checker : No network checking performed
[14:13:41] [Server thread/TRACE] [FML/OpenPeripheralCore]: Testing mod OpenPeripheralCore to verify it accepts its own version in a remote connection
[14:13:41] [Server thread/TRACE] [FML/OpenPeripheralCore]: The mod OpenPeripheralCore accepts its own version (1.4)
[14:13:41] [Server thread/DEBUG] [FML/OpenPeripheralCore]: Attempting to inject @SidedProxy classes into OpenPeripheralCore
[14:13:41] [Server thread/INFO] [OpenMods/OpenPeripheralCore]: openperipheral.ApiSetup.installProviderAccess(ApiSetup.java:84): OPC API v. 3.4.2 provideded by OpenPeripheralCore, (ApiAccess source: jar:file:/home/deck/Desktop/server/mods/OpenPeripheralCore-1.7.10-1.4.jar!/openperipheral/api/ApiAccess.class)
[14:13:41] [Server thread/TRACE] [OpenPeripheralCore/OpenPeripheralCore]: Sent event FMLConstructionEvent to mod OpenPeripheralCore
[14:13:41] [Server thread/DEBUG] [FML/]: Bar Step: Construction - OpenPeripheralCore took 0,198s
[14:13:41] [Server thread/TRACE] [OpenPeripheral/OpenPeripheral]: Sending event FMLConstructionEvent to mod OpenPeripheral
[14:13:41] [Server thread/TRACE] [FML/OpenPeripheral]: Mod OpenPeripheral is using network checker : Accepting version 0.6
[14:13:41] [Server thread/TRACE] [FML/OpenPeripheral]: Testing mod OpenPeripheral to verify it accepts its own version in a remote connection
[14:13:41] [Server thread/TRACE] [FML/OpenPeripheral]: The mod OpenPeripheral accepts its own version (0.6)
[14:13:41] [Server thread/DEBUG] [FML/OpenPeripheral]: Attempting to inject @SidedProxy classes into OpenPeripheral
[14:13:41] [Server thread/TRACE] [OpenPeripheral/OpenPeripheral]: Sent event FMLConstructionEvent to mod OpenPeripheral
[14:13:41] [Server thread/DEBUG] [FML/]: Bar Step: Construction - OpenPeripheralAddons took 0,011s
[14:13:41] [Server thread/TRACE] [OpenPeripheralIntegration/OpenPeripheralIntegration]: Sending event FMLConstructionEvent to mod OpenPeripheralIntegration
[14:13:41] [Server thread/TRACE] [FML/OpenPeripheralIntegration]: Mod OpenPeripheralIntegration is using network checker : No network checking performed
[14:13:41] [Server thread/TRACE] [FML/OpenPeripheralIntegration]: Testing mod OpenPeripheralIntegration to verify it accepts its own version in a remote connection
[14:13:41] [Server thread/TRACE] [FML/OpenPeripheralIntegration]: The mod OpenPeripheralIntegration accepts its own version (0.6)
[14:13:41] [Server thread/DEBUG] [FML/OpenPeripheralIntegration]: Attempting to inject @SidedProxy classes into OpenPeripheralIntegration
[14:13:41] [Server thread/TRACE] [OpenPeripheralIntegration/OpenPeripheralIntegration]: Sent event FMLConstructionEvent to mod OpenPeripheralIntegration
[14:13:41] [Server thread/DEBUG] [FML/]: Bar Step: Construction - OpenPeripheralIntegration took 0,007s
[14:13:41] [Server thread/TRACE] [opensecurity/opensecurity]: Sending event FMLConstructionEvent to mod opensecurity
[14:13:41] [Server thread/TRACE] [FML/opensecurity]: Mod opensecurity is using network checker : Accepting version 1.0.117
[14:13:41] [Server thread/TRACE] [FML/opensecurity]: Testing mod opensecurity to verify it accepts its own version in a remote connection
[14:13:41] [Server thread/TRACE] [FML/opensecurity]: The mod opensecurity accepts its own version (1.0.117)
[14:13:41] [Server thread/DEBUG] [FML/opensecurity]: Attempting to inject @SidedProxy classes into opensecurity
[14:13:41] [Server thread/TRACE] [opensecurity/opensecurity]: Sent event FMLConstructionEvent to mod opensecurity
[14:13:41] [Server thread/DEBUG] [FML/]: Bar Step: Construction - OpenSecurity took 0,007s
[14:13:41] [Server thread/TRACE] [p455w0rdslib/p455w0rdslib]: Sending event FMLConstructionEvent to mod p455w0rdslib
[14:13:41] [Server thread/TRACE] [FML/p455w0rdslib]: Mod p455w0rdslib is using network checker : Accepting version 1.0.4
[14:13:41] [Server thread/TRACE] [FML/p455w0rdslib]: Testing mod p455w0rdslib to verify it accepts its own version in a remote connection
[14:13:41] [Server thread/TRACE] [FML/p455w0rdslib]: The mod p455w0rdslib accepts its own version (1.0.4)
[14:13:41] [Server thread/DEBUG] [FML/p455w0rdslib]: Attempting to inject @SidedProxy classes into p455w0rdslib
[14:13:41] [Server thread/TRACE] [p455w0rdslib/p455w0rdslib]: Sent event FMLConstructionEvent to mod p455w0rdslib
[14:13:41] [Server thread/DEBUG] [FML/]: Bar Step: Construction - p455w0rd's Library took 0,004s
[14:13:41] [Server thread/TRACE] [physica/physica]: Sending event FMLConstructionEvent to mod physica
[14:13:41] [Server thread/TRACE] [FML/physica]: Mod physica is using network checker : Accepting version 1.7.10-1.5.6-0
[14:13:41] [Server thread/TRACE] [FML/physica]: Testing mod physica to verify it accepts its own version in a remote connection
[14:13:41] [Server thread/TRACE] [FML/physica]: The mod physica accepts its own version (1.7.10-1.5.6-0)
[14:13:41] [Server thread/DEBUG] [FML/physica]: Attempting to inject @SidedProxy classes into physica
[14:13:41] [Server thread/TRACE] [physica/physica]: Sent event FMLConstructionEvent to mod physica
[14:13:41] [Server thread/DEBUG] [FML/]: Bar Step: Construction - Physica took 0,013s
[14:13:41] [Server thread/TRACE] [physicanuclearphysics/physicanuclearphysics]: Sending event FMLConstructionEvent to mod physicanuclearphysics
[14:13:41] [Server thread/TRACE] [FML/physicanuclearphysics]: Mod physicanuclearphysics is using network checker : Accepting version 1.7.10-1.5.6-0
[14:13:41] [Server thread/TRACE] [FML/physicanuclearphysics]: Testing mod physicanuclearphysics to verify it accepts its own version in a remote connection
[14:13:41] [Server thread/TRACE] [FML/physicanuclearphysics]: The mod physicanuclearphysics accepts its own version (1.7.10-1.5.6-0)
[14:13:41] [Server thread/DEBUG] [FML/physicanuclearphysics]: Attempting to inject @SidedProxy classes into physicanuclearphysics
[14:13:41] [Server thread/TRACE] [physicanuclearphysics/physicanuclearphysics]: Sent event FMLConstructionEvent to mod physicanuclearphysics
[14:13:41] [Server thread/DEBUG] [FML/]: Bar Step: Construction - PhysicaNuclearPhysics took 0,008s
[14:13:41] [Server thread/TRACE] [PowerConverters3/PowerConverters3]: Sending event FMLConstructionEvent to mod PowerConverters3
[14:13:41] [Server thread/TRACE] [FML/PowerConverters3]: Mod PowerConverters3 is using network checker : Accepting version 1.7.10-2.11
[14:13:41] [Server thread/TRACE] [FML/PowerConverters3]: Testing mod PowerConverters3 to verify it accepts its own version in a remote connection
[14:13:41] [Server thread/TRACE] [FML/PowerConverters3]: The mod PowerConverters3 accepts its own version (1.7.10-2.11)
[14:13:41] [Server thread/DEBUG] [FML/PowerConverters3]: Attempting to inject @SidedProxy classes into PowerConverters3
[14:13:41] [Server thread/TRACE] [PowerConverters3/PowerConverters3]: Sent event FMLConstructionEvent to mod PowerConverters3
[14:13:41] [Server thread/DEBUG] [FML/]: Bar Step: Construction - Power Converters 3 took 0,004s
[14:13:41] [Server thread/TRACE] [pressure/pressure]: Sending event FMLConstructionEvent to mod pressure
[14:13:41] [Server thread/TRACE] [FML/pressure]: Mod pressure is using network checker : Accepting version 1.3.0.fix1
[14:13:41] [Server thread/TRACE] [FML/pressure]: Testing mod pressure to verify it accepts its own version in a remote connection
[14:13:41] [Server thread/TRACE] [FML/pressure]: The mod pressure accepts its own version (1.3.0.fix1)
[14:13:41] [Server thread/DEBUG] [FML/pressure]: Attempting to inject @SidedProxy classes into pressure
[14:13:41] [Server thread/TRACE] [pressure/pressure]: Sent event FMLConstructionEvent to mod pressure
[14:13:41] [Server thread/DEBUG] [FML/]: Bar Step: Construction - Pressure Pipes took 0,018s
[14:13:41] [Server thread/TRACE] [ProjRed|Transportation/ProjRed|Transportation]: Sending event FMLConstructionEvent to mod ProjRed|Transportation
[14:13:41] [Server thread/TRACE] [FML/ProjRed|Transportation]: Mod ProjRed|Transportation is using network checker : Accepting version 4.7.0pre12.95
[14:13:41] [Server thread/TRACE] [FML/ProjRed|Transportation]: Testing mod ProjRed|Transportation to verify it accepts its own version in a remote connection
[14:13:41] [Server thread/TRACE] [FML/ProjRed|Transportation]: The mod ProjRed|Transportation accepts its own version (4.7.0pre12.95)
[14:13:41] [Server thread/DEBUG] [FML/ProjRed|Transportation]: Attempting to inject @SidedProxy classes into ProjRed|Transportation
[14:13:41] [Server thread/TRACE] [ProjRed|Transportation/ProjRed|Transportation]: Sent event FMLConstructionEvent to mod ProjRed|Transportation
[14:13:41] [Server thread/DEBUG] [FML/]: Bar Step: Construction - ProjectRed Transportation took 0,014s
[14:13:41] [Server thread/TRACE] [ProjRed|Compatibility/ProjRed|Compatibility]: Sending event FMLConstructionEvent to mod ProjRed|Compatibility
[14:13:42] [Server thread/TRACE] [FML/ProjRed|Compatibility]: Mod ProjRed|Compatibility is using network checker : Accepting version 4.7.0pre12.95
[14:13:42] [Server thread/TRACE] [FML/ProjRed|Compatibility]: Testing mod ProjRed|Compatibility to verify it accepts its own version in a remote connection
[14:13:42] [Server thread/TRACE] [FML/ProjRed|Compatibility]: The mod ProjRed|Compatibility accepts its own version (4.7.0pre12.95)
[14:13:42] [Server thread/DEBUG] [FML/ProjRed|Compatibility]: Attempting to inject @SidedProxy classes into ProjRed|Compatibility
[14:13:42] [Server thread/TRACE] [ProjRed|Compatibility/ProjRed|Compatibility]: Sent event FMLConstructionEvent to mod ProjRed|Compatibility
[14:13:42] [Server thread/DEBUG] [FML/]: Bar Step: Construction - ProjectRed Compatibility took 0,179s
[14:13:42] [Server thread/TRACE] [ProjRed|Integration/ProjRed|Integration]: Sending event FMLConstructionEvent to mod ProjRed|Integration
[14:13:42] [Server thread/TRACE] [FML/ProjRed|Integration]: Mod ProjRed|Integration is using network checker : Accepting version 4.7.0pre12.95
[14:13:42] [Server thread/TRACE] [FML/ProjRed|Integration]: Testing mod ProjRed|Integration to verify it accepts its own version in a remote connection
[14:13:42] [Server thread/TRACE] [FML/ProjRed|Integration]: The mod ProjRed|Integration accepts its own version (4.7.0pre12.95)
[14:13:42] [Server thread/DEBUG] [FML/ProjRed|Integration]: Attempting to inject @SidedProxy classes into ProjRed|Integration
[14:13:42] [Server thread/TRACE] [ProjRed|Integration/ProjRed|Integration]: Sent event FMLConstructionEvent to mod ProjRed|Integration
[14:13:42] [Server thread/DEBUG] [FML/]: Bar Step: Construction - ProjectRed Integration took 0,009s
[14:13:42] [Server thread/TRACE] [ProjRed|Fabrication/ProjRed|Fabrication]: Sending event FMLConstructionEvent to mod ProjRed|Fabrication
[14:13:42] [Server thread/TRACE] [FML/ProjRed|Fabrication]: Mod ProjRed|Fabrication is using network checker : Accepting version 4.7.0pre12.95
[14:13:42] [Server thread/TRACE] [FML/ProjRed|Fabrication]: Testing mod ProjRed|Fabrication to verify it accepts its own version in a remote connection
[14:13:42] [Server thread/TRACE] [FML/ProjRed|Fabrication]: The mod ProjRed|Fabrication accepts its own version (4.7.0pre12.95)
[14:13:42] [Server thread/DEBUG] [FML/ProjRed|Fabrication]: Attempting to inject @SidedProxy classes into ProjRed|Fabrication
[14:13:42] [Server thread/TRACE] [ProjRed|Fabrication/ProjRed|Fabrication]: Sent event FMLConstructionEvent to mod ProjRed|Fabrication
[14:13:42] [Server thread/DEBUG] [FML/]: Bar Step: Construction - ProjectRed Fabrication took 0,012s
[14:13:42] [Server thread/TRACE] [ProjRed|Illumination/ProjRed|Illumination]: Sending event FMLConstructionEvent to mod ProjRed|Illumination
[14:13:42] [Server thread/TRACE] [FML/ProjRed|Illumination]: Mod ProjRed|Illumination is using network checker : Accepting version 4.7.0pre12.95
[14:13:42] [Server thread/TRACE] [FML/ProjRed|Illumination]: Testing mod ProjRed|Illumination to verify it accepts its own version in a remote connection
[14:13:42] [Server thread/TRACE] [FML/ProjRed|Illumination]: The mod ProjRed|Illumination accepts its own version (4.7.0pre12.95)
[14:13:42] [Server thread/DEBUG] [FML/ProjRed|Illumination]: Attempting to inject @SidedProxy classes into ProjRed|Illumination
[14:13:42] [Server thread/TRACE] [ProjRed|Illumination/ProjRed|Illumination]: Sent event FMLConstructionEvent to mod ProjRed|Illumination
[14:13:42] [Server thread/DEBUG] [FML/]: Bar Step: Construction - ProjectRed Illumination took 0,017s
[14:13:42] [Server thread/TRACE] [ProjRed|Expansion/ProjRed|Expansion]: Sending event FMLConstructionEvent to mod ProjRed|Expansion
[14:13:42] [Server thread/TRACE] [FML/ProjRed|Expansion]: Mod ProjRed|Expansion is using network checker : Accepting version 4.7.0pre12.95
[14:13:42] [Server thread/TRACE] [FML/ProjRed|Expansion]: Testing mod ProjRed|Expansion to verify it accepts its own version in a remote connection
[14:13:42] [Server thread/TRACE] [FML/ProjRed|Expansion]: The mod ProjRed|Expansion accepts its own version (4.7.0pre12.95)
[14:13:42] [Server thread/DEBUG] [FML/ProjRed|Expansion]: Attempting to inject @SidedProxy classes into ProjRed|Expansion
[14:13:42] [Server thread/TRACE] [ProjRed|Expansion/ProjRed|Expansion]: Sent event FMLConstructionEvent to mod ProjRed|Expansion
[14:13:42] [Server thread/DEBUG] [FML/]: Bar Step: Construction - ProjectRed Expansion took 0,023s
[14:13:42] [Server thread/TRACE] [ResourceLoader/ResourceLoader]: Sending event FMLConstructionEvent to mod ResourceLoader
[14:13:42] [Server thread/TRACE] [FML/ResourceLoader]: Mod ResourceLoader is using network checker : Accepting version 1.3
[14:13:42] [Server thread/TRACE] [FML/ResourceLoader]: Testing mod ResourceLoader to verify it accepts its own version in a remote connection
[14:13:42] [Server thread/TRACE] [FML/ResourceLoader]: The mod ResourceLoader accepts its own version (1.3)
[14:13:42] [Server thread/DEBUG] [FML/ResourceLoader]: Attempting to inject @SidedProxy classes into ResourceLoader
[14:13:42] [Server thread/TRACE] [ResourceLoader/ResourceLoader]: Sent event FMLConstructionEvent to mod ResourceLoader
[14:13:42] [Server thread/DEBUG] [FML/]: Bar Step: Construction - Resource Loader took 0,004s
[14:13:42] [Server thread/TRACE] [rftools/rftools]: Sending event FMLConstructionEvent to mod rftools
[14:13:42] [Server thread/TRACE] [FML/rftools]: Mod rftools is using network checker : Accepting version 4.23
[14:13:42] [Server thread/TRACE] [FML/rftools]: Testing mod rftools to verify it accepts its own version in a remote connection
[14:13:42] [Server thread/TRACE] [FML/rftools]: The mod rftools accepts its own version (4.23)
[14:13:42] [Server thread/DEBUG] [FML/rftools]: Attempting to inject @SidedProxy classes into rftools
[14:13:42] [Server thread/TRACE] [rftools/rftools]: Sent event FMLConstructionEvent to mod rftools
[14:13:42] [Server thread/DEBUG] [FML/]: Bar Step: Construction - RFTools took 0,020s
[14:13:42] [Server thread/TRACE] [signpic/signpic]: Sending event FMLConstructionEvent to mod signpic
[14:13:42] [Server thread/TRACE] [FML/signpic]: Mod signpic is using network checker : Invoking method checkModList
[14:13:42] [Server thread/TRACE] [FML/signpic]: Testing mod signpic to verify it accepts its own version in a remote connection
[14:13:42] [Server thread/TRACE] [FML/signpic]: The mod signpic accepts its own version (2.8.0)
[14:13:42] [Server thread/DEBUG] [FML/signpic]: Attempting to inject @SidedProxy classes into signpic
[14:13:42] [Server thread/TRACE] [signpic/signpic]: Sent event FMLConstructionEvent to mod signpic
[14:13:42] [Server thread/DEBUG] [FML/]: Bar Step: Construction - SignPicture took 0,005s
[14:13:42] [Server thread/TRACE] [spark/spark]: Sending event FMLConstructionEvent to mod spark
[14:13:42] [Server thread/TRACE] [FML/spark]: Mod spark is using network checker : No network checking performed
[14:13:42] [Server thread/TRACE] [FML/spark]: Testing mod spark to verify it accepts its own version in a remote connection
[14:13:42] [Server thread/TRACE] [FML/spark]: The mod spark accepts its own version (1.10.35)
[14:13:42] [Server thread/DEBUG] [FML/spark]: Attempting to inject @SidedProxy classes into spark
[14:13:42] [Server thread/TRACE] [spark/spark]: Sent event FMLConstructionEvent to mod spark
[14:13:42] [Server thread/DEBUG] [FML/]: Bar Step: Construction - spark took 0,004s
[14:13:42] [Server thread/TRACE] [StorageDrawers/StorageDrawers]: Sending event FMLConstructionEvent to mod StorageDrawers
[14:13:42] [Server thread/TRACE] [FML/StorageDrawers]: Mod StorageDrawers is using network checker : Accepting version 1.7.10-1.10.9
[14:13:42] [Server thread/TRACE] [FML/StorageDrawers]: Testing mod StorageDrawers to verify it accepts its own version in a remote connection
[14:13:42] [Server thread/TRACE] [FML/StorageDrawers]: The mod StorageDrawers accepts its own version (1.7.10-1.10.9)
[14:13:42] [Server thread/DEBUG] [FML/StorageDrawers]: Attempting to inject @SidedProxy classes into StorageDrawers
[14:13:42] [Server thread/TRACE] [StorageDrawers/StorageDrawers]: Sent event FMLConstructionEvent to mod StorageDrawers
[14:13:42] [Server thread/DEBUG] [FML/]: Bar Step: Construction - Storage Drawers took 0,079s
[14:13:42] [Server thread/TRACE] [svm/svm]: Sending event FMLConstructionEvent to mod svm
[14:13:42] [Server thread/TRACE] [FML/svm]: Mod svm is using network checker : Accepting version 1.7.10-2.1.0
[14:13:42] [Server thread/TRACE] [FML/svm]: Testing mod svm to verify it accepts its own version in a remote connection
[14:13:42] [Server thread/TRACE] [FML/svm]: The mod svm accepts its own version (1.7.10-2.1.0)
[14:13:42] [Server thread/DEBUG] [FML/svm]: Attempting to inject @SidedProxy classes into svm
[14:13:42] [Server thread/TRACE] [svm/svm]: Sent event FMLConstructionEvent to mod svm
[14:13:42] [Server thread/DEBUG] [FML/]: Bar Step: Construction - Saracalia's Vehicle Mod took 0,035s
[14:13:42] [Server thread/TRACE] [ThermalDynamics/ThermalDynamics]: Sending event FMLConstructionEvent to mod ThermalDynamics
[14:13:42] [Server thread/TRACE] [FML/ThermalDynamics]: Mod ThermalDynamics is using network checker : Invoking method networkCheck
[14:13:42] [Server thread/TRACE] [FML/ThermalDynamics]: Testing mod ThermalDynamics to verify it accepts its own version in a remote connection
[14:13:42] [Server thread/TRACE] [FML/ThermalDynamics]: The mod ThermalDynamics accepts its own version (1.7.10R1.2.1)
[14:13:42] [Server thread/DEBUG] [FML/ThermalDynamics]: Attempting to inject @SidedProxy classes into ThermalDynamics
[14:13:42] [Server thread/TRACE] [ThermalDynamics/ThermalDynamics]: Sent event FMLConstructionEvent to mod ThermalDynamics
[14:13:42] [Server thread/DEBUG] [FML/]: Bar Step: Construction - Thermal Dynamics took 0,036s
[14:13:42] [Server thread/TRACE] [WailaHarvestability/WailaHarvestability]: Sending event FMLConstructionEvent to mod WailaHarvestability
[14:13:42] [Server thread/TRACE] [FML/WailaHarvestability]: Mod WailaHarvestability is using network checker : No network checking performed
[14:13:42] [Server thread/TRACE] [FML/WailaHarvestability]: Testing mod WailaHarvestability to verify it accepts its own version in a remote connection
[14:13:42] [Server thread/TRACE] [FML/WailaHarvestability]: The mod WailaHarvestability accepts its own version (1.1.6)
[14:13:42] [Server thread/DEBUG] [FML/WailaHarvestability]: Attempting to inject @SidedProxy classes into WailaHarvestability
[14:13:42] [Server thread/TRACE] [WailaHarvestability/WailaHarvestability]: Sent event FMLConstructionEvent to mod WailaHarvestability
[14:13:42] [Server thread/DEBUG] [FML/]: Bar Step: Construction - Waila Harvestability took 0,002s
[14:13:42] [Server thread/TRACE] [waystones/waystones]: Sending event FMLConstructionEvent to mod waystones
[14:13:42] [Server thread/TRACE] [FML/waystones]: Mod waystones is using network checker : Accepting version 1.0.12
[14:13:42] [Server thread/TRACE] [FML/waystones]: Testing mod waystones to verify it accepts its own version in a remote connection
[14:13:42] [Server thread/TRACE] [FML/waystones]: The mod waystones accepts its own version (1.0.12)
[14:13:42] [Server thread/DEBUG] [FML/waystones]: Attempting to inject @SidedProxy classes into waystones
[14:13:42] [Server thread/TRACE] [waystones/waystones]: Sent event FMLConstructionEvent to mod waystones
[14:13:42] [Server thread/DEBUG] [FML/]: Bar Step: Construction - Waystones took 0,014s
[14:13:42] [Server thread/TRACE] [ae2wct/ae2wct]: Sending event FMLConstructionEvent to mod ae2wct
[14:13:42] [Server thread/TRACE] [FML/ae2wct]: Mod ae2wct is using network checker : Accepting version 1.7.10-rv3-1.8.7.4b
[14:13:42] [Server thread/TRACE] [FML/ae2wct]: Testing mod ae2wct to verify it accepts its own version in a remote connection
[14:13:42] [Server thread/TRACE] [FML/ae2wct]: The mod ae2wct accepts its own version (1.7.10-rv3-1.8.7.4b)
[14:13:42] [Server thread/DEBUG] [FML/ae2wct]: Attempting to inject @SidedProxy classes into ae2wct
[14:13:42] [Server thread/TRACE] [ae2wct/ae2wct]: Sent event FMLConstructionEvent to mod ae2wct
[14:13:42] [Server thread/DEBUG] [FML/]: Bar Step: Construction - AE2 Wireless Crafting Terminal took 0,224s
[14:13:42] [Server thread/TRACE] [worldedit/worldedit]: Sending event FMLConstructionEvent to mod worldedit
[14:13:42] [Server thread/TRACE] [FML/worldedit]: Mod worldedit is using network checker : No network checking performed
[14:13:42] [Server thread/TRACE] [FML/worldedit]: Testing mod worldedit to verify it accepts its own version in a remote connection
[14:13:42] [Server thread/TRACE] [FML/worldedit]: The mod worldedit accepts its own version (6.1.1)
[14:13:42] [Server thread/DEBUG] [FML/worldedit]: Attempting to inject @SidedProxy classes into worldedit
[14:13:42] [Server thread/TRACE] [worldedit/worldedit]: Sent event FMLConstructionEvent to mod worldedit
[14:13:42] [Server thread/DEBUG] [FML/]: Bar Step: Construction - WorldEdit took 0,068s
[14:13:42] [Server thread/TRACE] [McMultipart/McMultipart]: Sending event FMLConstructionEvent to mod McMultipart
[14:13:42] [Server thread/TRACE] [FML/McMultipart]: Mod McMultipart is using network checker : Accepting version 1.2.0.345
[14:13:42] [Server thread/TRACE] [FML/McMultipart]: Testing mod McMultipart to verify it accepts its own version in a remote connection
[14:13:42] [Server thread/TRACE] [FML/McMultipart]: The mod McMultipart accepts its own version (1.2.0.345)
[14:13:42] [Server thread/DEBUG] [FML/McMultipart]: Attempting to inject @SidedProxy classes into McMultipart
[14:13:42] [Server thread/TRACE] [McMultipart/McMultipart]: Sent event FMLConstructionEvent to mod McMultipart
[14:13:42] [Server thread/DEBUG] [FML/]: Bar Step: Construction - Minecraft Multipart Plugin took 0,001s
[14:13:42] [Server thread/TRACE] [ForgeRelocation/ForgeRelocation]: Sending event FMLConstructionEvent to mod ForgeRelocation
[14:13:42] [Server thread/TRACE] [FML/ForgeRelocation]: Mod ForgeRelocation is using network checker : Accepting version 0.0.1.4
[14:13:42] [Server thread/TRACE] [FML/ForgeRelocation]: Testing mod ForgeRelocation to verify it accepts its own version in a remote connection
[14:13:42] [Server thread/TRACE] [FML/ForgeRelocation]: The mod ForgeRelocation accepts its own version (0.0.1.4)
[14:13:42] [Server thread/DEBUG] [FML/ForgeRelocation]: Attempting to inject @SidedProxy classes into ForgeRelocation
[14:13:42] [Server thread/TRACE] [ForgeRelocation/ForgeRelocation]: Sent event FMLConstructionEvent to mod ForgeRelocation
[14:13:42] [Server thread/DEBUG] [FML/]: Bar Step: Construction - ForgeRelocation took 0,011s
[14:13:42] [Server thread/TRACE] [MCFrames/MCFrames]: Sending event FMLConstructionEvent to mod MCFrames
[14:13:42] [Server thread/TRACE] [FML/MCFrames]: Mod MCFrames is using network checker : Accepting version 1.0
[14:13:42] [Server thread/TRACE] [FML/MCFrames]: Testing mod MCFrames to verify it accepts its own version in a remote connection
[14:13:42] [Server thread/TRACE] [FML/MCFrames]: The mod MCFrames accepts its own version (1.0)
[14:13:42] [Server thread/DEBUG] [FML/MCFrames]: Attempting to inject @SidedProxy classes into MCFrames
[14:13:42] [Server thread/TRACE] [MCFrames/MCFrames]: Sent event FMLConstructionEvent to mod MCFrames
[14:13:42] [Server thread/DEBUG] [FML/]: Bar Step: Construction - MCFrames took 0,013s
[14:13:42] [Server thread/TRACE] [RelocationFMP/RelocationFMP]: Sending event FMLConstructionEvent to mod RelocationFMP
[14:13:42] [Server thread/TRACE] [FML/RelocationFMP]: Mod RelocationFMP is using network checker : Accepting version 0.0.1.2
[14:13:42] [Server thread/TRACE] [FML/RelocationFMP]: Testing mod RelocationFMP to verify it accepts its own version in a remote connection
[14:13:42] [Server thread/TRACE] [FML/RelocationFMP]: The mod RelocationFMP accepts its own version (0.0.1.2)
[14:13:42] [Server thread/DEBUG] [FML/RelocationFMP]: Attempting to inject @SidedProxy classes into RelocationFMP
[14:13:42] [Server thread/TRACE] [RelocationFMP/RelocationFMP]: Sent event FMLConstructionEvent to mod RelocationFMP
[14:13:42] [Server thread/DEBUG] [FML/]: Bar Step: Construction - RelocationFMP took 0,005s
[14:13:42] [Server thread/TRACE] [ForgeMicroblock/ForgeMicroblock]: Sending event FMLConstructionEvent to mod ForgeMicroblock
[14:13:42] [Server thread/TRACE] [FML/ForgeMicroblock]: Mod ForgeMicroblock is using network checker : Accepting version 1.2.0.345
[14:13:42] [Server thread/TRACE] [FML/ForgeMicroblock]: Testing mod ForgeMicroblock to verify it accepts its own version in a remote connection
[14:13:42] [Server thread/TRACE] [FML/ForgeMicroblock]: The mod ForgeMicroblock accepts its own version (1.2.0.345)
[14:13:42] [Server thread/DEBUG] [FML/ForgeMicroblock]: Attempting to inject @SidedProxy classes into ForgeMicroblock
[14:13:42] [Server thread/TRACE] [ForgeMicroblock/ForgeMicroblock]: Sent event FMLConstructionEvent to mod ForgeMicroblock
[14:13:42] [Server thread/DEBUG] [FML/]: Bar Step: Construction - Forge Microblocks took 0,005s
[14:13:42] [Server thread/DEBUG] [FML/]: Bar Finished: Construction took 10,836s
[14:13:42] [Server thread/DEBUG] [FML/]: Mod signature data
[14:13:42] [Server thread/DEBUG] [FML/]:  	Valid Signatures:
[14:13:42] [Server thread/DEBUG] [FML/]: 		(a0c255ac501b2749537d5824bb0f0588bf0320fa) Railcraft	(Railcraft	9.12.2.0)	Railcraft_1.7.10-9.12.2.0.jar
[14:13:42] [Server thread/DEBUG] [FML/]:  	Missing Signatures:
[14:13:42] [Server thread/DEBUG] [FML/]: 		mcp	(Minecraft Coder Pack	9.05)	minecraft.jar
[14:13:42] [Server thread/DEBUG] [FML/]: 		FML	(Forge Mod Loader	7.10.99.99)	forge-1.7.10-10.13.4.1614-1.7.10-universal.jar
[14:13:42] [Server thread/DEBUG] [FML/]: 		Forge	(Minecraft Forge	10.13.4.1614)	forge-1.7.10-10.13.4.1614-1.7.10-universal.jar
[14:13:42] [Server thread/DEBUG] [FML/]: 		AdvancedRocketryCore	(Advanced Rocketry	1)	minecraft.jar
[14:13:42] [Server thread/DEBUG] [FML/]: 		appliedenergistics2-core	(Applied Energistics 2 Core	rv3-beta-6)	minecraft.jar
[14:13:42] [Server thread/DEBUG] [FML/]: 		Aroma1997Core	(Aroma1997Core	1.0.2.16)	Aroma1997Core-1.7.10-1.0.2.16.jar
[14:13:42] [Server thread/DEBUG] [FML/]: 		CodeChickenCore	(CodeChicken Core	1.0.7.48)	minecraft.jar
[14:13:42] [Server thread/DEBUG] [FML/]: 		OpenComputers|Core	(OpenComputers (Core)	1.8.7)	minecraft.jar
[14:13:42] [Server thread/DEBUG] [FML/]: 		OpenEye	(OpenEye	0.8)	OpenEye-1.7.10-0.8.jar
[14:13:42] [Server thread/DEBUG] [FML/]: 		OpenModsCore	(OpenModsCore	0.10.1)	minecraft.jar
[14:13:42] [Server thread/DEBUG] [FML/]: 		<CoFH ASM>	(CoFH ASM	000)	minecraft.jar
[14:13:42] [Server thread/DEBUG] [FML/]: 		securitycraft	(SecurityCraft	v1.8.13)	[1.7.10] SecurityCraft v1.8.13.jar
[14:13:42] [Server thread/DEBUG] [FML/]: 		CoFHCore	(CoFH Core	1.7.10R3.1.4)	CoFHCore-[1.7.10]3.1.4-329.jar
[14:13:42] [Server thread/DEBUG] [FML/]: 		BuildCraft|Core	(BuildCraft	7.1.25)	buildcraft-7.1.25.jar
[14:13:42] [Server thread/DEBUG] [FML/]: 		BuildCraft|Energy	(BC Energy	7.1.25)	buildcraft-7.1.25.jar
[14:13:42] [Server thread/DEBUG] [FML/]: 		ActuallyAdditions	(Actually Additions	1.7.10-r21)	ActuallyAdditions-1.7.10-r21.jar
[14:13:42] [Server thread/DEBUG] [FML/]: 		BuildCraft|Silicon	(BC Silicon	7.1.25)	buildcraft-7.1.25.jar
[14:13:42] [Server thread/DEBUG] [FML/]: 		BuildCraft|Transport	(BC Transport	7.1.25)	buildcraft-7.1.25.jar
[14:13:42] [Server thread/DEBUG] [FML/]: 		BuildCraft|Factory	(BC Factory	7.1.25)	buildcraft-7.1.25.jar
[14:13:42] [Server thread/DEBUG] [FML/]: 		additionalpipes	(Additional Pipes	4.7.7)	additionalpipes-4.7.7.jar
[14:13:42] [Server thread/DEBUG] [FML/]: 		libVulpes	(libVulpes	0.2.8.-37)	LibVulpes-1.7.10-0.2.8-37-universal.jar
[14:13:42] [Server thread/DEBUG] [FML/]: 		advancedRocketry	(Advanced Rocketry	1.4.0-32)	AdvancedRocketry-1.7.10-1.4.0-32.jar
[14:13:42] [Server thread/DEBUG] [FML/]: 		appliedenergistics2	(Applied Energistics 2	rv3-beta-6)	appliedenergistics2-rv3-beta-6.jar
[14:13:42] [Server thread/DEBUG] [FML/]: 		bdlib	(BD Lib	1.9.5.1)	bdlib-1.9.5.1-mc1.7.10.jar
[14:13:42] [Server thread/DEBUG] [FML/]: 		ae2stuff	(AE2 Stuff	0.5.0.56)	ae2stuff-0.5.0.56-mc1.7.10.jar
[14:13:42] [Server thread/DEBUG] [FML/]: 		AirPortLight	(AirPort Light	[1.7.10]-2.4.6)	AirPort-[1.7.10]-2.4.6.jar
[14:13:42] [Server thread/DEBUG] [FML/]: 		Aroma1997CoreHelper	(Aroma1997Core|Helper	1.0.2.16)	Aroma1997Core-1.7.10-1.0.2.16.jar
[14:13:42] [Server thread/DEBUG] [FML/]: 		AromaBackup	(AromaBackup	0.1.0.0)	AromaBackup-1.7.10-0.1.0.0.jar
[14:13:42] [Server thread/DEBUG] [FML/]: 		AromaBackupRecovery	(AromaBackup Recovery	1.0)	AromaBackup-1.7.10-0.1.0.0.jar
[14:13:42] [Server thread/DEBUG] [FML/]: 		betterquesting	(Better Questing	3.0.328)	BetterQuesting-3.0.328.jar
[14:13:42] [Server thread/DEBUG] [FML/]: 		BiblioCraft	(BiblioCraft	1.11.7)	BiblioCraft[v1.11.7][MC1.7.10].jar
[14:13:42] [Server thread/DEBUG] [FML/]: 		blueice	(Blue Ice	1.0)	BlueIceV1.0.jar
[14:13:42] [Server thread/DEBUG] [FML/]: 		BrandonsCore	(Brandon's Core	1.0.0.12)	BrandonsCore-1.0.0.12.jar
[14:13:42] [Server thread/DEBUG] [FML/]: 		BuildCraft|Builders	(BC Builders	7.1.25)	buildcraft-7.1.25.jar
[14:13:42] [Server thread/DEBUG] [FML/]: 		BuildCraft|Robotics	(BC Robotics	7.1.25)	buildcraft-7.1.25.jar
[14:13:42] [Server thread/DEBUG] [FML/]: 		carbonconfig	(Carbon Config Library	1.1.3)	CarbonConfig-1.7.10-1.2.4.jar
[14:13:42] [Server thread/DEBUG] [FML/]: 		IC2	(IndustrialCraft 2	2.2.827-experimental)	industrialcraft-2-2.2.827-experimental.jar
[14:13:42] [Server thread/DEBUG] [FML/]: 		ForgeMultipart	(Forge Multipart	1.2.0.345)	ForgeMultipart-1.7.10-1.2.0.345-universal.jar
[14:13:42] [Server thread/DEBUG] [FML/]: 		chisel	(Chisel	2.9.5.11)	Chisel-2.9.5.11.jar
[14:13:42] [Server thread/DEBUG] [FML/]: 		CarpentersBlocks	(Carpenter's Blocks	3.3.8.2)	Carpenter's Blocks v3.3.8.2 - MC 1.7.10.jar
[14:13:42] [Server thread/DEBUG] [FML/]: 		ChickenChunks	(ChickenChunks	1.3.4.19)	ChickenChunks-1.7.10-1.3.4.19-universal.jar
[14:13:42] [Server thread/DEBUG] [FML/]: 		ComputerCraft	(ComputerCraft	1.75)	ComputerCraft1.75.jar
[14:13:42] [Server thread/DEBUG] [FML/]: 		cookingbook	(Cooking for Blockheads	1.0.140)	cookingbook-mc1.7.10-1.0.140.jar
[14:13:42] [Server thread/DEBUG] [FML/]: 		MineTweaker3	(MineTweaker 3	3.1.0)	CraftTweaker-1.7.10-3.1.0-legacy.jar
[14:13:42] [Server thread/DEBUG] [FML/]: 		CustomMainMenu	(Custom Main Menu	1.9.2)	CustomMainMenu-MC1.7.10-1.9.2.jar
[14:13:42] [Server thread/DEBUG] [FML/]: 		ThermalFoundation	(Thermal Foundation	1.7.10R1.2.6)	ThermalFoundation-[1.7.10]1.2.6-118.jar
[14:13:42] [Server thread/DEBUG] [FML/]: 		ThermalExpansion	(Thermal Expansion	1.7.10R4.1.5)	ThermalExpansion-[1.7.10]4.1.5-248.jar
[14:13:42] [Server thread/DEBUG] [FML/]: 		DraconicEvolution	(Draconic Evolution	1.0.2h)	Draconic-Evolution-1.7.10-1.0.2h.jar
[14:13:42] [Server thread/DEBUG] [FML/]: 		endercore	(EnderCore	1.7.10-0.2.0.40_beta)	EnderCore-1.7.10-0.2.0.40_beta.jar
[14:13:42] [Server thread/DEBUG] [FML/]: 		MineFactoryReloaded	(MineFactory Reloaded	1.7.10R2.8.1)	MineFactoryReloaded-[1.7.10]2.8.1-174.jar
[14:13:42] [Server thread/DEBUG] [FML/]: 		Waila	(Waila	1.5.10)	Waila-1.5.10_1.7.10.jar
[14:13:42] [Server thread/DEBUG] [FML/]: 		EnderIO	(Ender IO	1.7.10-2.3.0.430_beta)	EnderIO-1.7.10-2.3.0.430_beta.jar
[14:13:42] [Server thread/DEBUG] [FML/]: 		ShetiPhianCore	(ShetiPhian-Core	3.0.0)	ShetiPhianCore-1.7.10-3.0.0.jar
[14:13:42] [Server thread/DEBUG] [FML/]: 		EnderTanks	(EnderTanks	rev16-beta1)	EnderTanks-rev16-beta1.jar
[14:13:42] [Server thread/DEBUG] [FML/]: 		energycontrol	(Energy Control	1.7.10-0.3.6)	EnergyControl-1.7.10-0.3.6.jar
[14:13:42] [Server thread/DEBUG] [FML/]: 		ExtraUtilities	(Extra Utilities	1.2.12)	extrautilities-1.2.12.jar
[14:13:42] [Server thread/DEBUG] [FML/]: 		fastleafdecay	(Fast Leaf Decay	1.4)	FastLeafDecay-1.7.10-1.4.jar
[14:13:42] [Server thread/DEBUG] [FML/]: 		Forestry	(Forestry for Minecraft	4.2.16.64)	forestry_1.7.10-4.2.16.64.jar
[14:13:42] [Server thread/DEBUG] [FML/]: 		FTBL	(FTBLib	1.0.18.2)	FTBLib-1.7.10-1.0.18.3.jar
[14:13:42] [Server thread/DEBUG] [FML/]: 		FTBT	(FTB Tweaks	1.0.2)	FTBTweaks-1.0.2.jar
[14:13:42] [Server thread/DEBUG] [FML/]: 		FTBU	(FTBUtilities	1.0.18.2)	FTBUtilities-1.7.10-1.0.18.3.jar
[14:13:42] [Server thread/DEBUG] [FML/]: 		spongemixins	(SpongeMixins Loader	2.0.1)	gtnhmixins-2.1.2.jar
[14:13:42] [Server thread/DEBUG] [FML/]: 		gtnhmixins	(GTNHMixins	2.0.2)	gtnhmixins-2.1.2.jar
[14:13:42] [Server thread/DEBUG] [FML/]: 		hbm	(Hbm's Nuclear Tech	1.0.27 BETA (5193))	HBM-NTM-[1.0.27_X5193].jar
[14:13:42] [Server thread/DEBUG] [FML/]: 		IC2NuclearControl	(Nuclear Control 2	2.4.5a)	IC2NuclearControl-2.4.5a.jar
[14:13:42] [Server thread/DEBUG] [FML/]: 		ImmersiveEngineering	(Immersive Engineering	0.7.7)	ImmersiveEngineering-0.7.7.jar
[14:13:42] [Server thread/DEBUG] [FML/]: 		immersiveintegration	(Immersive Integration	0.6.8)	immersiveintegration-0.6.8.jar
[14:13:42] [Server thread/DEBUG] [FML/]: 		IndustrialPeripheral	(Industrial Peripheral	1.02)	industrialperipheral-1.7.10-1.02public-universal.jar
[14:13:42] [Server thread/DEBUG] [FML/]: 		malisiscore	(MalisisCore	1.7.10-0.14.3)	malisiscore-1.7.10-0.14.3.jar
[14:13:42] [Server thread/DEBUG] [FML/]: 		malisisdoors	(Malisis' Doors	1.7.10-1.13.2)	malisisdoors-1.7.10-1.13.2.jar
[14:13:42] [Server thread/DEBUG] [FML/]: 		Mekanism	(Mekanism	9.1.1)	Mekanism-1.7.10-9.1.1.1031.jar
[14:13:42] [Server thread/DEBUG] [FML/]: 		MekanismGenerators	(MekanismGenerators	9.1.1)	MekanismGenerators-1.7.10-9.1.1.1031.jar
[14:13:42] [Server thread/DEBUG] [FML/]: 		MekanismTools	(MekanismTools	9.1.1)	MekanismTools-1.7.10-9.1.1.1031.jar
[14:13:42] [Server thread/DEBUG] [FML/]: 		mfs	(Minecraft Flight Simulator	7.1.3)	Minecraft Flight Simulator-1.7.10-7.1.3.jar
[14:13:42] [Server thread/DEBUG] [FML/]: 		MineFactoryReloaded|CompatAppliedEnergistics	(MFR Compat: Applied Energistics	1.7.10R2.8.1)	MineFactoryReloaded-[1.7.10]2.8.1-174.jar
[14:13:42] [Server thread/DEBUG] [FML/]: 		MineFactoryReloaded|CompatBuildCraft	(MFR Compat: BuildCraft	1.7.10R2.8.1)	MineFactoryReloaded-[1.7.10]2.8.1-174.jar
[14:13:42] [Server thread/DEBUG] [FML/]: 		MineFactoryReloaded|CompatForestry	(MFR Compat: Forestry	1.7.10R2.8.1)	MineFactoryReloaded-[1.7.10]2.8.1-174.jar
[14:13:42] [Server thread/DEBUG] [FML/]: 		MineFactoryReloaded|CompatForgeMicroblock	(MFR Compat: ForgeMicroblock	1.7.10R2.8.1)	MineFactoryReloaded-[1.7.10]2.8.1-174.jar
[14:13:42] [Server thread/DEBUG] [FML/]: 		MineFactoryReloaded|CompatIC2	(MFR Compat: IC2	1.7.10R2.8.1)	MineFactoryReloaded-[1.7.10]2.8.1-174.jar
[14:13:42] [Server thread/DEBUG] [FML/]: 		MrTJPCoreMod	(MrTJPCore	1.1.0.33)	MrTJPCore-1.1.0.33-universal.jar
[14:13:42] [Server thread/DEBUG] [FML/]: 		ProjRed|Core	(ProjectRed Core	4.7.0pre12.95)	ProjectRed-1.7.10-4.7.0pre12.95-Base.jar
[14:13:42] [Server thread/DEBUG] [FML/]: 		ProjRed|Exploration	(ProjectRed Exploration	4.7.0pre12.95)	ProjectRed-1.7.10-4.7.0pre12.95-World.jar
[14:13:42] [Server thread/DEBUG] [FML/]: 		MineFactoryReloaded|CompatProjRed	(MFR Compat ProjectRed	1.7.10R2.8.1)	MineFactoryReloaded-[1.7.10]2.8.1-174.jar
[14:13:42] [Server thread/DEBUG] [FML/]: 		MineFactoryReloaded|CompatRailcraft	(MFR Compat: Railcraft	1.7.10R2.8.1)	MineFactoryReloaded-[1.7.10]2.8.1-174.jar
[14:13:42] [Server thread/DEBUG] [FML/]: 		MineFactoryReloaded|CompatThermalExpansion	(MFR Compat: Thermal Expansion	1.7.10R2.8.1)	MineFactoryReloaded-[1.7.10]2.8.1-174.jar
[14:13:42] [Server thread/DEBUG] [FML/]: 		MineFactoryReloaded|CompatVanilla	(MFR Compat: Vanilla	1.7.10R2.8.1)	MineFactoryReloaded-[1.7.10]2.8.1-174.jar
[14:13:42] [Server thread/DEBUG] [FML/]: 		modtweaker2	(Mod Tweaker 2	0.9.6)	ModTweaker2-0.9.6.jar
[14:13:42] [Server thread/DEBUG] [FML/]: 		Monoblocks	(�cMonoblocks	11.6)	Monoblocks-11.6.jar
[14:13:42] [Server thread/DEBUG] [FML/]: 		MonoblocksMultipart	(MonoblocksMultipart	11.6)	Monoblocks-11.6.jar
[14:13:42] [Server thread/DEBUG] [FML/]: 		cfm	(�9MrCrayfish's Furniture Mod	3.4.7)	MrCrayfishFurnitureModv3.4.7(1.7.10).jar
[14:13:42] [Server thread/DEBUG] [FML/]: 		NuclearCraft	(NuclearCraft	1.9g)	NuclearCraft-1.9g--1.7.10.jar
[14:13:42] [Server thread/DEBUG] [FML/]: 		OpenMods	(OpenMods	0.10.1)	OpenModsLib-1.7.10-0.10.1.jar
[14:13:42] [Server thread/DEBUG] [FML/]: 		OpenBlocks	(OpenBlocks	1.6)	OpenBlocks-1.7.10-1.6.jar
[14:13:42] [Server thread/DEBUG] [FML/]: 		ProjRed|Transmission	(ProjectRed Transmission	4.7.0pre12.95)	ProjectRed-1.7.10-4.7.0pre12.95-Integration.jar
[14:13:42] [Server thread/DEBUG] [FML/]: 		OpenComputers	(OpenComputers	1.8.7)	OpenComputers-MC1.7.10-1.8.7+7fecb07-universal.jar
[14:13:42] [Server thread/DEBUG] [FML/]: 		openmodularturrets	(Open Modular Turrets	1.7.10-2.3.7)	OpenModularTurrets-1.7.10-2.3.7.jar
[14:13:42] [Server thread/DEBUG] [FML/]: 		OpenPeripheralCore	(OpenPeripheralCore	1.4)	OpenPeripheralCore-1.7.10-1.4.jar
[14:13:42] [Server thread/DEBUG] [FML/]: 		OpenPeripheral	(OpenPeripheralAddons	0.6)	OpenPeripheralAddons-1.7.10-0.6.jar
[14:13:42] [Server thread/DEBUG] [FML/]: 		OpenPeripheralIntegration	(OpenPeripheralIntegration	0.6)	OpenPeripheralIntegration-1.7.10-0.6.jar
[14:13:42] [Server thread/DEBUG] [FML/]: 		opensecurity	(OpenSecurity	1.0.117)	OpenSecurity-1.7.10-1.0-117.jar
[14:13:42] [Server thread/DEBUG] [FML/]: 		p455w0rdslib	(p455w0rd's Library	1.0.4)	p455w0rdslib-1.7.10-1.0.4.jar
[14:13:42] [Server thread/DEBUG] [FML/]: 		physica	(Physica	1.7.10-1.5.6-0)	PhysicaCore-1.7.10-1.5.6-0.jar
[14:13:42] [Server thread/DEBUG] [FML/]: 		physicanuclearphysics	(PhysicaNuclearPhysics	1.7.10-1.5.6-0)	PhysicaNuclearPhysics-1.7.10-1.5.6-0.jar
[14:13:42] [Server thread/DEBUG] [FML/]: 		PowerConverters3	(Power Converters 3	1.7.10-2.11)	PowerConverters-1.7.10-2.11.jar
[14:13:42] [Server thread/DEBUG] [FML/]: 		pressure	(Pressure Pipes	1.3.0.fix1)	pressure-1.3.0.fix1-mc1.7.10.jar
[14:13:42] [Server thread/DEBUG] [FML/]: 		ProjRed|Transportation	(ProjectRed Transportation	4.7.0pre12.95)	ProjectRed-1.7.10-4.7.0pre12.95-Mechanical.jar
[14:13:42] [Server thread/DEBUG] [FML/]: 		ProjRed|Compatibility	(ProjectRed Compatibility	4.7.0pre12.95)	ProjectRed-1.7.10-4.7.0pre12.95-Compat.jar
[14:13:42] [Server thread/DEBUG] [FML/]: 		ProjRed|Integration	(ProjectRed Integration	4.7.0pre12.95)	ProjectRed-1.7.10-4.7.0pre12.95-Integration.jar
[14:13:42] [Server thread/DEBUG] [FML/]: 		ProjRed|Fabrication	(ProjectRed Fabrication	4.7.0pre12.95)	ProjectRed-1.7.10-4.7.0pre12.95-Fabrication.jar
[14:13:42] [Server thread/DEBUG] [FML/]: 		ProjRed|Illumination	(ProjectRed Illumination	4.7.0pre12.95)	ProjectRed-1.7.10-4.7.0pre12.95-Lighting.jar
[14:13:42] [Server thread/DEBUG] [FML/]: 		ProjRed|Expansion	(ProjectRed Expansion	4.7.0pre12.95)	ProjectRed-1.7.10-4.7.0pre12.95-Mechanical.jar
[14:13:42] [Server thread/DEBUG] [FML/]: 		ResourceLoader	(Resource Loader	1.3)	ResourceLoader-MC1.7.10-1.3.jar
[14:13:42] [Server thread/DEBUG] [FML/]: 		rftools	(RFTools	4.23)	rftools-4.23.jar
[14:13:42] [Server thread/DEBUG] [FML/]: 		signpic	(SignPicture	2.8.0)	SignPicture-1.7.10-2.8.0-universal.jar
[14:13:42] [Server thread/DEBUG] [FML/]: 		spark	(spark	1.10.35)	spark-1.10.19-forge1710.jar
[14:13:42] [Server thread/DEBUG] [FML/]: 		StorageDrawers	(Storage Drawers	1.7.10-1.10.9)	StorageDrawers-1.7.10-1.10.9.jar
[14:13:42] [Server thread/DEBUG] [FML/]: 		svm	(Saracalia's Vehicle Mod	1.7.10-2.1.0)	SVM-1.7.10-2.1.0.jar
[14:13:42] [Server thread/DEBUG] [FML/]: 		ThermalDynamics	(Thermal Dynamics	1.7.10R1.2.1)	ThermalDynamics-[1.7.10]1.2.1-172.jar
[14:13:42] [Server thread/DEBUG] [FML/]: 		WailaHarvestability	(Waila Harvestability	1.1.6)	WailaHarvestability-mc1.7.10-1.1.6.jar
[14:13:42] [Server thread/DEBUG] [FML/]: 		waystones	(Waystones	1.0.12)	Waystones-mc1.7.10-1.0.12.jar
[14:13:42] [Server thread/DEBUG] [FML/]: 		ae2wct	(AE2 Wireless Crafting Terminal	1.7.10-rv3-1.8.7.4b)	WirelessCraftingTerminal-1.7.10-rv3-1.8.7.4b.jar
[14:13:42] [Server thread/DEBUG] [FML/]: 		worldedit	(WorldEdit	6.1.1)	worldedit-forge-mc1.7.10-6.1.1-dist.jar
[14:13:42] [Server thread/DEBUG] [FML/]: 		McMultipart	(Minecraft Multipart Plugin	1.2.0.345)	ForgeMultipart-1.7.10-1.2.0.345-universal.jar
[14:13:42] [Server thread/DEBUG] [FML/]: 		ForgeRelocation	(ForgeRelocation	0.0.1.4)	ForgeRelocation-0.0.1.4-universal.jar
[14:13:42] [Server thread/DEBUG] [FML/]: 		MCFrames	(MCFrames	1.0)	ForgeRelocation-0.0.1.4-universal.jar
[14:13:42] [Server thread/DEBUG] [FML/]: 		RelocationFMP	(RelocationFMP	0.0.1.2)	ForgeRelocationFMP-0.0.1.2-universal.jar
[14:13:42] [Server thread/DEBUG] [FML/]: 		ForgeMicroblock	(Forge Microblocks	1.2.0.345)	ForgeMultipart-1.7.10-1.2.0.345-universal.jar
[14:13:42] [Server thread/ERROR] [FML/]: Fatal errors were detected during the transition from CONSTRUCTING to PREINITIALIZATION. Loading cannot continue
[14:13:42] [Server thread/ERROR] [FML/]: 
	States: 'U' = Unloaded 'L' = Loaded 'C' = Constructed 'H' = Pre-initialized 'I' = Initialized 'J' = Post-initialized 'A' = Available 'D' = Disabled 'E' = Errored
	UC	mcp{9.05} [Minecraft Coder Pack] (minecraft.jar) 
	UC	FML{7.10.99.99} [Forge Mod Loader] (forge-1.7.10-10.13.4.1614-1.7.10-universal.jar) 
	UC	Forge{10.13.4.1614} [Minecraft Forge] (forge-1.7.10-10.13.4.1614-1.7.10-universal.jar) 
	UC	AdvancedRocketryCore{1} [Advanced Rocketry] (minecraft.jar) 
	UC	appliedenergistics2-core{rv3-beta-6} [Applied Energistics 2 Core] (minecraft.jar) 
	UC	Aroma1997Core{1.0.2.16} [Aroma1997Core] (Aroma1997Core-1.7.10-1.0.2.16.jar) 
	UC	CodeChickenCore{1.0.7.48} [CodeChicken Core] (minecraft.jar) 
	UC	OpenComputers|Core{1.8.7} [OpenComputers (Core)] (minecraft.jar) 
	UC	OpenEye{0.8} [OpenEye] (OpenEye-1.7.10-0.8.jar) 
	UC	OpenModsCore{0.10.1} [OpenModsCore] (minecraft.jar) 
	UC	<CoFH ASM>{000} [CoFH ASM] (minecraft.jar) 
	UC	securitycraft{v1.8.13} [SecurityCraft] ([1.7.10] SecurityCraft v1.8.13.jar) 
	UC	CoFHCore{1.7.10R3.1.4} [CoFH Core] (CoFHCore-[1.7.10]3.1.4-329.jar) 
	UC	BuildCraft|Core{7.1.25} [BuildCraft] (buildcraft-7.1.25.jar) 
	UC	BuildCraft|Energy{7.1.25} [BC Energy] (buildcraft-7.1.25.jar) 
	UC	ActuallyAdditions{1.7.10-r21} [Actually Additions] (ActuallyAdditions-1.7.10-r21.jar) 
	UC	BuildCraft|Silicon{7.1.25} [BC Silicon] (buildcraft-7.1.25.jar) 
	UC	BuildCraft|Transport{7.1.25} [BC Transport] (buildcraft-7.1.25.jar) 
	UC	BuildCraft|Factory{7.1.25} [BC Factory] (buildcraft-7.1.25.jar) 
	UC	additionalpipes{4.7.7} [Additional Pipes] (additionalpipes-4.7.7.jar) 
	UC	libVulpes{0.2.8.-37} [libVulpes] (LibVulpes-1.7.10-0.2.8-37-universal.jar) 
	UC	advancedRocketry{1.4.0-32} [Advanced Rocketry] (AdvancedRocketry-1.7.10-1.4.0-32.jar) 
	UC	appliedenergistics2{rv3-beta-6} [Applied Energistics 2] (appliedenergistics2-rv3-beta-6.jar) 
	UC	bdlib{1.9.5.1} [BD Lib] (bdlib-1.9.5.1-mc1.7.10.jar) 
	UC	ae2stuff{0.5.0.56} [AE2 Stuff] (ae2stuff-0.5.0.56-mc1.7.10.jar) 
	UC	AirPortLight{[1.7.10]-2.4.6} [AirPort Light] (AirPort-[1.7.10]-2.4.6.jar) 
	UC	Aroma1997CoreHelper{1.0.2.16} [Aroma1997Core|Helper] (Aroma1997Core-1.7.10-1.0.2.16.jar) 
	UC	AromaBackup{0.1.0.0} [AromaBackup] (AromaBackup-1.7.10-0.1.0.0.jar) 
	UC	AromaBackupRecovery{1.0} [AromaBackup Recovery] (AromaBackup-1.7.10-0.1.0.0.jar) 
	UC	betterquesting{3.0.328} [Better Questing] (BetterQuesting-3.0.328.jar) 
	UC	BiblioCraft{1.11.7} [BiblioCraft] (BiblioCraft[v1.11.7][MC1.7.10].jar) 
	UC	blueice{1.0} [Blue Ice] (BlueIceV1.0.jar) 
	UC	BrandonsCore{1.0.0.12} [Brandon's Core] (BrandonsCore-1.0.0.12.jar) 
	UC	BuildCraft|Builders{7.1.25} [BC Builders] (buildcraft-7.1.25.jar) 
	UC	BuildCraft|Robotics{7.1.25} [BC Robotics] (buildcraft-7.1.25.jar) 
	UC	carbonconfig{1.1.3} [Carbon Config Library] (CarbonConfig-1.7.10-1.2.4.jar) 
	UC	IC2{2.2.827-experimental} [IndustrialCraft 2] (industrialcraft-2-2.2.827-experimental.jar) 
	UC	Railcraft{9.12.2.0} [Railcraft] (Railcraft_1.7.10-9.12.2.0.jar) 
	UC	ForgeMultipart{1.2.0.345} [Forge Multipart] (ForgeMultipart-1.7.10-1.2.0.345-universal.jar) 
	UC	chisel{2.9.5.11} [Chisel] (Chisel-2.9.5.11.jar) 
	UC	CarpentersBlocks{3.3.8.2} [Carpenter's Blocks] (Carpenter's Blocks v3.3.8.2 - MC 1.7.10.jar) 
	UC	ChickenChunks{1.3.4.19} [ChickenChunks] (ChickenChunks-1.7.10-1.3.4.19-universal.jar) 
	UC	ComputerCraft{1.75} [ComputerCraft] (ComputerCraft1.75.jar) 
	UC	cookingbook{1.0.140} [Cooking for Blockheads] (cookingbook-mc1.7.10-1.0.140.jar) 
	UC	MineTweaker3{3.1.0} [MineTweaker 3] (CraftTweaker-1.7.10-3.1.0-legacy.jar) 
	UC	CustomMainMenu{1.9.2} [Custom Main Menu] (CustomMainMenu-MC1.7.10-1.9.2.jar) 
	UC	ThermalFoundation{1.7.10R1.2.6} [Thermal Foundation] (ThermalFoundation-[1.7.10]1.2.6-118.jar) 
	UC	ThermalExpansion{1.7.10R4.1.5} [Thermal Expansion] (ThermalExpansion-[1.7.10]4.1.5-248.jar) 
	UC	DraconicEvolution{1.0.2h} [Draconic Evolution] (Draconic-Evolution-1.7.10-1.0.2h.jar) 
	UC	endercore{1.7.10-0.2.0.40_beta} [EnderCore] (EnderCore-1.7.10-0.2.0.40_beta.jar) 
	UC	MineFactoryReloaded{1.7.10R2.8.1} [MineFactory Reloaded] (MineFactoryReloaded-[1.7.10]2.8.1-174.jar) 
	UC	Waila{1.5.10} [Waila] (Waila-1.5.10_1.7.10.jar) 
	UC	EnderIO{1.7.10-2.3.0.430_beta} [Ender IO] (EnderIO-1.7.10-2.3.0.430_beta.jar) 
	UC	ShetiPhianCore{3.0.0} [ShetiPhian-Core] (ShetiPhianCore-1.7.10-3.0.0.jar) 
	UC	EnderTanks{rev16-beta1} [EnderTanks] (EnderTanks-rev16-beta1.jar) 
	UC	energycontrol{1.7.10-0.3.6} [Energy Control] (EnergyControl-1.7.10-0.3.6.jar) 
	UC	ExtraUtilities{1.2.12} [Extra Utilities] (extrautilities-1.2.12.jar) 
	UC	fastleafdecay{1.4} [Fast Leaf Decay] (FastLeafDecay-1.7.10-1.4.jar) 
	UC	Forestry{4.2.16.64} [Forestry for Minecraft] (forestry_1.7.10-4.2.16.64.jar) 
	UC	FTBL{1.0.18.2} [FTBLib] (FTBLib-1.7.10-1.0.18.3.jar) 
	UC	FTBT{1.0.2} [FTB Tweaks] (FTBTweaks-1.0.2.jar) 
	UC	FTBU{1.0.18.2} [FTBUtilities] (FTBUtilities-1.7.10-1.0.18.3.jar) 
	UC	spongemixins{2.0.1} [SpongeMixins Loader] (gtnhmixins-2.1.2.jar) 
	UC	gtnhmixins{2.0.2} [GTNHMixins] (gtnhmixins-2.1.2.jar) 
	UC	hbm{1.0.27 BETA (5193)} [Hbm's Nuclear Tech] (HBM-NTM-[1.0.27_X5193].jar) 
	UC	IC2NuclearControl{2.4.5a} [Nuclear Control 2] (IC2NuclearControl-2.4.5a.jar) 
	UC	ImmersiveEngineering{0.7.7} [Immersive Engineering] (ImmersiveEngineering-0.7.7.jar) 
	UC	immersiveintegration{0.6.8} [Immersive Integration] (immersiveintegration-0.6.8.jar) 
	UC	IndustrialPeripheral{1.02} [Industrial Peripheral] (industrialperipheral-1.7.10-1.02public-universal.jar) 
	UC	malisiscore{1.7.10-0.14.3} [MalisisCore] (malisiscore-1.7.10-0.14.3.jar) 
	UC	malisisdoors{1.7.10-1.13.2} [Malisis' Doors] (malisisdoors-1.7.10-1.13.2.jar) 
	UC	Mekanism{9.1.1} [Mekanism] (Mekanism-1.7.10-9.1.1.1031.jar) 
	UC	MekanismGenerators{9.1.1} [MekanismGenerators] (MekanismGenerators-1.7.10-9.1.1.1031.jar) 
	UC	MekanismTools{9.1.1} [MekanismTools] (MekanismTools-1.7.10-9.1.1.1031.jar) 
	UC	mfs{7.1.3} [Minecraft Flight Simulator] (Minecraft Flight Simulator-1.7.10-7.1.3.jar) 
	UC	MineFactoryReloaded|CompatAppliedEnergistics{1.7.10R2.8.1} [MFR Compat: Applied Energistics] (MineFactoryReloaded-[1.7.10]2.8.1-174.jar) 
	UC	MineFactoryReloaded|CompatBuildCraft{1.7.10R2.8.1} [MFR Compat: BuildCraft] (MineFactoryReloaded-[1.7.10]2.8.1-174.jar) 
	UC	MineFactoryReloaded|CompatForestry{1.7.10R2.8.1} [MFR Compat: Forestry] (MineFactoryReloaded-[1.7.10]2.8.1-174.jar) 
	UC	MineFactoryReloaded|CompatForgeMicroblock{1.7.10R2.8.1} [MFR Compat: ForgeMicroblock] (MineFactoryReloaded-[1.7.10]2.8.1-174.jar) 
	UC	MineFactoryReloaded|CompatIC2{1.7.10R2.8.1} [MFR Compat: IC2] (MineFactoryReloaded-[1.7.10]2.8.1-174.jar) 
	UC	MrTJPCoreMod{1.1.0.33} [MrTJPCore] (MrTJPCore-1.1.0.33-universal.jar) 
	UC	ProjRed|Core{4.7.0pre12.95} [ProjectRed Core] (ProjectRed-1.7.10-4.7.0pre12.95-Base.jar) 
	UC	ProjRed|Exploration{4.7.0pre12.95} [ProjectRed Exploration] (ProjectRed-1.7.10-4.7.0pre12.95-World.jar) 
	UC	MineFactoryReloaded|CompatProjRed{1.7.10R2.8.1} [MFR Compat ProjectRed] (MineFactoryReloaded-[1.7.10]2.8.1-174.jar) 
	UC	MineFactoryReloaded|CompatRailcraft{1.7.10R2.8.1} [MFR Compat: Railcraft] (MineFactoryReloaded-[1.7.10]2.8.1-174.jar) 
	UC	MineFactoryReloaded|CompatThermalExpansion{1.7.10R2.8.1} [MFR Compat: Thermal Expansion] (MineFactoryReloaded-[1.7.10]2.8.1-174.jar) 
	UC	MineFactoryReloaded|CompatVanilla{1.7.10R2.8.1} [MFR Compat: Vanilla] (MineFactoryReloaded-[1.7.10]2.8.1-174.jar) 
	UC	modtweaker2{0.9.6} [Mod Tweaker 2] (ModTweaker2-0.9.6.jar) 
	UC	Monoblocks{11.6} [�cMonoblocks] (Monoblocks-11.6.jar) 
	UC	MonoblocksMultipart{11.6} [MonoblocksMultipart] (Monoblocks-11.6.jar) 
	UC	cfm{3.4.7} [�9MrCrayfish's Furniture Mod] (MrCrayfishFurnitureModv3.4.7(1.7.10).jar) 
	UC	NuclearCraft{1.9g} [NuclearCraft] (NuclearCraft-1.9g--1.7.10.jar) 
	UC	OpenMods{0.10.1} [OpenMods] (OpenModsLib-1.7.10-0.10.1.jar) 
	UC	OpenBlocks{1.6} [OpenBlocks] (OpenBlocks-1.7.10-1.6.jar) 
	UC	ProjRed|Transmission{4.7.0pre12.95} [ProjectRed Transmission] (ProjectRed-1.7.10-4.7.0pre12.95-Integration.jar) 
	UC	OpenComputers{1.8.7} [OpenComputers] (OpenComputers-MC1.7.10-1.8.7+7fecb07-universal.jar) 
	UC	openmodularturrets{1.7.10-2.3.7} [Open Modular Turrets] (OpenModularTurrets-1.7.10-2.3.7.jar) 
	UC	OpenPeripheralCore{1.4} [OpenPeripheralCore] (OpenPeripheralCore-1.7.10-1.4.jar) 
	UC	OpenPeripheral{0.6} [OpenPeripheralAddons] (OpenPeripheralAddons-1.7.10-0.6.jar) 
	UC	OpenPeripheralIntegration{0.6} [OpenPeripheralIntegration] (OpenPeripheralIntegration-1.7.10-0.6.jar) 
	UC	opensecurity{1.0.117} [OpenSecurity] (OpenSecurity-1.7.10-1.0-117.jar) 
	UC	p455w0rdslib{1.0.4} [p455w0rd's Library] (p455w0rdslib-1.7.10-1.0.4.jar) 
	UC	physica{1.7.10-1.5.6-0} [Physica] (PhysicaCore-1.7.10-1.5.6-0.jar) 
	UC	physicanuclearphysics{1.7.10-1.5.6-0} [PhysicaNuclearPhysics] (PhysicaNuclearPhysics-1.7.10-1.5.6-0.jar) 
	UC	PowerConverters3{1.7.10-2.11} [Power Converters 3] (PowerConverters-1.7.10-2.11.jar) 
	UC	pressure{1.3.0.fix1} [Pressure Pipes] (pressure-1.3.0.fix1-mc1.7.10.jar) 
	UC	ProjRed|Transportation{4.7.0pre12.95} [ProjectRed Transportation] (ProjectRed-1.7.10-4.7.0pre12.95-Mechanical.jar) 
	UC	ProjRed|Compatibility{4.7.0pre12.95} [ProjectRed Compatibility] (ProjectRed-1.7.10-4.7.0pre12.95-Compat.jar) 
	UC	ProjRed|Integration{4.7.0pre12.95} [ProjectRed Integration] (ProjectRed-1.7.10-4.7.0pre12.95-Integration.jar) 
	UC	ProjRed|Fabrication{4.7.0pre12.95} [ProjectRed Fabrication] (ProjectRed-1.7.10-4.7.0pre12.95-Fabrication.jar) 
	UC	ProjRed|Illumination{4.7.0pre12.95} [ProjectRed Illumination] (ProjectRed-1.7.10-4.7.0pre12.95-Lighting.jar) 
	UC	ProjRed|Expansion{4.7.0pre12.95} [ProjectRed Expansion] (ProjectRed-1.7.10-4.7.0pre12.95-Mechanical.jar) 
	UE	ResourceLoader{1.3} [Resource Loader] (ResourceLoader-MC1.7.10-1.3.jar) 
	UC	rftools{4.23} [RFTools] (rftools-4.23.jar) 
	UC	signpic{2.8.0} [SignPicture] (SignPicture-1.7.10-2.8.0-universal.jar) 
	UC	spark{1.10.35} [spark] (spark-1.10.19-forge1710.jar) 
	UC	StorageDrawers{1.7.10-1.10.9} [Storage Drawers] (StorageDrawers-1.7.10-1.10.9.jar) 
	UC	svm{1.7.10-2.1.0} [Saracalia's Vehicle Mod] (SVM-1.7.10-2.1.0.jar) 
	UC	ThermalDynamics{1.7.10R1.2.1} [Thermal Dynamics] (ThermalDynamics-[1.7.10]1.2.1-172.jar) 
	UC	WailaHarvestability{1.1.6} [Waila Harvestability] (WailaHarvestability-mc1.7.10-1.1.6.jar) 
	UC	waystones{1.0.12} [Waystones] (Waystones-mc1.7.10-1.0.12.jar) 
	UC	ae2wct{1.7.10-rv3-1.8.7.4b} [AE2 Wireless Crafting Terminal] (WirelessCraftingTerminal-1.7.10-rv3-1.8.7.4b.jar) 
	UC	worldedit{6.1.1} [WorldEdit] (worldedit-forge-mc1.7.10-6.1.1-dist.jar) 
	UC	McMultipart{1.2.0.345} [Minecraft Multipart Plugin] (ForgeMultipart-1.7.10-1.2.0.345-universal.jar) 
	UC	ForgeRelocation{0.0.1.4} [ForgeRelocation] (ForgeRelocation-0.0.1.4-universal.jar) 
	UC	MCFrames{1.0} [MCFrames] (ForgeRelocation-0.0.1.4-universal.jar) 
	UC	RelocationFMP{0.0.1.2} [RelocationFMP] (ForgeRelocationFMP-0.0.1.2-universal.jar) 
	UC	ForgeMicroblock{1.2.0.345} [Forge Microblocks] (ForgeMultipart-1.7.10-1.2.0.345-universal.jar) 
	UD	MineFactoryReloaded|CompatAtum{1.7.10R2.8.1} [MFR Compat: Atum] (MineFactoryReloaded-[1.7.10]2.8.1-174.jar) 
	UD	MineFactoryReloaded|CompatBackTools{1.7.10R2.8.1} [MFR Compat: BackTools] (MineFactoryReloaded-[1.7.10]2.8.1-174.jar) 
	UD	MineFactoryReloaded|CompatChococraft{1.7.10R2.8.1} [MFR Compat: Chococraft] (MineFactoryReloaded-[1.7.10]2.8.1-174.jar) 
	UD	MineFactoryReloaded|CompatExtraBiomes{1.7.10R2.8.1} [MFR Compat: ExtraBiomes] (MineFactoryReloaded-[1.7.10]2.8.1-174.jar) 
	UD	MineFactoryReloaded|CompatSufficientBiomes{1.7.10R2.8.1} [MFR Compat: Sufficient Biomes] (MineFactoryReloaded-[1.7.10]2.8.1-174.jar) 
	UD	MineFactoryReloaded|CompatThaumcraft{1.7.10R2.8.1} [MFR Compat: Thaumcraft] (MineFactoryReloaded-[1.7.10]2.8.1-174.jar) 
	UD	MineFactoryReloaded|CompatTConstruct{1.7.10R2.8.1} [MFR Compat: Tinkers' Construct] (MineFactoryReloaded-[1.7.10]2.8.1-174.jar) 
	UD	MineFactoryReloaded|CompatTwilightForest{1.7.10R2.8.1} [MFR Compat: TwilightForest] (MineFactoryReloaded-[1.7.10]2.8.1-174.jar) 
[14:13:42] [Server thread/ERROR] [FML/]: The following problems were captured during this phase
[14:13:42] [Server thread/ERROR] [FML/]: Caught exception from ResourceLoader
java.lang.NoClassDefFoundError: Llumien/resourceloader/loader/NormalResourceLoader;
	at java.lang.Class.getDeclaredFields0(Native Method) ~[?:1.8.0_402]
	at java.lang.Class.privateGetDeclaredFields(Class.java:2583) ~[?:1.8.0_402]
	at java.lang.Class.getDeclaredField(Class.java:2068) ~[?:1.8.0_402]
	at cpw.mods.fml.common.FMLModContainer.parseSimpleFieldAnnotation(FMLModContainer.java:404) ~[FMLModContainer.class:?]
	at cpw.mods.fml.common.FMLModContainer.processFieldAnnotations(FMLModContainer.java:358) ~[FMLModContainer.class:?]
	at cpw.mods.fml.common.FMLModContainer.constructMod(FMLModContainer.java:513) ~[FMLModContainer.class:?]
	at sun.reflect.GeneratedMethodAccessor5.invoke(Unknown Source) ~[?:?]
	at sun.reflect.DelegatingMethodAccessorImpl.invoke(DelegatingMethodAccessorImpl.java:43) ~[?:1.8.0_402]
	at java.lang.reflect.Method.invoke(Method.java:498) ~[?:1.8.0_402]
	at com.google.common.eventbus.EventSubscriber.handleEvent(EventSubscriber.java:74) ~[guava-17.0.jar:?]
	at com.google.common.eventbus.SynchronizedEventSubscriber.handleEvent(SynchronizedEventSubscriber.java:47) ~[guava-17.0.jar:?]
	at com.google.common.eventbus.EventBus.dispatch(EventBus.java:322) ~[guava-17.0.jar:?]
	at com.google.common.eventbus.EventBus.dispatchQueuedEvents(EventBus.java:304) ~[guava-17.0.jar:?]
	at com.google.common.eventbus.EventBus.post(EventBus.java:275) ~[guava-17.0.jar:?]
	at cpw.mods.fml.common.LoadController.sendEventToModContainer(LoadController.java:212) ~[LoadController.class:?]
	at cpw.mods.fml.common.LoadController.propogateStateMessage(LoadController.java:190) ~[LoadController.class:?]
	at sun.reflect.NativeMethodAccessorImpl.invoke0(Native Method) ~[?:1.8.0_402]
	at sun.reflect.NativeMethodAccessorImpl.invoke(NativeMethodAccessorImpl.java:62) ~[?:1.8.0_402]
	at sun.reflect.DelegatingMethodAccessorImpl.invoke(DelegatingMethodAccessorImpl.java:43) ~[?:1.8.0_402]
	at java.lang.reflect.Method.invoke(Method.java:498) ~[?:1.8.0_402]
	at com.google.common.eventbus.EventSubscriber.handleEvent(EventSubscriber.java:74) ~[guava-17.0.jar:?]
	at com.google.common.eventbus.SynchronizedEventSubscriber.handleEvent(SynchronizedEventSubscriber.java:47) ~[guava-17.0.jar:?]
	at com.google.common.eventbus.EventBus.dispatch(EventBus.java:322) ~[guava-17.0.jar:?]
	at com.google.common.eventbus.EventBus.dispatchQueuedEvents(EventBus.java:304) ~[guava-17.0.jar:?]
	at com.google.common.eventbus.EventBus.post(EventBus.java:275) ~[guava-17.0.jar:?]
	at cpw.mods.fml.common.LoadController.distributeStateMessage(LoadController.java:119) [LoadController.class:?]
	at cpw.mods.fml.common.Loader.loadMods(Loader.java:513) [Loader.class:?]
	at cpw.mods.fml.server.FMLServerHandler.beginServerLoading(FMLServerHandler.java:87) [FMLServerHandler.class:?]
	at cpw.mods.fml.common.FMLCommonHandler.onServerStart(FMLCommonHandler.java:314) [FMLCommonHandler.class:?]
	at net.minecraft.server.dedicated.DedicatedServer.func_71197_b(DedicatedServer.java:117) [lt.class:?]
	at net.minecraft.server.MinecraftServer.run(MinecraftServer.java:387) [MinecraftServer.class:?]
	at net.minecraft.server.MinecraftServer$2.run(MinecraftServer.java:685) [li.class:?]
Caused by: java.lang.ClassNotFoundException: lumien.resourceloader.loader.NormalResourceLoader
	at net.minecraft.launchwrapper.LaunchClassLoader.findClass(LaunchClassLoader.java:191) ~[launchwrapper-1.12.jar:?]
	at java.lang.ClassLoader.loadClass(ClassLoader.java:418) ~[?:1.8.0_402]
	at java.lang.ClassLoader.loadClass(ClassLoader.java:351) ~[?:1.8.0_402]
	... 32 more
Caused by: java.lang.NoClassDefFoundError: net/minecraft/client/resources/IResourcePack
	at java.lang.ClassLoader.defineClass1(Native Method) ~[?:1.8.0_402]
	at java.lang.ClassLoader.defineClass(ClassLoader.java:756) ~[?:1.8.0_402]
	at java.security.SecureClassLoader.defineClass(SecureClassLoader.java:142) ~[?:1.8.0_402]
	at net.minecraft.launchwrapper.LaunchClassLoader.findClass(LaunchClassLoader.java:182) ~[launchwrapper-1.12.jar:?]
	at java.lang.ClassLoader.loadClass(ClassLoader.java:418) ~[?:1.8.0_402]
	at java.lang.ClassLoader.loadClass(ClassLoader.java:351) ~[?:1.8.0_402]
	... 32 more
Caused by: java.lang.ClassNotFoundException: net.minecraft.client.resources.IResourcePack
	at net.minecraft.launchwrapper.LaunchClassLoader.findClass(LaunchClassLoader.java:191) ~[launchwrapper-1.12.jar:?]
	at java.lang.ClassLoader.loadClass(ClassLoader.java:418) ~[?:1.8.0_402]
	at java.lang.ClassLoader.loadClass(ClassLoader.java:351) ~[?:1.8.0_402]
	at java.lang.ClassLoader.defineClass1(Native Method) ~[?:1.8.0_402]
	at java.lang.ClassLoader.defineClass(ClassLoader.java:756) ~[?:1.8.0_402]
	at java.security.SecureClassLoader.defineClass(SecureClassLoader.java:142) ~[?:1.8.0_402]
	at net.minecraft.launchwrapper.LaunchClassLoader.findClass(LaunchClassLoader.java:182) ~[launchwrapper-1.12.jar:?]
	at java.lang.ClassLoader.loadClass(ClassLoader.java:418) ~[?:1.8.0_402]
	at java.lang.ClassLoader.loadClass(ClassLoader.java:351) ~[?:1.8.0_402]
	... 32 more
Caused by: java.lang.ArrayIndexOutOfBoundsException
[14:13:42] [Server thread/WARN] [FML/]: Can't revert to frozen GameData state without freezing first.
[14:13:42] [Server thread/TRACE] [mcp/mcp]: Sending event FMLModIdMappingEvent to mod mcp
[14:13:42] [Server thread/TRACE] [mcp/mcp]: Sent event FMLModIdMappingEvent to mod mcp
[14:13:42] [Server thread/DEBUG] [FML/]: Bar Step: ModIdMapping - Minecraft Coder Pack took 0,000s
[14:13:42] [Server thread/TRACE] [FML/FML]: Sending event FMLModIdMappingEvent to mod FML
[14:13:42] [Server thread/TRACE] [FML/FML]: Sent event FMLModIdMappingEvent to mod FML
[14:13:42] [Server thread/DEBUG] [FML/]: Bar Step: ModIdMapping - Forge Mod Loader took 0,000s
[14:13:42] [Server thread/TRACE] [Forge/Forge]: Sending event FMLModIdMappingEvent to mod Forge
[14:13:42] [Server thread/TRACE] [Forge/Forge]: Sent event FMLModIdMappingEvent to mod Forge
[14:13:42] [Server thread/DEBUG] [FML/]: Bar Step: ModIdMapping - Minecraft Forge took 0,001s
[14:13:42] [Server thread/TRACE] [AdvancedRocketryCore/AdvancedRocketryCore]: Sending event FMLModIdMappingEvent to mod AdvancedRocketryCore
[14:13:42] [Server thread/TRACE] [AdvancedRocketryCore/AdvancedRocketryCore]: Sent event FMLModIdMappingEvent to mod AdvancedRocketryCore
[14:13:42] [Server thread/DEBUG] [FML/]: Bar Step: ModIdMapping - Advanced Rocketry took 0,000s
[14:13:42] [Server thread/TRACE] [appliedenergistics2-core/appliedenergistics2-core]: Sending event FMLModIdMappingEvent to mod appliedenergistics2-core
[14:13:42] [Server thread/TRACE] [appliedenergistics2-core/appliedenergistics2-core]: Sent event FMLModIdMappingEvent to mod appliedenergistics2-core
[14:13:42] [Server thread/DEBUG] [FML/]: Bar Step: ModIdMapping - Applied Energistics 2 Core took 0,000s
[14:13:42] [Server thread/TRACE] [Aroma1997Core/Aroma1997Core]: Sending event FMLModIdMappingEvent to mod Aroma1997Core
[14:13:42] [Server thread/TRACE] [Aroma1997Core/Aroma1997Core]: Sent event FMLModIdMappingEvent to mod Aroma1997Core
[14:13:42] [Server thread/DEBUG] [FML/]: Bar Step: ModIdMapping - Aroma1997Core took 0,000s
[14:13:42] [Server thread/TRACE] [CodeChickenCore/CodeChickenCore]: Sending event FMLModIdMappingEvent to mod CodeChickenCore
[14:13:42] [Server thread/TRACE] [CodeChickenCore/CodeChickenCore]: Sent event FMLModIdMappingEvent to mod CodeChickenCore
[14:13:42] [Server thread/DEBUG] [FML/]: Bar Step: ModIdMapping - CodeChicken Core took 0,000s
[14:13:42] [Server thread/TRACE] [OpenComputers|Core/OpenComputers|Core]: Sending event FMLModIdMappingEvent to mod OpenComputers|Core
[14:13:42] [Server thread/TRACE] [OpenComputers|Core/OpenComputers|Core]: Sent event FMLModIdMappingEvent to mod OpenComputers|Core
[14:13:42] [Server thread/DEBUG] [FML/]: Bar Step: ModIdMapping - OpenComputers (Core) took 0,000s
[14:13:42] [Server thread/TRACE] [OpenEye/OpenEye]: Sending event FMLModIdMappingEvent to mod OpenEye
[14:13:42] [Server thread/TRACE] [OpenEye/OpenEye]: Sent event FMLModIdMappingEvent to mod OpenEye
[14:13:42] [Server thread/DEBUG] [FML/]: Bar Step: ModIdMapping - OpenEye took 0,000s
[14:13:42] [Server thread/TRACE] [OpenModsCore/OpenModsCore]: Sending event FMLModIdMappingEvent to mod OpenModsCore
[14:13:42] [Server thread/TRACE] [OpenModsCore/OpenModsCore]: Sent event FMLModIdMappingEvent to mod OpenModsCore
[14:13:42] [Server thread/DEBUG] [FML/]: Bar Step: ModIdMapping - OpenModsCore took 0,000s
[14:13:42] [Server thread/TRACE] [<CoFH ASM>/<CoFH ASM>]: Sending event FMLModIdMappingEvent to mod <CoFH ASM>
[14:13:42] [Server thread/TRACE] [<CoFH ASM>/<CoFH ASM>]: Sent event FMLModIdMappingEvent to mod <CoFH ASM>
[14:13:42] [Server thread/DEBUG] [FML/]: Bar Step: ModIdMapping - CoFH ASM took 0,000s
[14:13:42] [Server thread/TRACE] [securitycraft/securitycraft]: Sending event FMLModIdMappingEvent to mod securitycraft
[14:13:42] [Server thread/TRACE] [securitycraft/securitycraft]: Sent event FMLModIdMappingEvent to mod securitycraft
[14:13:42] [Server thread/DEBUG] [FML/]: Bar Step: ModIdMapping - SecurityCraft took 0,000s
[14:13:42] [Server thread/TRACE] [CoFHCore/CoFHCore]: Sending event FMLModIdMappingEvent to mod CoFHCore
[14:13:42] [Server thread/TRACE] [CoFHCore/CoFHCore]: Sent event FMLModIdMappingEvent to mod CoFHCore
[14:13:42] [Server thread/DEBUG] [FML/]: Bar Step: ModIdMapping - CoFH Core took 0,000s
[14:13:42] [Server thread/TRACE] [BuildCraft|Core/BuildCraft|Core]: Sending event FMLModIdMappingEvent to mod BuildCraft|Core
[14:13:42] [Server thread/TRACE] [BuildCraft|Core/BuildCraft|Core]: Sent event FMLModIdMappingEvent to mod BuildCraft|Core
[14:13:42] [Server thread/DEBUG] [FML/]: Bar Step: ModIdMapping - BuildCraft took 0,000s
[14:13:42] [Server thread/TRACE] [BuildCraft|Energy/BuildCraft|Energy]: Sending event FMLModIdMappingEvent to mod BuildCraft|Energy
[14:13:42] [Server thread/TRACE] [BuildCraft|Energy/BuildCraft|Energy]: Sent event FMLModIdMappingEvent to mod BuildCraft|Energy
[14:13:42] [Server thread/DEBUG] [FML/]: Bar Step: ModIdMapping - BC Energy took 0,000s
[14:13:42] [Server thread/TRACE] [ActuallyAdditions/ActuallyAdditions]: Sending event FMLModIdMappingEvent to mod ActuallyAdditions
[14:13:42] [Server thread/TRACE] [ActuallyAdditions/ActuallyAdditions]: Sent event FMLModIdMappingEvent to mod ActuallyAdditions
[14:13:42] [Server thread/DEBUG] [FML/]: Bar Step: ModIdMapping - Actually Additions took 0,000s
[14:13:42] [Server thread/TRACE] [BuildCraft|Silicon/BuildCraft|Silicon]: Sending event FMLModIdMappingEvent to mod BuildCraft|Silicon
[14:13:42] [Server thread/TRACE] [BuildCraft|Silicon/BuildCraft|Silicon]: Sent event FMLModIdMappingEvent to mod BuildCraft|Silicon
[14:13:42] [Server thread/DEBUG] [FML/]: Bar Step: ModIdMapping - BC Silicon took 0,000s
[14:13:42] [Server thread/TRACE] [BuildCraft|Transport/BuildCraft|Transport]: Sending event FMLModIdMappingEvent to mod BuildCraft|Transport
[14:13:42] [Server thread/TRACE] [BuildCraft|Transport/BuildCraft|Transport]: Sent event FMLModIdMappingEvent to mod BuildCraft|Transport
[14:13:42] [Server thread/DEBUG] [FML/]: Bar Step: ModIdMapping - BC Transport took 0,000s
[14:13:42] [Server thread/TRACE] [BuildCraft|Factory/BuildCraft|Factory]: Sending event FMLModIdMappingEvent to mod BuildCraft|Factory
[14:13:42] [Server thread/TRACE] [BuildCraft|Factory/BuildCraft|Factory]: Sent event FMLModIdMappingEvent to mod BuildCraft|Factory
[14:13:42] [Server thread/DEBUG] [FML/]: Bar Step: ModIdMapping - BC Factory took 0,000s
[14:13:42] [Server thread/TRACE] [additionalpipes/additionalpipes]: Sending event FMLModIdMappingEvent to mod additionalpipes
[14:13:42] [Server thread/TRACE] [additionalpipes/additionalpipes]: Sent event FMLModIdMappingEvent to mod additionalpipes
[14:13:42] [Server thread/DEBUG] [FML/]: Bar Step: ModIdMapping - Additional Pipes took 0,000s
[14:13:42] [Server thread/TRACE] [libVulpes/libVulpes]: Sending event FMLModIdMappingEvent to mod libVulpes
[14:13:42] [Server thread/TRACE] [libVulpes/libVulpes]: Sent event FMLModIdMappingEvent to mod libVulpes
[14:13:42] [Server thread/DEBUG] [FML/]: Bar Step: ModIdMapping - libVulpes took 0,000s
[14:13:42] [Server thread/TRACE] [advancedRocketry/advancedRocketry]: Sending event FMLModIdMappingEvent to mod advancedRocketry
[14:13:42] [Server thread/TRACE] [advancedRocketry/advancedRocketry]: Sent event FMLModIdMappingEvent to mod advancedRocketry
[14:13:42] [Server thread/DEBUG] [FML/]: Bar Step: ModIdMapping - Advanced Rocketry took 0,000s
[14:13:42] [Server thread/TRACE] [appliedenergistics2/appliedenergistics2]: Sending event FMLModIdMappingEvent to mod appliedenergistics2
[14:13:42] [Server thread/TRACE] [appliedenergistics2/appliedenergistics2]: Sent event FMLModIdMappingEvent to mod appliedenergistics2
[14:13:42] [Server thread/DEBUG] [FML/]: Bar Step: ModIdMapping - Applied Energistics 2 took 0,000s
[14:13:42] [Server thread/TRACE] [bdlib/bdlib]: Sending event FMLModIdMappingEvent to mod bdlib
[14:13:42] [Server thread/TRACE] [bdlib/bdlib]: Sent event FMLModIdMappingEvent to mod bdlib
[14:13:42] [Server thread/DEBUG] [FML/]: Bar Step: ModIdMapping - BD Lib took 0,000s
[14:13:42] [Server thread/TRACE] [ae2stuff/ae2stuff]: Sending event FMLModIdMappingEvent to mod ae2stuff
[14:13:42] [Server thread/TRACE] [ae2stuff/ae2stuff]: Sent event FMLModIdMappingEvent to mod ae2stuff
[14:13:42] [Server thread/DEBUG] [FML/]: Bar Step: ModIdMapping - AE2 Stuff took 0,000s
[14:13:42] [Server thread/TRACE] [AirPortLight/AirPortLight]: Sending event FMLModIdMappingEvent to mod AirPortLight
[14:13:42] [Server thread/TRACE] [AirPortLight/AirPortLight]: Sent event FMLModIdMappingEvent to mod AirPortLight
[14:13:42] [Server thread/DEBUG] [FML/]: Bar Step: ModIdMapping - AirPort Light took 0,000s
[14:13:42] [Server thread/TRACE] [Aroma1997CoreHelper/Aroma1997CoreHelper]: Sending event FMLModIdMappingEvent to mod Aroma1997CoreHelper
[14:13:42] [Server thread/TRACE] [Aroma1997CoreHelper/Aroma1997CoreHelper]: Sent event FMLModIdMappingEvent to mod Aroma1997CoreHelper
[14:13:42] [Server thread/DEBUG] [FML/]: Bar Step: ModIdMapping - Aroma1997Core|Helper took 0,000s
[14:13:42] [Server thread/TRACE] [AromaBackup/AromaBackup]: Sending event FMLModIdMappingEvent to mod AromaBackup
[14:13:42] [Server thread/TRACE] [AromaBackup/AromaBackup]: Sent event FMLModIdMappingEvent to mod AromaBackup
[14:13:42] [Server thread/DEBUG] [FML/]: Bar Step: ModIdMapping - AromaBackup took 0,000s
[14:13:42] [Server thread/TRACE] [AromaBackupRecovery/AromaBackupRecovery]: Sending event FMLModIdMappingEvent to mod AromaBackupRecovery
[14:13:42] [Server thread/TRACE] [AromaBackupRecovery/AromaBackupRecovery]: Sent event FMLModIdMappingEvent to mod AromaBackupRecovery
[14:13:42] [Server thread/DEBUG] [FML/]: Bar Step: ModIdMapping - AromaBackup Recovery took 0,000s
[14:13:42] [Server thread/TRACE] [betterquesting/betterquesting]: Sending event FMLModIdMappingEvent to mod betterquesting
[14:13:42] [Server thread/TRACE] [betterquesting/betterquesting]: Sent event FMLModIdMappingEvent to mod betterquesting
[14:13:42] [Server thread/DEBUG] [FML/]: Bar Step: ModIdMapping - Better Questing took 0,000s
[14:13:42] [Server thread/TRACE] [BiblioCraft/BiblioCraft]: Sending event FMLModIdMappingEvent to mod BiblioCraft
[14:13:42] [Server thread/TRACE] [BiblioCraft/BiblioCraft]: Sent event FMLModIdMappingEvent to mod BiblioCraft
[14:13:42] [Server thread/DEBUG] [FML/]: Bar Step: ModIdMapping - BiblioCraft took 0,000s
[14:13:42] [Server thread/TRACE] [blueice/blueice]: Sending event FMLModIdMappingEvent to mod blueice
[14:13:42] [Server thread/TRACE] [blueice/blueice]: Sent event FMLModIdMappingEvent to mod blueice
[14:13:42] [Server thread/DEBUG] [FML/]: Bar Step: ModIdMapping - Blue Ice took 0,000s
[14:13:42] [Server thread/TRACE] [BrandonsCore/BrandonsCore]: Sending event FMLModIdMappingEvent to mod BrandonsCore
[14:13:42] [Server thread/TRACE] [BrandonsCore/BrandonsCore]: Sent event FMLModIdMappingEvent to mod BrandonsCore
[14:13:42] [Server thread/DEBUG] [FML/]: Bar Step: ModIdMapping - Brandon's Core took 0,000s
[14:13:42] [Server thread/TRACE] [BuildCraft|Builders/BuildCraft|Builders]: Sending event FMLModIdMappingEvent to mod BuildCraft|Builders
[14:13:42] [Server thread/TRACE] [BuildCraft|Builders/BuildCraft|Builders]: Sent event FMLModIdMappingEvent to mod BuildCraft|Builders
[14:13:42] [Server thread/DEBUG] [FML/]: Bar Step: ModIdMapping - BC Builders took 0,000s
[14:13:42] [Server thread/TRACE] [BuildCraft|Robotics/BuildCraft|Robotics]: Sending event FMLModIdMappingEvent to mod BuildCraft|Robotics
[14:13:42] [Server thread/TRACE] [BuildCraft|Robotics/BuildCraft|Robotics]: Sent event FMLModIdMappingEvent to mod BuildCraft|Robotics
[14:13:42] [Server thread/DEBUG] [FML/]: Bar Step: ModIdMapping - BC Robotics took 0,000s
[14:13:42] [Server thread/TRACE] [carbonconfig/carbonconfig]: Sending event FMLModIdMappingEvent to mod carbonconfig
[14:13:42] [Server thread/TRACE] [carbonconfig/carbonconfig]: Sent event FMLModIdMappingEvent to mod carbonconfig
[14:13:42] [Server thread/DEBUG] [FML/]: Bar Step: ModIdMapping - Carbon Config Library took 0,000s
[14:13:42] [Server thread/TRACE] [IC2/IC2]: Sending event FMLModIdMappingEvent to mod IC2
[14:13:42] [Server thread/TRACE] [IC2/IC2]: Sent event FMLModIdMappingEvent to mod IC2
[14:13:42] [Server thread/DEBUG] [FML/]: Bar Step: ModIdMapping - IndustrialCraft 2 took 0,000s
[14:13:42] [Server thread/TRACE] [Railcraft/Railcraft]: Sending event FMLModIdMappingEvent to mod Railcraft
[14:13:42] [Server thread/TRACE] [Railcraft/Railcraft]: Sent event FMLModIdMappingEvent to mod Railcraft
[14:13:42] [Server thread/DEBUG] [FML/]: Bar Step: ModIdMapping - Railcraft took 0,000s
[14:13:42] [Server thread/TRACE] [ForgeMultipart/ForgeMultipart]: Sending event FMLModIdMappingEvent to mod ForgeMultipart
[14:13:42] [Server thread/TRACE] [ForgeMultipart/ForgeMultipart]: Sent event FMLModIdMappingEvent to mod ForgeMultipart
[14:13:42] [Server thread/DEBUG] [FML/]: Bar Step: ModIdMapping - Forge Multipart took 0,000s
[14:13:42] [Server thread/TRACE] [chisel/chisel]: Sending event FMLModIdMappingEvent to mod chisel
[14:13:42] [Server thread/TRACE] [chisel/chisel]: Sent event FMLModIdMappingEvent to mod chisel
[14:13:42] [Server thread/DEBUG] [FML/]: Bar Step: ModIdMapping - Chisel took 0,000s
[14:13:42] [Server thread/TRACE] [CarpentersBlocks/CarpentersBlocks]: Sending event FMLModIdMappingEvent to mod CarpentersBlocks
[14:13:42] [Server thread/TRACE] [CarpentersBlocks/CarpentersBlocks]: Sent event FMLModIdMappingEvent to mod CarpentersBlocks
[14:13:42] [Server thread/DEBUG] [FML/]: Bar Step: ModIdMapping - Carpenter's Blocks took 0,000s
[14:13:42] [Server thread/TRACE] [ChickenChunks/ChickenChunks]: Sending event FMLModIdMappingEvent to mod ChickenChunks
[14:13:42] [Server thread/TRACE] [ChickenChunks/ChickenChunks]: Sent event FMLModIdMappingEvent to mod ChickenChunks
[14:13:42] [Server thread/DEBUG] [FML/]: Bar Step: ModIdMapping - ChickenChunks took 0,000s
[14:13:42] [Server thread/TRACE] [ComputerCraft/ComputerCraft]: Sending event FMLModIdMappingEvent to mod ComputerCraft
[14:13:42] [Server thread/TRACE] [ComputerCraft/ComputerCraft]: Sent event FMLModIdMappingEvent to mod ComputerCraft
[14:13:42] [Server thread/DEBUG] [FML/]: Bar Step: ModIdMapping - ComputerCraft took 0,000s
[14:13:42] [Server thread/TRACE] [cookingbook/cookingbook]: Sending event FMLModIdMappingEvent to mod cookingbook
[14:13:42] [Server thread/TRACE] [cookingbook/cookingbook]: Sent event FMLModIdMappingEvent to mod cookingbook
[14:13:42] [Server thread/DEBUG] [FML/]: Bar Step: ModIdMapping - Cooking for Blockheads took 0,000s
[14:13:42] [Server thread/TRACE] [MineTweaker3/MineTweaker3]: Sending event FMLModIdMappingEvent to mod MineTweaker3
[14:13:42] [Server thread/TRACE] [MineTweaker3/MineTweaker3]: Sent event FMLModIdMappingEvent to mod MineTweaker3
[14:13:42] [Server thread/DEBUG] [FML/]: Bar Step: ModIdMapping - MineTweaker 3 took 0,000s
[14:13:42] [Server thread/TRACE] [CustomMainMenu/CustomMainMenu]: Sending event FMLModIdMappingEvent to mod CustomMainMenu
[14:13:42] [Server thread/TRACE] [CustomMainMenu/CustomMainMenu]: Sent event FMLModIdMappingEvent to mod CustomMainMenu
[14:13:42] [Server thread/DEBUG] [FML/]: Bar Step: ModIdMapping - Custom Main Menu took 0,000s
[14:13:42] [Server thread/TRACE] [ThermalFoundation/ThermalFoundation]: Sending event FMLModIdMappingEvent to mod ThermalFoundation
[14:13:42] [Server thread/TRACE] [ThermalFoundation/ThermalFoundation]: Sent event FMLModIdMappingEvent to mod ThermalFoundation
[14:13:42] [Server thread/DEBUG] [FML/]: Bar Step: ModIdMapping - Thermal Foundation took 0,000s
[14:13:42] [Server thread/TRACE] [ThermalExpansion/ThermalExpansion]: Sending event FMLModIdMappingEvent to mod ThermalExpansion
[14:13:42] [Server thread/TRACE] [ThermalExpansion/ThermalExpansion]: Sent event FMLModIdMappingEvent to mod ThermalExpansion
[14:13:42] [Server thread/DEBUG] [FML/]: Bar Step: ModIdMapping - Thermal Expansion took 0,000s
[14:13:42] [Server thread/TRACE] [DraconicEvolution/DraconicEvolution]: Sending event FMLModIdMappingEvent to mod DraconicEvolution
[14:13:42] [Server thread/TRACE] [DraconicEvolution/DraconicEvolution]: Sent event FMLModIdMappingEvent to mod DraconicEvolution
[14:13:42] [Server thread/DEBUG] [FML/]: Bar Step: ModIdMapping - Draconic Evolution took 0,000s
[14:13:42] [Server thread/TRACE] [endercore/endercore]: Sending event FMLModIdMappingEvent to mod endercore
[14:13:42] [Server thread/TRACE] [endercore/endercore]: Sent event FMLModIdMappingEvent to mod endercore
[14:13:42] [Server thread/DEBUG] [FML/]: Bar Step: ModIdMapping - EnderCore took 0,000s
[14:13:42] [Server thread/TRACE] [MineFactoryReloaded/MineFactoryReloaded]: Sending event FMLModIdMappingEvent to mod MineFactoryReloaded
[14:13:42] [Server thread/TRACE] [MineFactoryReloaded/MineFactoryReloaded]: Sent event FMLModIdMappingEvent to mod MineFactoryReloaded
[14:13:42] [Server thread/DEBUG] [FML/]: Bar Step: ModIdMapping - MineFactory Reloaded took 0,015s
[14:13:42] [Server thread/TRACE] [Waila/Waila]: Sending event FMLModIdMappingEvent to mod Waila
[14:13:42] [Server thread/TRACE] [Waila/Waila]: Sent event FMLModIdMappingEvent to mod Waila
[14:13:42] [Server thread/DEBUG] [FML/]: Bar Step: ModIdMapping - Waila took 0,000s
[14:13:42] [Server thread/TRACE] [EnderIO/EnderIO]: Sending event FMLModIdMappingEvent to mod EnderIO
[14:13:42] [Server thread/TRACE] [EnderIO/EnderIO]: Sent event FMLModIdMappingEvent to mod EnderIO
[14:13:42] [Server thread/DEBUG] [FML/]: Bar Step: ModIdMapping - Ender IO took 0,000s
[14:13:42] [Server thread/TRACE] [ShetiPhianCore/ShetiPhianCore]: Sending event FMLModIdMappingEvent to mod ShetiPhianCore
[14:13:42] [Server thread/TRACE] [ShetiPhianCore/ShetiPhianCore]: Sent event FMLModIdMappingEvent to mod ShetiPhianCore
[14:13:42] [Server thread/DEBUG] [FML/]: Bar Step: ModIdMapping - ShetiPhian-Core took 0,000s
[14:13:42] [Server thread/TRACE] [EnderTanks/EnderTanks]: Sending event FMLModIdMappingEvent to mod EnderTanks
[14:13:42] [Server thread/TRACE] [EnderTanks/EnderTanks]: Sent event FMLModIdMappingEvent to mod EnderTanks
[14:13:42] [Server thread/DEBUG] [FML/]: Bar Step: ModIdMapping - EnderTanks took 0,000s
[14:13:42] [Server thread/TRACE] [energycontrol/energycontrol]: Sending event FMLModIdMappingEvent to mod energycontrol
[14:13:42] [Server thread/TRACE] [energycontrol/energycontrol]: Sent event FMLModIdMappingEvent to mod energycontrol
[14:13:42] [Server thread/DEBUG] [FML/]: Bar Step: ModIdMapping - Energy Control took 0,000s
[14:13:42] [Server thread/TRACE] [ExtraUtilities/ExtraUtilities]: Sending event FMLModIdMappingEvent to mod ExtraUtilities
[14:13:42] [Server thread/TRACE] [ExtraUtilities/ExtraUtilities]: Sent event FMLModIdMappingEvent to mod ExtraUtilities
[14:13:42] [Server thread/DEBUG] [FML/]: Bar Step: ModIdMapping - Extra Utilities took 0,000s
[14:13:42] [Server thread/TRACE] [fastleafdecay/fastleafdecay]: Sending event FMLModIdMappingEvent to mod fastleafdecay
[14:13:42] [Server thread/TRACE] [fastleafdecay/fastleafdecay]: Sent event FMLModIdMappingEvent to mod fastleafdecay
[14:13:42] [Server thread/DEBUG] [FML/]: Bar Step: ModIdMapping - Fast Leaf Decay took 0,000s
[14:13:42] [Server thread/TRACE] [Forestry/Forestry]: Sending event FMLModIdMappingEvent to mod Forestry
[14:13:42] [Server thread/TRACE] [Forestry/Forestry]: Sent event FMLModIdMappingEvent to mod Forestry
[14:13:42] [Server thread/DEBUG] [FML/]: Bar Step: ModIdMapping - Forestry for Minecraft took 0,000s
[14:13:42] [Server thread/TRACE] [FTBL/FTBL]: Sending event FMLModIdMappingEvent to mod FTBL
[14:13:42] [Server thread/TRACE] [FTBL/FTBL]: Sent event FMLModIdMappingEvent to mod FTBL
[14:13:42] [Server thread/DEBUG] [FML/]: Bar Step: ModIdMapping - FTBLib took 0,000s
[14:13:42] [Server thread/TRACE] [FTBT/FTBT]: Sending event FMLModIdMappingEvent to mod FTBT
[14:13:42] [Server thread/TRACE] [FTBT/FTBT]: Sent event FMLModIdMappingEvent to mod FTBT
[14:13:42] [Server thread/DEBUG] [FML/]: Bar Step: ModIdMapping - FTB Tweaks took 0,000s
[14:13:42] [Server thread/TRACE] [FTBU/FTBU]: Sending event FMLModIdMappingEvent to mod FTBU
[14:13:42] [Server thread/TRACE] [FTBU/FTBU]: Sent event FMLModIdMappingEvent to mod FTBU
[14:13:42] [Server thread/DEBUG] [FML/]: Bar Step: ModIdMapping - FTBUtilities took 0,000s
[14:13:42] [Server thread/TRACE] [spongemixins/spongemixins]: Sending event FMLModIdMappingEvent to mod spongemixins
[14:13:42] [Server thread/TRACE] [spongemixins/spongemixins]: Sent event FMLModIdMappingEvent to mod spongemixins
[14:13:42] [Server thread/DEBUG] [FML/]: Bar Step: ModIdMapping - SpongeMixins Loader took 0,000s
[14:13:42] [Server thread/TRACE] [gtnhmixins/gtnhmixins]: Sending event FMLModIdMappingEvent to mod gtnhmixins
[14:13:42] [Server thread/TRACE] [gtnhmixins/gtnhmixins]: Sent event FMLModIdMappingEvent to mod gtnhmixins
[14:13:42] [Server thread/DEBUG] [FML/]: Bar Step: ModIdMapping - GTNHMixins took 0,000s
[14:13:42] [Server thread/TRACE] [hbm/hbm]: Sending event FMLModIdMappingEvent to mod hbm
[14:13:42] [Server thread/TRACE] [hbm/hbm]: Sent event FMLModIdMappingEvent to mod hbm
[14:13:42] [Server thread/DEBUG] [FML/]: Bar Step: ModIdMapping - Hbm's Nuclear Tech took 0,000s
[14:13:42] [Server thread/TRACE] [IC2NuclearControl/IC2NuclearControl]: Sending event FMLModIdMappingEvent to mod IC2NuclearControl
[14:13:42] [Server thread/TRACE] [IC2NuclearControl/IC2NuclearControl]: Sent event FMLModIdMappingEvent to mod IC2NuclearControl
[14:13:42] [Server thread/DEBUG] [FML/]: Bar Step: ModIdMapping - Nuclear Control 2 took 0,000s
[14:13:42] [Server thread/TRACE] [ImmersiveEngineering/ImmersiveEngineering]: Sending event FMLModIdMappingEvent to mod ImmersiveEngineering
[14:13:42] [Server thread/TRACE] [ImmersiveEngineering/ImmersiveEngineering]: Sent event FMLModIdMappingEvent to mod ImmersiveEngineering
[14:13:42] [Server thread/DEBUG] [FML/]: Bar Step: ModIdMapping - Immersive Engineering took 0,000s
[14:13:42] [Server thread/TRACE] [immersiveintegration/immersiveintegration]: Sending event FMLModIdMappingEvent to mod immersiveintegration
[14:13:42] [Server thread/TRACE] [immersiveintegration/immersiveintegration]: Sent event FMLModIdMappingEvent to mod immersiveintegration
[14:13:42] [Server thread/DEBUG] [FML/]: Bar Step: ModIdMapping - Immersive Integration took 0,000s
[14:13:42] [Server thread/TRACE] [IndustrialPeripheral/IndustrialPeripheral]: Sending event FMLModIdMappingEvent to mod IndustrialPeripheral
[14:13:42] [Server thread/TRACE] [IndustrialPeripheral/IndustrialPeripheral]: Sent event FMLModIdMappingEvent to mod IndustrialPeripheral
[14:13:42] [Server thread/DEBUG] [FML/]: Bar Step: ModIdMapping - Industrial Peripheral took 0,000s
[14:13:42] [Server thread/TRACE] [malisiscore/malisiscore]: Sending event FMLModIdMappingEvent to mod malisiscore
[14:13:42] [Server thread/TRACE] [malisiscore/malisiscore]: Sent event FMLModIdMappingEvent to mod malisiscore
[14:13:42] [Server thread/DEBUG] [FML/]: Bar Step: ModIdMapping - MalisisCore took 0,000s
[14:13:42] [Server thread/TRACE] [malisisdoors/malisisdoors]: Sending event FMLModIdMappingEvent to mod malisisdoors
[14:13:42] [Server thread/TRACE] [malisisdoors/malisisdoors]: Sent event FMLModIdMappingEvent to mod malisisdoors
[14:13:42] [Server thread/DEBUG] [FML/]: Bar Step: ModIdMapping - Malisis' Doors took 0,000s
[14:13:42] [Server thread/TRACE] [Mekanism/Mekanism]: Sending event FMLModIdMappingEvent to mod Mekanism
[14:13:42] [Server thread/TRACE] [Mekanism/Mekanism]: Sent event FMLModIdMappingEvent to mod Mekanism
[14:13:42] [Server thread/DEBUG] [FML/]: Bar Step: ModIdMapping - Mekanism took 0,000s
[14:13:42] [Server thread/TRACE] [MekanismGenerators/MekanismGenerators]: Sending event FMLModIdMappingEvent to mod MekanismGenerators
[14:13:42] [Server thread/TRACE] [MekanismGenerators/MekanismGenerators]: Sent event FMLModIdMappingEvent to mod MekanismGenerators
[14:13:42] [Server thread/DEBUG] [FML/]: Bar Step: ModIdMapping - MekanismGenerators took 0,000s
[14:13:42] [Server thread/TRACE] [MekanismTools/MekanismTools]: Sending event FMLModIdMappingEvent to mod MekanismTools
[14:13:42] [Server thread/TRACE] [MekanismTools/MekanismTools]: Sent event FMLModIdMappingEvent to mod MekanismTools
[14:13:42] [Server thread/DEBUG] [FML/]: Bar Step: ModIdMapping - MekanismTools took 0,000s
[14:13:42] [Server thread/TRACE] [mfs/mfs]: Sending event FMLModIdMappingEvent to mod mfs
[14:13:42] [Server thread/TRACE] [mfs/mfs]: Sent event FMLModIdMappingEvent to mod mfs
[14:13:42] [Server thread/DEBUG] [FML/]: Bar Step: ModIdMapping - Minecraft Flight Simulator took 0,000s
[14:13:42] [Server thread/TRACE] [MineFactoryReloaded|CompatAppliedEnergistics/MineFactoryReloaded|CompatAppliedEnergistics]: Sending event FMLModIdMappingEvent to mod MineFactoryReloaded|CompatAppliedEnergistics
[14:13:42] [Server thread/TRACE] [MineFactoryReloaded|CompatAppliedEnergistics/MineFactoryReloaded|CompatAppliedEnergistics]: Sent event FMLModIdMappingEvent to mod MineFactoryReloaded|CompatAppliedEnergistics
[14:13:42] [Server thread/DEBUG] [FML/]: Bar Step: ModIdMapping - MFR Compat: Applied Energistics took 0,000s
[14:13:42] [Server thread/TRACE] [MineFactoryReloaded|CompatBuildCraft/MineFactoryReloaded|CompatBuildCraft]: Sending event FMLModIdMappingEvent to mod MineFactoryReloaded|CompatBuildCraft
[14:13:42] [Server thread/TRACE] [MineFactoryReloaded|CompatBuildCraft/MineFactoryReloaded|CompatBuildCraft]: Sent event FMLModIdMappingEvent to mod MineFactoryReloaded|CompatBuildCraft
[14:13:42] [Server thread/DEBUG] [FML/]: Bar Step: ModIdMapping - MFR Compat: BuildCraft took 0,000s
[14:13:42] [Server thread/TRACE] [MineFactoryReloaded|CompatForestry/MineFactoryReloaded|CompatForestry]: Sending event FMLModIdMappingEvent to mod MineFactoryReloaded|CompatForestry
[14:13:42] [Server thread/TRACE] [MineFactoryReloaded|CompatForestry/MineFactoryReloaded|CompatForestry]: Sent event FMLModIdMappingEvent to mod MineFactoryReloaded|CompatForestry
[14:13:42] [Server thread/DEBUG] [FML/]: Bar Step: ModIdMapping - MFR Compat: Forestry took 0,000s
[14:13:42] [Server thread/TRACE] [MineFactoryReloaded|CompatForgeMicroblock/MineFactoryReloaded|CompatForgeMicroblock]: Sending event FMLModIdMappingEvent to mod MineFactoryReloaded|CompatForgeMicroblock
[14:13:42] [Server thread/TRACE] [MineFactoryReloaded|CompatForgeMicroblock/MineFactoryReloaded|CompatForgeMicroblock]: Sent event FMLModIdMappingEvent to mod MineFactoryReloaded|CompatForgeMicroblock
[14:13:42] [Server thread/DEBUG] [FML/]: Bar Step: ModIdMapping - MFR Compat: ForgeMicroblock took 0,000s
[14:13:42] [Server thread/TRACE] [MineFactoryReloaded|CompatIC2/MineFactoryReloaded|CompatIC2]: Sending event FMLModIdMappingEvent to mod MineFactoryReloaded|CompatIC2
[14:13:42] [Server thread/TRACE] [MineFactoryReloaded|CompatIC2/MineFactoryReloaded|CompatIC2]: Sent event FMLModIdMappingEvent to mod MineFactoryReloaded|CompatIC2
[14:13:42] [Server thread/DEBUG] [FML/]: Bar Step: ModIdMapping - MFR Compat: IC2 took 0,000s
[14:13:42] [Server thread/TRACE] [MrTJPCoreMod/MrTJPCoreMod]: Sending event FMLModIdMappingEvent to mod MrTJPCoreMod
[14:13:42] [Server thread/TRACE] [MrTJPCoreMod/MrTJPCoreMod]: Sent event FMLModIdMappingEvent to mod MrTJPCoreMod
[14:13:42] [Server thread/DEBUG] [FML/]: Bar Step: ModIdMapping - MrTJPCore took 0,000s
[14:13:42] [Server thread/TRACE] [ProjRed|Core/ProjRed|Core]: Sending event FMLModIdMappingEvent to mod ProjRed|Core
[14:13:42] [Server thread/TRACE] [ProjRed|Core/ProjRed|Core]: Sent event FMLModIdMappingEvent to mod ProjRed|Core
[14:13:42] [Server thread/DEBUG] [FML/]: Bar Step: ModIdMapping - ProjectRed Core took 0,000s
[14:13:42] [Server thread/TRACE] [ProjRed|Exploration/ProjRed|Exploration]: Sending event FMLModIdMappingEvent to mod ProjRed|Exploration
[14:13:42] [Server thread/TRACE] [ProjRed|Exploration/ProjRed|Exploration]: Sent event FMLModIdMappingEvent to mod ProjRed|Exploration
[14:13:42] [Server thread/DEBUG] [FML/]: Bar Step: ModIdMapping - ProjectRed Exploration took 0,000s
[14:13:42] [Server thread/TRACE] [MineFactoryReloaded|CompatProjRed/MineFactoryReloaded|CompatProjRed]: Sending event FMLModIdMappingEvent to mod MineFactoryReloaded|CompatProjRed
[14:13:42] [Server thread/TRACE] [MineFactoryReloaded|CompatProjRed/MineFactoryReloaded|CompatProjRed]: Sent event FMLModIdMappingEvent to mod MineFactoryReloaded|CompatProjRed
[14:13:42] [Server thread/DEBUG] [FML/]: Bar Step: ModIdMapping - MFR Compat ProjectRed took 0,000s
[14:13:42] [Server thread/TRACE] [MineFactoryReloaded|CompatRailcraft/MineFactoryReloaded|CompatRailcraft]: Sending event FMLModIdMappingEvent to mod MineFactoryReloaded|CompatRailcraft
[14:13:42] [Server thread/TRACE] [MineFactoryReloaded|CompatRailcraft/MineFactoryReloaded|CompatRailcraft]: Sent event FMLModIdMappingEvent to mod MineFactoryReloaded|CompatRailcraft
[14:13:42] [Server thread/DEBUG] [FML/]: Bar Step: ModIdMapping - MFR Compat: Railcraft took 0,000s
[14:13:42] [Server thread/TRACE] [MineFactoryReloaded|CompatThermalExpansion/MineFactoryReloaded|CompatThermalExpansion]: Sending event FMLModIdMappingEvent to mod MineFactoryReloaded|CompatThermalExpansion
[14:13:42] [Server thread/TRACE] [MineFactoryReloaded|CompatThermalExpansion/MineFactoryReloaded|CompatThermalExpansion]: Sent event FMLModIdMappingEvent to mod MineFactoryReloaded|CompatThermalExpansion
[14:13:42] [Server thread/DEBUG] [FML/]: Bar Step: ModIdMapping - MFR Compat: Thermal Expansion took 0,000s
[14:13:42] [Server thread/TRACE] [MineFactoryReloaded|CompatVanilla/MineFactoryReloaded|CompatVanilla]: Sending event FMLModIdMappingEvent to mod MineFactoryReloaded|CompatVanilla
[14:13:42] [Server thread/TRACE] [MineFactoryReloaded|CompatVanilla/MineFactoryReloaded|CompatVanilla]: Sent event FMLModIdMappingEvent to mod MineFactoryReloaded|CompatVanilla
[14:13:42] [Server thread/DEBUG] [FML/]: Bar Step: ModIdMapping - MFR Compat: Vanilla took 0,000s
[14:13:42] [Server thread/TRACE] [modtweaker2/modtweaker2]: Sending event FMLModIdMappingEvent to mod modtweaker2
[14:13:42] [Server thread/TRACE] [modtweaker2/modtweaker2]: Sent event FMLModIdMappingEvent to mod modtweaker2
[14:13:42] [Server thread/DEBUG] [FML/]: Bar Step: ModIdMapping - Mod Tweaker 2 took 0,000s
[14:13:42] [Server thread/TRACE] [Monoblocks/Monoblocks]: Sending event FMLModIdMappingEvent to mod Monoblocks
[14:13:42] [Server thread/TRACE] [Monoblocks/Monoblocks]: Sent event FMLModIdMappingEvent to mod Monoblocks
[14:13:42] [Server thread/DEBUG] [FML/]: Bar Step: ModIdMapping - �cMonoblocks took 0,000s
[14:13:42] [Server thread/TRACE] [MonoblocksMultipart/MonoblocksMultipart]: Sending event FMLModIdMappingEvent to mod MonoblocksMultipart
[14:13:42] [Server thread/TRACE] [MonoblocksMultipart/MonoblocksMultipart]: Sent event FMLModIdMappingEvent to mod MonoblocksMultipart
[14:13:42] [Server thread/DEBUG] [FML/]: Bar Step: ModIdMapping - MonoblocksMultipart took 0,000s
[14:13:42] [Server thread/TRACE] [cfm/cfm]: Sending event FMLModIdMappingEvent to mod cfm
[14:13:42] [Server thread/TRACE] [cfm/cfm]: Sent event FMLModIdMappingEvent to mod cfm
[14:13:42] [Server thread/DEBUG] [FML/]: Bar Step: ModIdMapping - �9MrCrayfish's Furniture Mod took 0,000s
[14:13:42] [Server thread/TRACE] [NuclearCraft/NuclearCraft]: Sending event FMLModIdMappingEvent to mod NuclearCraft
[14:13:42] [Server thread/TRACE] [NuclearCraft/NuclearCraft]: Sent event FMLModIdMappingEvent to mod NuclearCraft
[14:13:42] [Server thread/DEBUG] [FML/]: Bar Step: ModIdMapping - NuclearCraft took 0,000s
[14:13:42] [Server thread/TRACE] [OpenMods/OpenMods]: Sending event FMLModIdMappingEvent to mod OpenMods
[14:13:42] [Server thread/TRACE] [OpenMods/OpenMods]: Sent event FMLModIdMappingEvent to mod OpenMods
[14:13:42] [Server thread/DEBUG] [FML/]: Bar Step: ModIdMapping - OpenMods took 0,000s
[14:13:42] [Server thread/TRACE] [OpenBlocks/OpenBlocks]: Sending event FMLModIdMappingEvent to mod OpenBlocks
[14:13:42] [Server thread/TRACE] [OpenBlocks/OpenBlocks]: Sent event FMLModIdMappingEvent to mod OpenBlocks
[14:13:42] [Server thread/DEBUG] [FML/]: Bar Step: ModIdMapping - OpenBlocks took 0,000s
[14:13:42] [Server thread/TRACE] [ProjRed|Transmission/ProjRed|Transmission]: Sending event FMLModIdMappingEvent to mod ProjRed|Transmission
[14:13:42] [Server thread/TRACE] [ProjRed|Transmission/ProjRed|Transmission]: Sent event FMLModIdMappingEvent to mod ProjRed|Transmission
[14:13:42] [Server thread/DEBUG] [FML/]: Bar Step: ModIdMapping - ProjectRed Transmission took 0,000s
[14:13:42] [Server thread/TRACE] [OpenComputers/OpenComputers]: Sending event FMLModIdMappingEvent to mod OpenComputers
[14:13:42] [Server thread/TRACE] [OpenComputers/OpenComputers]: Sent event FMLModIdMappingEvent to mod OpenComputers
[14:13:42] [Server thread/DEBUG] [FML/]: Bar Step: ModIdMapping - OpenComputers took 0,000s
[14:13:42] [Server thread/TRACE] [openmodularturrets/openmodularturrets]: Sending event FMLModIdMappingEvent to mod openmodularturrets
[14:13:42] [Server thread/TRACE] [openmodularturrets/openmodularturrets]: Sent event FMLModIdMappingEvent to mod openmodularturrets
[14:13:42] [Server thread/DEBUG] [FML/]: Bar Step: ModIdMapping - Open Modular Turrets took 0,000s
[14:13:42] [Server thread/TRACE] [OpenPeripheralCore/OpenPeripheralCore]: Sending event FMLModIdMappingEvent to mod OpenPeripheralCore
[14:13:42] [Server thread/TRACE] [OpenPeripheralCore/OpenPeripheralCore]: Sent event FMLModIdMappingEvent to mod OpenPeripheralCore
[14:13:42] [Server thread/DEBUG] [FML/]: Bar Step: ModIdMapping - OpenPeripheralCore took 0,000s
[14:13:42] [Server thread/TRACE] [OpenPeripheral/OpenPeripheral]: Sending event FMLModIdMappingEvent to mod OpenPeripheral
[14:13:42] [Server thread/TRACE] [OpenPeripheral/OpenPeripheral]: Sent event FMLModIdMappingEvent to mod OpenPeripheral
[14:13:42] [Server thread/DEBUG] [FML/]: Bar Step: ModIdMapping - OpenPeripheralAddons took 0,000s
[14:13:42] [Server thread/TRACE] [OpenPeripheralIntegration/OpenPeripheralIntegration]: Sending event FMLModIdMappingEvent to mod OpenPeripheralIntegration
[14:13:42] [Server thread/TRACE] [OpenPeripheralIntegration/OpenPeripheralIntegration]: Sent event FMLModIdMappingEvent to mod OpenPeripheralIntegration
[14:13:42] [Server thread/DEBUG] [FML/]: Bar Step: ModIdMapping - OpenPeripheralIntegration took 0,000s
[14:13:42] [Server thread/TRACE] [opensecurity/opensecurity]: Sending event FMLModIdMappingEvent to mod opensecurity
[14:13:42] [Server thread/TRACE] [opensecurity/opensecurity]: Sent event FMLModIdMappingEvent to mod opensecurity
[14:13:42] [Server thread/DEBUG] [FML/]: Bar Step: ModIdMapping - OpenSecurity took 0,000s
[14:13:42] [Server thread/TRACE] [p455w0rdslib/p455w0rdslib]: Sending event FMLModIdMappingEvent to mod p455w0rdslib
[14:13:42] [Server thread/TRACE] [p455w0rdslib/p455w0rdslib]: Sent event FMLModIdMappingEvent to mod p455w0rdslib
[14:13:42] [Server thread/DEBUG] [FML/]: Bar Step: ModIdMapping - p455w0rd's Library took 0,000s
[14:13:42] [Server thread/TRACE] [physica/physica]: Sending event FMLModIdMappingEvent to mod physica
[14:13:42] [Server thread/TRACE] [physica/physica]: Sent event FMLModIdMappingEvent to mod physica
[14:13:42] [Server thread/DEBUG] [FML/]: Bar Step: ModIdMapping - Physica took 0,000s
[14:13:42] [Server thread/TRACE] [physicanuclearphysics/physicanuclearphysics]: Sending event FMLModIdMappingEvent to mod physicanuclearphysics
[14:13:42] [Server thread/TRACE] [physicanuclearphysics/physicanuclearphysics]: Sent event FMLModIdMappingEvent to mod physicanuclearphysics
[14:13:42] [Server thread/DEBUG] [FML/]: Bar Step: ModIdMapping - PhysicaNuclearPhysics took 0,000s
[14:13:42] [Server thread/TRACE] [PowerConverters3/PowerConverters3]: Sending event FMLModIdMappingEvent to mod PowerConverters3
[14:13:42] [Server thread/TRACE] [PowerConverters3/PowerConverters3]: Sent event FMLModIdMappingEvent to mod PowerConverters3
[14:13:42] [Server thread/DEBUG] [FML/]: Bar Step: ModIdMapping - Power Converters 3 took 0,000s
[14:13:42] [Server thread/TRACE] [pressure/pressure]: Sending event FMLModIdMappingEvent to mod pressure
[14:13:42] [Server thread/TRACE] [pressure/pressure]: Sent event FMLModIdMappingEvent to mod pressure
[14:13:42] [Server thread/DEBUG] [FML/]: Bar Step: ModIdMapping - Pressure Pipes took 0,000s
[14:13:42] [Server thread/TRACE] [ProjRed|Transportation/ProjRed|Transportation]: Sending event FMLModIdMappingEvent to mod ProjRed|Transportation
[14:13:42] [Server thread/TRACE] [ProjRed|Transportation/ProjRed|Transportation]: Sent event FMLModIdMappingEvent to mod ProjRed|Transportation
[14:13:42] [Server thread/DEBUG] [FML/]: Bar Step: ModIdMapping - ProjectRed Transportation took 0,000s
[14:13:42] [Server thread/TRACE] [ProjRed|Compatibility/ProjRed|Compatibility]: Sending event FMLModIdMappingEvent to mod ProjRed|Compatibility
[14:13:42] [Server thread/TRACE] [ProjRed|Compatibility/ProjRed|Compatibility]: Sent event FMLModIdMappingEvent to mod ProjRed|Compatibility
[14:13:42] [Server thread/DEBUG] [FML/]: Bar Step: ModIdMapping - ProjectRed Compatibility took 0,000s
[14:13:42] [Server thread/TRACE] [ProjRed|Integration/ProjRed|Integration]: Sending event FMLModIdMappingEvent to mod ProjRed|Integration
[14:13:42] [Server thread/TRACE] [ProjRed|Integration/ProjRed|Integration]: Sent event FMLModIdMappingEvent to mod ProjRed|Integration
[14:13:42] [Server thread/DEBUG] [FML/]: Bar Step: ModIdMapping - ProjectRed Integration took 0,000s
[14:13:42] [Server thread/TRACE] [ProjRed|Fabrication/ProjRed|Fabrication]: Sending event FMLModIdMappingEvent to mod ProjRed|Fabrication
[14:13:42] [Server thread/TRACE] [ProjRed|Fabrication/ProjRed|Fabrication]: Sent event FMLModIdMappingEvent to mod ProjRed|Fabrication
[14:13:42] [Server thread/DEBUG] [FML/]: Bar Step: ModIdMapping - ProjectRed Fabrication took 0,000s
[14:13:42] [Server thread/TRACE] [ProjRed|Illumination/ProjRed|Illumination]: Sending event FMLModIdMappingEvent to mod ProjRed|Illumination
[14:13:42] [Server thread/TRACE] [ProjRed|Illumination/ProjRed|Illumination]: Sent event FMLModIdMappingEvent to mod ProjRed|Illumination
[14:13:42] [Server thread/DEBUG] [FML/]: Bar Step: ModIdMapping - ProjectRed Illumination took 0,000s
[14:13:42] [Server thread/TRACE] [ProjRed|Expansion/ProjRed|Expansion]: Sending event FMLModIdMappingEvent to mod ProjRed|Expansion
[14:13:42] [Server thread/TRACE] [ProjRed|Expansion/ProjRed|Expansion]: Sent event FMLModIdMappingEvent to mod ProjRed|Expansion
[14:13:42] [Server thread/DEBUG] [FML/]: Bar Step: ModIdMapping - ProjectRed Expansion took 0,000s
[14:13:42] [Server thread/TRACE] [ResourceLoader/ResourceLoader]: Sending event FMLModIdMappingEvent to mod ResourceLoader
[14:13:42] [Server thread/TRACE] [ResourceLoader/ResourceLoader]: Sent event FMLModIdMappingEvent to mod ResourceLoader
[14:13:42] [Server thread/DEBUG] [FML/]: Bar Step: ModIdMapping - Resource Loader took 0,000s
[14:13:42] [Server thread/TRACE] [rftools/rftools]: Sending event FMLModIdMappingEvent to mod rftools
[14:13:42] [Server thread/TRACE] [rftools/rftools]: Sent event FMLModIdMappingEvent to mod rftools
[14:13:42] [Server thread/DEBUG] [FML/]: Bar Step: ModIdMapping - RFTools took 0,000s
[14:13:42] [Server thread/TRACE] [signpic/signpic]: Sending event FMLModIdMappingEvent to mod signpic
[14:13:42] [Server thread/TRACE] [signpic/signpic]: Sent event FMLModIdMappingEvent to mod signpic
[14:13:42] [Server thread/DEBUG] [FML/]: Bar Step: ModIdMapping - SignPicture took 0,000s
[14:13:42] [Server thread/TRACE] [spark/spark]: Sending event FMLModIdMappingEvent to mod spark
[14:13:42] [Server thread/TRACE] [spark/spark]: Sent event FMLModIdMappingEvent to mod spark
[14:13:42] [Server thread/DEBUG] [FML/]: Bar Step: ModIdMapping - spark took 0,000s
[14:13:42] [Server thread/TRACE] [StorageDrawers/StorageDrawers]: Sending event FMLModIdMappingEvent to mod StorageDrawers
[14:13:42] [Server thread/TRACE] [StorageDrawers/StorageDrawers]: Sent event FMLModIdMappingEvent to mod StorageDrawers
[14:13:42] [Server thread/DEBUG] [FML/]: Bar Step: ModIdMapping - Storage Drawers took 0,000s
[14:13:42] [Server thread/TRACE] [svm/svm]: Sending event FMLModIdMappingEvent to mod svm
[14:13:42] [Server thread/TRACE] [svm/svm]: Sent event FMLModIdMappingEvent to mod svm
[14:13:42] [Server thread/DEBUG] [FML/]: Bar Step: ModIdMapping - Saracalia's Vehicle Mod took 0,000s
[14:13:42] [Server thread/TRACE] [ThermalDynamics/ThermalDynamics]: Sending event FMLModIdMappingEvent to mod ThermalDynamics
[14:13:42] [Server thread/TRACE] [ThermalDynamics/ThermalDynamics]: Sent event FMLModIdMappingEvent to mod ThermalDynamics
[14:13:42] [Server thread/DEBUG] [FML/]: Bar Step: ModIdMapping - Thermal Dynamics took 0,000s
[14:13:42] [Server thread/TRACE] [WailaHarvestability/WailaHarvestability]: Sending event FMLModIdMappingEvent to mod WailaHarvestability
[14:13:42] [Server thread/TRACE] [WailaHarvestability/WailaHarvestability]: Sent event FMLModIdMappingEvent to mod WailaHarvestability
[14:13:42] [Server thread/DEBUG] [FML/]: Bar Step: ModIdMapping - Waila Harvestability took 0,000s
[14:13:42] [Server thread/TRACE] [waystones/waystones]: Sending event FMLModIdMappingEvent to mod waystones
[14:13:42] [Server thread/TRACE] [waystones/waystones]: Sent event FMLModIdMappingEvent to mod waystones
[14:13:42] [Server thread/DEBUG] [FML/]: Bar Step: ModIdMapping - Waystones took 0,000s
[14:13:42] [Server thread/TRACE] [ae2wct/ae2wct]: Sending event FMLModIdMappingEvent to mod ae2wct
[14:13:42] [Server thread/TRACE] [ae2wct/ae2wct]: Sent event FMLModIdMappingEvent to mod ae2wct
[14:13:42] [Server thread/DEBUG] [FML/]: Bar Step: ModIdMapping - AE2 Wireless Crafting Terminal took 0,000s
[14:13:42] [Server thread/TRACE] [worldedit/worldedit]: Sending event FMLModIdMappingEvent to mod worldedit
[14:13:42] [Server thread/TRACE] [worldedit/worldedit]: Sent event FMLModIdMappingEvent to mod worldedit
[14:13:42] [Server thread/DEBUG] [FML/]: Bar Step: ModIdMapping - WorldEdit took 0,000s
[14:13:42] [Server thread/TRACE] [McMultipart/McMultipart]: Sending event FMLModIdMappingEvent to mod McMultipart
[14:13:42] [Server thread/TRACE] [McMultipart/McMultipart]: Sent event FMLModIdMappingEvent to mod McMultipart
[14:13:42] [Server thread/DEBUG] [FML/]: Bar Step: ModIdMapping - Minecraft Multipart Plugin took 0,000s
[14:13:42] [Server thread/TRACE] [ForgeRelocation/ForgeRelocation]: Sending event FMLModIdMappingEvent to mod ForgeRelocation
[14:13:42] [Server thread/TRACE] [ForgeRelocation/ForgeRelocation]: Sent event FMLModIdMappingEvent to mod ForgeRelocation
[14:13:42] [Server thread/DEBUG] [FML/]: Bar Step: ModIdMapping - ForgeRelocation took 0,000s
[14:13:42] [Server thread/TRACE] [MCFrames/MCFrames]: Sending event FMLModIdMappingEvent to mod MCFrames
[14:13:42] [Server thread/TRACE] [MCFrames/MCFrames]: Sent event FMLModIdMappingEvent to mod MCFrames
[14:13:42] [Server thread/DEBUG] [FML/]: Bar Step: ModIdMapping - MCFrames took 0,000s
[14:13:42] [Server thread/TRACE] [RelocationFMP/RelocationFMP]: Sending event FMLModIdMappingEvent to mod RelocationFMP
[14:13:42] [Server thread/TRACE] [RelocationFMP/RelocationFMP]: Sent event FMLModIdMappingEvent to mod RelocationFMP
[14:13:42] [Server thread/DEBUG] [FML/]: Bar Step: ModIdMapping - RelocationFMP took 0,000s
[14:13:42] [Server thread/TRACE] [ForgeMicroblock/ForgeMicroblock]: Sending event FMLModIdMappingEvent to mod ForgeMicroblock
[14:13:42] [Server thread/TRACE] [ForgeMicroblock/ForgeMicroblock]: Sent event FMLModIdMappingEvent to mod ForgeMicroblock
[14:13:42] [Server thread/DEBUG] [FML/]: Bar Step: ModIdMapping - Forge Microblocks took 0,000s
[14:13:42] [Server thread/DEBUG] [FML/]: Bar Finished: ModIdMapping took 0,036s
[14:13:42] [Server thread/INFO] [FML/]: Applying holder lookups
[14:13:42] [Server thread/INFO] [FML/]: Holder lookups applied
[14:13:42] [Server thread/TRACE] [mcp/mcp]: Sending event FMLServerStoppedEvent to mod mcp
[14:13:42] [Server thread/TRACE] [mcp/mcp]: Sent event FMLServerStoppedEvent to mod mcp
[14:13:42] [Server thread/DEBUG] [FML/]: Bar Step: ServerStopped - Minecraft Coder Pack took 0,001s
[14:13:42] [Server thread/TRACE] [FML/FML]: Sending event FMLServerStoppedEvent to mod FML
[14:13:42] [Server thread/TRACE] [FML/FML]: Sent event FMLServerStoppedEvent to mod FML
[14:13:42] [Server thread/DEBUG] [FML/]: Bar Step: ServerStopped - Forge Mod Loader took 0,001s
[14:13:42] [Server thread/TRACE] [Forge/Forge]: Sending event FMLServerStoppedEvent to mod Forge
[14:13:42] [Server thread/TRACE] [Forge/Forge]: Sent event FMLServerStoppedEvent to mod Forge
[14:13:42] [Server thread/DEBUG] [FML/]: Bar Step: ServerStopped - Minecraft Forge took 0,000s
[14:13:42] [Server thread/TRACE] [AdvancedRocketryCore/AdvancedRocketryCore]: Sending event FMLServerStoppedEvent to mod AdvancedRocketryCore
[14:13:42] [Server thread/TRACE] [AdvancedRocketryCore/AdvancedRocketryCore]: Sent event FMLServerStoppedEvent to mod AdvancedRocketryCore
[14:13:42] [Server thread/DEBUG] [FML/]: Bar Step: ServerStopped - Advanced Rocketry took 0,000s
[14:13:42] [Server thread/TRACE] [appliedenergistics2-core/appliedenergistics2-core]: Sending event FMLServerStoppedEvent to mod appliedenergistics2-core
[14:13:42] [Server thread/TRACE] [appliedenergistics2-core/appliedenergistics2-core]: Sent event FMLServerStoppedEvent to mod appliedenergistics2-core
[14:13:42] [Server thread/DEBUG] [FML/]: Bar Step: ServerStopped - Applied Energistics 2 Core took 0,000s
[14:13:42] [Server thread/TRACE] [Aroma1997Core/Aroma1997Core]: Sending event FMLServerStoppedEvent to mod Aroma1997Core
[14:13:42] [Server thread/TRACE] [Aroma1997Core/Aroma1997Core]: Sent event FMLServerStoppedEvent to mod Aroma1997Core
[14:13:42] [Server thread/DEBUG] [FML/]: Bar Step: ServerStopped - Aroma1997Core took 0,000s
[14:13:42] [Server thread/TRACE] [CodeChickenCore/CodeChickenCore]: Sending event FMLServerStoppedEvent to mod CodeChickenCore
[14:13:42] [Server thread/TRACE] [CodeChickenCore/CodeChickenCore]: Sent event FMLServerStoppedEvent to mod CodeChickenCore
[14:13:42] [Server thread/DEBUG] [FML/]: Bar Step: ServerStopped - CodeChicken Core took 0,000s
[14:13:42] [Server thread/TRACE] [OpenComputers|Core/OpenComputers|Core]: Sending event FMLServerStoppedEvent to mod OpenComputers|Core
[14:13:42] [Server thread/TRACE] [OpenComputers|Core/OpenComputers|Core]: Sent event FMLServerStoppedEvent to mod OpenComputers|Core
[14:13:42] [Server thread/DEBUG] [FML/]: Bar Step: ServerStopped - OpenComputers (Core) took 0,000s
[14:13:42] [Server thread/TRACE] [OpenEye/OpenEye]: Sending event FMLServerStoppedEvent to mod OpenEye
[14:13:42] [Server thread/TRACE] [OpenEye/OpenEye]: Sent event FMLServerStoppedEvent to mod OpenEye
[14:13:42] [Server thread/DEBUG] [FML/]: Bar Step: ServerStopped - OpenEye took 0,000s
[14:13:42] [Server thread/TRACE] [OpenModsCore/OpenModsCore]: Sending event FMLServerStoppedEvent to mod OpenModsCore
[14:13:42] [Server thread/TRACE] [OpenModsCore/OpenModsCore]: Sent event FMLServerStoppedEvent to mod OpenModsCore
[14:13:42] [Server thread/DEBUG] [FML/]: Bar Step: ServerStopped - OpenModsCore took 0,000s
[14:13:42] [Server thread/TRACE] [<CoFH ASM>/<CoFH ASM>]: Sending event FMLServerStoppedEvent to mod <CoFH ASM>
[14:13:42] [Server thread/TRACE] [<CoFH ASM>/<CoFH ASM>]: Sent event FMLServerStoppedEvent to mod <CoFH ASM>
[14:13:42] [Server thread/DEBUG] [FML/]: Bar Step: ServerStopped - CoFH ASM took 0,000s
[14:13:42] [Server thread/TRACE] [securitycraft/securitycraft]: Sending event FMLServerStoppedEvent to mod securitycraft
[14:13:42] [Server thread/TRACE] [securitycraft/securitycraft]: Sent event FMLServerStoppedEvent to mod securitycraft
[14:13:42] [Server thread/DEBUG] [FML/]: Bar Step: ServerStopped - SecurityCraft took 0,000s
[14:13:42] [Server thread/TRACE] [CoFHCore/CoFHCore]: Sending event FMLServerStoppedEvent to mod CoFHCore
[14:13:42] [Server thread/TRACE] [CoFHCore/CoFHCore]: Sent event FMLServerStoppedEvent to mod CoFHCore
[14:13:42] [Server thread/DEBUG] [FML/]: Bar Step: ServerStopped - CoFH Core took 0,000s
[14:13:42] [Server thread/TRACE] [BuildCraft|Core/BuildCraft|Core]: Sending event FMLServerStoppedEvent to mod BuildCraft|Core
[14:13:42] [Server thread/TRACE] [BuildCraft|Core/BuildCraft|Core]: Sent event FMLServerStoppedEvent to mod BuildCraft|Core
[14:13:42] [Server thread/DEBUG] [FML/]: Bar Step: ServerStopped - BuildCraft took 0,000s
[14:13:42] [Server thread/TRACE] [BuildCraft|Energy/BuildCraft|Energy]: Sending event FMLServerStoppedEvent to mod BuildCraft|Energy
[14:13:42] [Server thread/TRACE] [BuildCraft|Energy/BuildCraft|Energy]: Sent event FMLServerStoppedEvent to mod BuildCraft|Energy
[14:13:42] [Server thread/DEBUG] [FML/]: Bar Step: ServerStopped - BC Energy took 0,000s
[14:13:42] [Server thread/TRACE] [ActuallyAdditions/ActuallyAdditions]: Sending event FMLServerStoppedEvent to mod ActuallyAdditions
[14:13:42] [Server thread/TRACE] [ActuallyAdditions/ActuallyAdditions]: Sent event FMLServerStoppedEvent to mod ActuallyAdditions
[14:13:42] [Server thread/DEBUG] [FML/]: Bar Step: ServerStopped - Actually Additions took 0,000s
[14:13:42] [Server thread/TRACE] [BuildCraft|Silicon/BuildCraft|Silicon]: Sending event FMLServerStoppedEvent to mod BuildCraft|Silicon
[14:13:42] [Server thread/TRACE] [BuildCraft|Silicon/BuildCraft|Silicon]: Sent event FMLServerStoppedEvent to mod BuildCraft|Silicon
[14:13:42] [Server thread/DEBUG] [FML/]: Bar Step: ServerStopped - BC Silicon took 0,000s
[14:13:42] [Server thread/TRACE] [BuildCraft|Transport/BuildCraft|Transport]: Sending event FMLServerStoppedEvent to mod BuildCraft|Transport
[14:13:42] [Server thread/TRACE] [BuildCraft|Transport/BuildCraft|Transport]: Sent event FMLServerStoppedEvent to mod BuildCraft|Transport
[14:13:42] [Server thread/DEBUG] [FML/]: Bar Step: ServerStopped - BC Transport took 0,000s
[14:13:42] [Server thread/TRACE] [BuildCraft|Factory/BuildCraft|Factory]: Sending event FMLServerStoppedEvent to mod BuildCraft|Factory
[14:13:42] [Server thread/TRACE] [BuildCraft|Factory/BuildCraft|Factory]: Sent event FMLServerStoppedEvent to mod BuildCraft|Factory
[14:13:42] [Server thread/DEBUG] [FML/]: Bar Step: ServerStopped - BC Factory took 0,000s
[14:13:42] [Server thread/TRACE] [additionalpipes/additionalpipes]: Sending event FMLServerStoppedEvent to mod additionalpipes
[14:13:42] [Server thread/TRACE] [additionalpipes/additionalpipes]: Sent event FMLServerStoppedEvent to mod additionalpipes
[14:13:42] [Server thread/DEBUG] [FML/]: Bar Step: ServerStopped - Additional Pipes took 0,000s
[14:13:42] [Server thread/TRACE] [libVulpes/libVulpes]: Sending event FMLServerStoppedEvent to mod libVulpes
[14:13:42] [Server thread/TRACE] [libVulpes/libVulpes]: Sent event FMLServerStoppedEvent to mod libVulpes
[14:13:42] [Server thread/DEBUG] [FML/]: Bar Step: ServerStopped - libVulpes took 0,000s
[14:13:42] [Server thread/TRACE] [advancedRocketry/advancedRocketry]: Sending event FMLServerStoppedEvent to mod advancedRocketry
[14:13:42] [Server thread/TRACE] [advancedRocketry/advancedRocketry]: Sent event FMLServerStoppedEvent to mod advancedRocketry
[14:13:42] [Server thread/DEBUG] [FML/]: Bar Step: ServerStopped - Advanced Rocketry took 0,034s
[14:13:42] [Server thread/TRACE] [appliedenergistics2/appliedenergistics2]: Sending event FMLServerStoppedEvent to mod appliedenergistics2
[14:13:42] [Server thread/TRACE] [appliedenergistics2/appliedenergistics2]: Sent event FMLServerStoppedEvent to mod appliedenergistics2
[14:13:42] [Server thread/DEBUG] [FML/]: Bar Step: ServerStopped - Applied Energistics 2 took 0,009s
[14:13:42] [Server thread/TRACE] [bdlib/bdlib]: Sending event FMLServerStoppedEvent to mod bdlib
[14:13:42] [Server thread/TRACE] [bdlib/bdlib]: Sent event FMLServerStoppedEvent to mod bdlib
[14:13:42] [Server thread/DEBUG] [FML/]: Bar Step: ServerStopped - BD Lib took 0,000s
[14:13:42] [Server thread/ERROR] [ae2stuff/]: Skipping event FMLServerStoppedEvent and marking errored mod ae2stuff since required dependency appliedenergistics2 has errored
[14:13:42] [Server thread/DEBUG] [FML/]: Bar Step: ServerStopped - AE2 Stuff took 0,000s
[14:13:42] [Server thread/TRACE] [AirPortLight/AirPortLight]: Sending event FMLServerStoppedEvent to mod AirPortLight
[14:13:42] [Server thread/TRACE] [AirPortLight/AirPortLight]: Sent event FMLServerStoppedEvent to mod AirPortLight
[14:13:42] [Server thread/DEBUG] [FML/]: Bar Step: ServerStopped - AirPort Light took 0,000s
[14:13:42] [Server thread/TRACE] [Aroma1997CoreHelper/Aroma1997CoreHelper]: Sending event FMLServerStoppedEvent to mod Aroma1997CoreHelper
[14:13:42] [Server thread/TRACE] [Aroma1997CoreHelper/Aroma1997CoreHelper]: Sent event FMLServerStoppedEvent to mod Aroma1997CoreHelper
[14:13:42] [Server thread/DEBUG] [FML/]: Bar Step: ServerStopped - Aroma1997Core|Helper took 0,000s
[14:13:42] [Server thread/TRACE] [AromaBackup/AromaBackup]: Sending event FMLServerStoppedEvent to mod AromaBackup
[14:13:42] [Server thread/TRACE] [AromaBackup/AromaBackup]: Sent event FMLServerStoppedEvent to mod AromaBackup
[14:13:42] [Server thread/DEBUG] [FML/]: Bar Step: ServerStopped - AromaBackup took 0,000s
[14:13:42] [Server thread/TRACE] [AromaBackupRecovery/AromaBackupRecovery]: Sending event FMLServerStoppedEvent to mod AromaBackupRecovery
[14:13:42] [Server thread/TRACE] [AromaBackupRecovery/AromaBackupRecovery]: Sent event FMLServerStoppedEvent to mod AromaBackupRecovery
[14:13:42] [Server thread/DEBUG] [FML/]: Bar Step: ServerStopped - AromaBackup Recovery took 0,000s
[14:13:42] [Server thread/TRACE] [betterquesting/betterquesting]: Sending event FMLServerStoppedEvent to mod betterquesting
[14:13:42] [Server thread/TRACE] [betterquesting/betterquesting]: Sent event FMLServerStoppedEvent to mod betterquesting
[14:13:42] [Server thread/DEBUG] [FML/]: Bar Step: ServerStopped - Better Questing took 0,062s
[14:13:42] [Server thread/TRACE] [BiblioCraft/BiblioCraft]: Sending event FMLServerStoppedEvent to mod BiblioCraft
[14:13:42] [Server thread/TRACE] [BiblioCraft/BiblioCraft]: Sent event FMLServerStoppedEvent to mod BiblioCraft
[14:13:42] [Server thread/DEBUG] [FML/]: Bar Step: ServerStopped - BiblioCraft took 0,000s
[14:13:42] [Server thread/TRACE] [blueice/blueice]: Sending event FMLServerStoppedEvent to mod blueice
[14:13:42] [Server thread/TRACE] [blueice/blueice]: Sent event FMLServerStoppedEvent to mod blueice
[14:13:42] [Server thread/DEBUG] [FML/]: Bar Step: ServerStopped - Blue Ice took 0,000s
[14:13:42] [Server thread/TRACE] [BrandonsCore/BrandonsCore]: Sending event FMLServerStoppedEvent to mod BrandonsCore
[14:13:42] [Server thread/TRACE] [BrandonsCore/BrandonsCore]: Sent event FMLServerStoppedEvent to mod BrandonsCore
[14:13:42] [Server thread/DEBUG] [FML/]: Bar Step: ServerStopped - Brandon's Core took 0,000s
[14:13:42] [Server thread/TRACE] [BuildCraft|Builders/BuildCraft|Builders]: Sending event FMLServerStoppedEvent to mod BuildCraft|Builders
[14:13:42] [Server thread/TRACE] [BuildCraft|Builders/BuildCraft|Builders]: Sent event FMLServerStoppedEvent to mod BuildCraft|Builders
[14:13:42] [Server thread/DEBUG] [FML/]: Bar Step: ServerStopped - BC Builders took 0,000s
[14:13:42] [Server thread/TRACE] [BuildCraft|Robotics/BuildCraft|Robotics]: Sending event FMLServerStoppedEvent to mod BuildCraft|Robotics
[14:13:42] [Server thread/TRACE] [BuildCraft|Robotics/BuildCraft|Robotics]: Sent event FMLServerStoppedEvent to mod BuildCraft|Robotics
[14:13:42] [Server thread/DEBUG] [FML/]: Bar Step: ServerStopped - BC Robotics took 0,000s
[14:13:42] [Server thread/TRACE] [carbonconfig/carbonconfig]: Sending event FMLServerStoppedEvent to mod carbonconfig
[14:13:42] [Server thread/TRACE] [carbonconfig/carbonconfig]: Sent event FMLServerStoppedEvent to mod carbonconfig
[14:13:42] [Server thread/DEBUG] [FML/]: Bar Step: ServerStopped - Carbon Config Library took 0,000s
[14:13:42] [Server thread/TRACE] [IC2/IC2]: Sending event FMLServerStoppedEvent to mod IC2
[14:13:42] [Server thread/TRACE] [IC2/IC2]: Sent event FMLServerStoppedEvent to mod IC2
[14:13:42] [Server thread/DEBUG] [FML/]: Bar Step: ServerStopped - IndustrialCraft 2 took 0,000s
[14:13:42] [Server thread/TRACE] [Railcraft/Railcraft]: Sending event FMLServerStoppedEvent to mod Railcraft
[14:13:42] [Server thread/TRACE] [Railcraft/Railcraft]: Sent event FMLServerStoppedEvent to mod Railcraft
[14:13:42] [Server thread/DEBUG] [FML/]: Bar Step: ServerStopped - Railcraft took 0,000s
[14:13:42] [Server thread/TRACE] [ForgeMultipart/ForgeMultipart]: Sending event FMLServerStoppedEvent to mod ForgeMultipart
[14:13:42] [Server thread/TRACE] [ForgeMultipart/ForgeMultipart]: Sent event FMLServerStoppedEvent to mod ForgeMultipart
[14:13:42] [Server thread/DEBUG] [FML/]: Bar Step: ServerStopped - Forge Multipart took 0,000s
[14:13:42] [Server thread/TRACE] [chisel/chisel]: Sending event FMLServerStoppedEvent to mod chisel
[14:13:42] [Server thread/TRACE] [chisel/chisel]: Sent event FMLServerStoppedEvent to mod chisel
[14:13:42] [Server thread/DEBUG] [FML/]: Bar Step: ServerStopped - Chisel took 0,000s
[14:13:42] [Server thread/TRACE] [CarpentersBlocks/CarpentersBlocks]: Sending event FMLServerStoppedEvent to mod CarpentersBlocks
[14:13:42] [Server thread/TRACE] [CarpentersBlocks/CarpentersBlocks]: Sent event FMLServerStoppedEvent to mod CarpentersBlocks
[14:13:42] [Server thread/DEBUG] [FML/]: Bar Step: ServerStopped - Carpenter's Blocks took 0,000s
[14:13:42] [Server thread/TRACE] [ChickenChunks/ChickenChunks]: Sending event FMLServerStoppedEvent to mod ChickenChunks
[14:13:42] [Server thread/TRACE] [ChickenChunks/ChickenChunks]: Sent event FMLServerStoppedEvent to mod ChickenChunks
[14:13:42] [Server thread/DEBUG] [FML/]: Bar Step: ServerStopped - ChickenChunks took 0,000s
[14:13:42] [Server thread/TRACE] [ComputerCraft/ComputerCraft]: Sending event FMLServerStoppedEvent to mod ComputerCraft
[14:13:42] [Server thread/TRACE] [ComputerCraft/ComputerCraft]: Sent event FMLServerStoppedEvent to mod ComputerCraft
[14:13:42] [Server thread/DEBUG] [FML/]: Bar Step: ServerStopped - ComputerCraft took 0,000s
[14:13:42] [Server thread/TRACE] [cookingbook/cookingbook]: Sending event FMLServerStoppedEvent to mod cookingbook
[14:13:42] [Server thread/TRACE] [cookingbook/cookingbook]: Sent event FMLServerStoppedEvent to mod cookingbook
[14:13:42] [Server thread/DEBUG] [FML/]: Bar Step: ServerStopped - Cooking for Blockheads took 0,000s
[14:13:42] [Server thread/TRACE] [MineTweaker3/MineTweaker3]: Sending event FMLServerStoppedEvent to mod MineTweaker3
[14:13:42] [Server thread/TRACE] [MineTweaker3/MineTweaker3]: Sent event FMLServerStoppedEvent to mod MineTweaker3
[14:13:42] [Server thread/DEBUG] [FML/]: Bar Step: ServerStopped - MineTweaker 3 took 0,000s
[14:13:42] [Server thread/TRACE] [CustomMainMenu/CustomMainMenu]: Sending event FMLServerStoppedEvent to mod CustomMainMenu
[14:13:42] [Server thread/TRACE] [CustomMainMenu/CustomMainMenu]: Sent event FMLServerStoppedEvent to mod CustomMainMenu
[14:13:42] [Server thread/DEBUG] [FML/]: Bar Step: ServerStopped - Custom Main Menu took 0,000s
[14:13:42] [Server thread/TRACE] [ThermalFoundation/ThermalFoundation]: Sending event FMLServerStoppedEvent to mod ThermalFoundation
[14:13:42] [Server thread/TRACE] [ThermalFoundation/ThermalFoundation]: Sent event FMLServerStoppedEvent to mod ThermalFoundation
[14:13:42] [Server thread/DEBUG] [FML/]: Bar Step: ServerStopped - Thermal Foundation took 0,000s
[14:13:42] [Server thread/TRACE] [ThermalExpansion/ThermalExpansion]: Sending event FMLServerStoppedEvent to mod ThermalExpansion
[14:13:42] [Server thread/TRACE] [ThermalExpansion/ThermalExpansion]: Sent event FMLServerStoppedEvent to mod ThermalExpansion
[14:13:42] [Server thread/DEBUG] [FML/]: Bar Step: ServerStopped - Thermal Expansion took 0,000s
[14:13:42] [Server thread/TRACE] [DraconicEvolution/DraconicEvolution]: Sending event FMLServerStoppedEvent to mod DraconicEvolution
[14:13:42] [Server thread/TRACE] [DraconicEvolution/DraconicEvolution]: Sent event FMLServerStoppedEvent to mod DraconicEvolution
[14:13:42] [Server thread/DEBUG] [FML/]: Bar Step: ServerStopped - Draconic Evolution took 0,000s
[14:13:42] [Server thread/TRACE] [endercore/endercore]: Sending event FMLServerStoppedEvent to mod endercore
[14:13:42] [Server thread/TRACE] [endercore/endercore]: Sent event FMLServerStoppedEvent to mod endercore
[14:13:42] [Server thread/DEBUG] [FML/]: Bar Step: ServerStopped - EnderCore took 0,000s
[14:13:42] [Server thread/TRACE] [MineFactoryReloaded/MineFactoryReloaded]: Sending event FMLServerStoppedEvent to mod MineFactoryReloaded
[14:13:42] [Server thread/TRACE] [MineFactoryReloaded/MineFactoryReloaded]: Sent event FMLServerStoppedEvent to mod MineFactoryReloaded
[14:13:42] [Server thread/DEBUG] [FML/]: Bar Step: ServerStopped - MineFactory Reloaded took 0,000s
[14:13:42] [Server thread/TRACE] [Waila/Waila]: Sending event FMLServerStoppedEvent to mod Waila
[14:13:42] [Server thread/TRACE] [Waila/Waila]: Sent event FMLServerStoppedEvent to mod Waila
[14:13:42] [Server thread/DEBUG] [FML/]: Bar Step: ServerStopped - Waila took 0,000s
[14:13:42] [Server thread/TRACE] [EnderIO/EnderIO]: Sending event FMLServerStoppedEvent to mod EnderIO
[14:13:42] [Server thread/WARN] [EnderIO/EnderIO]: Failed to write Transciever Channels on exit: java.util.concurrent.ExecutionException: java.lang.NullPointerException
[14:13:42] [Server thread/TRACE] [EnderIO/EnderIO]: Sent event FMLServerStoppedEvent to mod EnderIO
[14:13:42] [Server thread/DEBUG] [FML/]: Bar Step: ServerStopped - Ender IO took 0,036s
[14:13:42] [Server thread/TRACE] [ShetiPhianCore/ShetiPhianCore]: Sending event FMLServerStoppedEvent to mod ShetiPhianCore
[14:13:42] [Server thread/TRACE] [ShetiPhianCore/ShetiPhianCore]: Sent event FMLServerStoppedEvent to mod ShetiPhianCore
[14:13:42] [Server thread/DEBUG] [FML/]: Bar Step: ServerStopped - ShetiPhian-Core took 0,000s
[14:13:42] [Server thread/TRACE] [EnderTanks/EnderTanks]: Sending event FMLServerStoppedEvent to mod EnderTanks
[14:13:42] [Server thread/TRACE] [EnderTanks/EnderTanks]: Sent event FMLServerStoppedEvent to mod EnderTanks
[14:13:42] [Server thread/DEBUG] [FML/]: Bar Step: ServerStopped - EnderTanks took 0,000s
[14:13:42] [Server thread/TRACE] [energycontrol/energycontrol]: Sending event FMLServerStoppedEvent to mod energycontrol
[14:13:42] [Server thread/TRACE] [energycontrol/energycontrol]: Sent event FMLServerStoppedEvent to mod energycontrol
[14:13:42] [Server thread/DEBUG] [FML/]: Bar Step: ServerStopped - Energy Control took 0,000s
[14:13:42] [Server thread/TRACE] [ExtraUtilities/ExtraUtilities]: Sending event FMLServerStoppedEvent to mod ExtraUtilities
[14:13:42] [Server thread/TRACE] [ExtraUtilities/ExtraUtilities]: Sent event FMLServerStoppedEvent to mod ExtraUtilities
[14:13:42] [Server thread/DEBUG] [FML/]: Bar Step: ServerStopped - Extra Utilities took 0,000s
[14:13:42] [Server thread/TRACE] [fastleafdecay/fastleafdecay]: Sending event FMLServerStoppedEvent to mod fastleafdecay
[14:13:42] [Server thread/TRACE] [fastleafdecay/fastleafdecay]: Sent event FMLServerStoppedEvent to mod fastleafdecay
[14:13:42] [Server thread/DEBUG] [FML/]: Bar Step: ServerStopped - Fast Leaf Decay took 0,000s
[14:13:42] [Server thread/TRACE] [Forestry/Forestry]: Sending event FMLServerStoppedEvent to mod Forestry
[14:13:42] [Server thread/TRACE] [Forestry/Forestry]: Sent event FMLServerStoppedEvent to mod Forestry
[14:13:42] [Server thread/DEBUG] [FML/]: Bar Step: ServerStopped - Forestry for Minecraft took 0,000s
[14:13:42] [Server thread/TRACE] [FTBL/FTBL]: Sending event FMLServerStoppedEvent to mod FTBL
[14:13:43] [Server thread/TRACE] [FTBL/FTBL]: Sent event FMLServerStoppedEvent to mod FTBL
[14:13:43] [Server thread/DEBUG] [FML/]: Bar Step: ServerStopped - FTBLib took 0,268s
[14:13:43] [Server thread/TRACE] [FTBT/FTBT]: Sending event FMLServerStoppedEvent to mod FTBT
[14:13:43] [Server thread/TRACE] [FTBT/FTBT]: Sent event FMLServerStoppedEvent to mod FTBT
[14:13:43] [Server thread/DEBUG] [FML/]: Bar Step: ServerStopped - FTB Tweaks took 0,000s
[14:13:43] [Server thread/TRACE] [FTBU/FTBU]: Sending event FMLServerStoppedEvent to mod FTBU
[14:13:43] [Server thread/TRACE] [FTBU/FTBU]: Sent event FMLServerStoppedEvent to mod FTBU
[14:13:43] [Server thread/DEBUG] [FML/]: Bar Step: ServerStopped - FTBUtilities took 0,000s
[14:13:43] [Server thread/TRACE] [spongemixins/spongemixins]: Sending event FMLServerStoppedEvent to mod spongemixins
[14:13:43] [Server thread/TRACE] [spongemixins/spongemixins]: Sent event FMLServerStoppedEvent to mod spongemixins
[14:13:43] [Server thread/DEBUG] [FML/]: Bar Step: ServerStopped - SpongeMixins Loader took 0,000s
[14:13:43] [Server thread/TRACE] [gtnhmixins/gtnhmixins]: Sending event FMLServerStoppedEvent to mod gtnhmixins
[14:13:43] [Server thread/TRACE] [gtnhmixins/gtnhmixins]: Sent event FMLServerStoppedEvent to mod gtnhmixins
[14:13:43] [Server thread/DEBUG] [FML/]: Bar Step: ServerStopped - GTNHMixins took 0,000s
[14:13:43] [Server thread/TRACE] [hbm/hbm]: Sending event FMLServerStoppedEvent to mod hbm
[14:13:43] [Server thread/TRACE] [hbm/hbm]: Sent event FMLServerStoppedEvent to mod hbm
[14:13:43] [Server thread/DEBUG] [FML/]: Bar Step: ServerStopped - Hbm's Nuclear Tech took 0,000s
[14:13:43] [Server thread/TRACE] [IC2NuclearControl/IC2NuclearControl]: Sending event FMLServerStoppedEvent to mod IC2NuclearControl
[14:13:43] [Server thread/TRACE] [IC2NuclearControl/IC2NuclearControl]: Sent event FMLServerStoppedEvent to mod IC2NuclearControl
[14:13:43] [Server thread/DEBUG] [FML/]: Bar Step: ServerStopped - Nuclear Control 2 took 0,000s
[14:13:43] [Server thread/TRACE] [ImmersiveEngineering/ImmersiveEngineering]: Sending event FMLServerStoppedEvent to mod ImmersiveEngineering
[14:13:43] [Server thread/TRACE] [ImmersiveEngineering/ImmersiveEngineering]: Sent event FMLServerStoppedEvent to mod ImmersiveEngineering
[14:13:43] [Server thread/DEBUG] [FML/]: Bar Step: ServerStopped - Immersive Engineering took 0,000s
[14:13:43] [Server thread/TRACE] [immersiveintegration/immersiveintegration]: Sending event FMLServerStoppedEvent to mod immersiveintegration
[14:13:43] [Server thread/TRACE] [immersiveintegration/immersiveintegration]: Sent event FMLServerStoppedEvent to mod immersiveintegration
[14:13:43] [Server thread/DEBUG] [FML/]: Bar Step: ServerStopped - Immersive Integration took 0,000s
[14:13:43] [Server thread/TRACE] [IndustrialPeripheral/IndustrialPeripheral]: Sending event FMLServerStoppedEvent to mod IndustrialPeripheral
[14:13:43] [Server thread/TRACE] [IndustrialPeripheral/IndustrialPeripheral]: Sent event FMLServerStoppedEvent to mod IndustrialPeripheral
[14:13:43] [Server thread/DEBUG] [FML/]: Bar Step: ServerStopped - Industrial Peripheral took 0,000s
[14:13:43] [Server thread/TRACE] [malisiscore/malisiscore]: Sending event FMLServerStoppedEvent to mod malisiscore
[14:13:43] [Server thread/TRACE] [malisiscore/malisiscore]: Sent event FMLServerStoppedEvent to mod malisiscore
[14:13:43] [Server thread/DEBUG] [FML/]: Bar Step: ServerStopped - MalisisCore took 0,000s
[14:13:43] [Server thread/TRACE] [malisisdoors/malisisdoors]: Sending event FMLServerStoppedEvent to mod malisisdoors
[14:13:43] [Server thread/TRACE] [malisisdoors/malisisdoors]: Sent event FMLServerStoppedEvent to mod malisisdoors
[14:13:43] [Server thread/DEBUG] [FML/]: Bar Step: ServerStopped - Malisis' Doors took 0,000s
[14:13:43] [Server thread/TRACE] [Mekanism/Mekanism]: Sending event FMLServerStoppedEvent to mod Mekanism
[14:13:43] [Server thread/TRACE] [Mekanism/Mekanism]: Sent event FMLServerStoppedEvent to mod Mekanism
[14:13:43] [Server thread/DEBUG] [FML/]: Bar Step: ServerStopped - Mekanism took 0,000s
[14:13:43] [Server thread/TRACE] [MekanismGenerators/MekanismGenerators]: Sending event FMLServerStoppedEvent to mod MekanismGenerators
[14:13:43] [Server thread/TRACE] [MekanismGenerators/MekanismGenerators]: Sent event FMLServerStoppedEvent to mod MekanismGenerators
[14:13:43] [Server thread/DEBUG] [FML/]: Bar Step: ServerStopped - MekanismGenerators took 0,000s
[14:13:43] [Server thread/TRACE] [MekanismTools/MekanismTools]: Sending event FMLServerStoppedEvent to mod MekanismTools
[14:13:43] [Server thread/TRACE] [MekanismTools/MekanismTools]: Sent event FMLServerStoppedEvent to mod MekanismTools
[14:13:43] [Server thread/DEBUG] [FML/]: Bar Step: ServerStopped - MekanismTools took 0,000s
[14:13:43] [Server thread/TRACE] [mfs/mfs]: Sending event FMLServerStoppedEvent to mod mfs
[14:13:43] [Server thread/TRACE] [mfs/mfs]: Sent event FMLServerStoppedEvent to mod mfs
[14:13:43] [Server thread/DEBUG] [FML/]: Bar Step: ServerStopped - Minecraft Flight Simulator took 0,000s
[14:13:43] [Server thread/TRACE] [MineFactoryReloaded|CompatAppliedEnergistics/MineFactoryReloaded|CompatAppliedEnergistics]: Sending event FMLServerStoppedEvent to mod MineFactoryReloaded|CompatAppliedEnergistics
[14:13:43] [Server thread/TRACE] [MineFactoryReloaded|CompatAppliedEnergistics/MineFactoryReloaded|CompatAppliedEnergistics]: Sent event FMLServerStoppedEvent to mod MineFactoryReloaded|CompatAppliedEnergistics
[14:13:43] [Server thread/DEBUG] [FML/]: Bar Step: ServerStopped - MFR Compat: Applied Energistics took 0,000s
[14:13:43] [Server thread/TRACE] [MineFactoryReloaded|CompatBuildCraft/MineFactoryReloaded|CompatBuildCraft]: Sending event FMLServerStoppedEvent to mod MineFactoryReloaded|CompatBuildCraft
[14:13:43] [Server thread/TRACE] [MineFactoryReloaded|CompatBuildCraft/MineFactoryReloaded|CompatBuildCraft]: Sent event FMLServerStoppedEvent to mod MineFactoryReloaded|CompatBuildCraft
[14:13:43] [Server thread/DEBUG] [FML/]: Bar Step: ServerStopped - MFR Compat: BuildCraft took 0,000s
[14:13:43] [Server thread/TRACE] [MineFactoryReloaded|CompatForestry/MineFactoryReloaded|CompatForestry]: Sending event FMLServerStoppedEvent to mod MineFactoryReloaded|CompatForestry
[14:13:43] [Server thread/TRACE] [MineFactoryReloaded|CompatForestry/MineFactoryReloaded|CompatForestry]: Sent event FMLServerStoppedEvent to mod MineFactoryReloaded|CompatForestry
[14:13:43] [Server thread/DEBUG] [FML/]: Bar Step: ServerStopped - MFR Compat: Forestry took 0,000s
[14:13:43] [Server thread/TRACE] [MineFactoryReloaded|CompatForgeMicroblock/MineFactoryReloaded|CompatForgeMicroblock]: Sending event FMLServerStoppedEvent to mod MineFactoryReloaded|CompatForgeMicroblock
[14:13:43] [Server thread/TRACE] [MineFactoryReloaded|CompatForgeMicroblock/MineFactoryReloaded|CompatForgeMicroblock]: Sent event FMLServerStoppedEvent to mod MineFactoryReloaded|CompatForgeMicroblock
[14:13:43] [Server thread/DEBUG] [FML/]: Bar Step: ServerStopped - MFR Compat: ForgeMicroblock took 0,000s
[14:13:43] [Server thread/TRACE] [MineFactoryReloaded|CompatIC2/MineFactoryReloaded|CompatIC2]: Sending event FMLServerStoppedEvent to mod MineFactoryReloaded|CompatIC2
[14:13:43] [Server thread/TRACE] [MineFactoryReloaded|CompatIC2/MineFactoryReloaded|CompatIC2]: Sent event FMLServerStoppedEvent to mod MineFactoryReloaded|CompatIC2
[14:13:43] [Server thread/DEBUG] [FML/]: Bar Step: ServerStopped - MFR Compat: IC2 took 0,000s
[14:13:43] [Server thread/TRACE] [MrTJPCoreMod/MrTJPCoreMod]: Sending event FMLServerStoppedEvent to mod MrTJPCoreMod
[14:13:43] [Server thread/TRACE] [MrTJPCoreMod/MrTJPCoreMod]: Sent event FMLServerStoppedEvent to mod MrTJPCoreMod
[14:13:43] [Server thread/DEBUG] [FML/]: Bar Step: ServerStopped - MrTJPCore took 0,000s
[14:13:43] [Server thread/TRACE] [ProjRed|Core/ProjRed|Core]: Sending event FMLServerStoppedEvent to mod ProjRed|Core
[14:13:43] [Server thread/TRACE] [ProjRed|Core/ProjRed|Core]: Sent event FMLServerStoppedEvent to mod ProjRed|Core
[14:13:43] [Server thread/DEBUG] [FML/]: Bar Step: ServerStopped - ProjectRed Core took 0,000s
[14:13:43] [Server thread/TRACE] [ProjRed|Exploration/ProjRed|Exploration]: Sending event FMLServerStoppedEvent to mod ProjRed|Exploration
[14:13:43] [Server thread/TRACE] [ProjRed|Exploration/ProjRed|Exploration]: Sent event FMLServerStoppedEvent to mod ProjRed|Exploration
[14:13:43] [Server thread/DEBUG] [FML/]: Bar Step: ServerStopped - ProjectRed Exploration took 0,000s
[14:13:43] [Server thread/TRACE] [MineFactoryReloaded|CompatProjRed/MineFactoryReloaded|CompatProjRed]: Sending event FMLServerStoppedEvent to mod MineFactoryReloaded|CompatProjRed
[14:13:43] [Server thread/TRACE] [MineFactoryReloaded|CompatProjRed/MineFactoryReloaded|CompatProjRed]: Sent event FMLServerStoppedEvent to mod MineFactoryReloaded|CompatProjRed
[14:13:43] [Server thread/DEBUG] [FML/]: Bar Step: ServerStopped - MFR Compat ProjectRed took 0,000s
[14:13:43] [Server thread/TRACE] [MineFactoryReloaded|CompatRailcraft/MineFactoryReloaded|CompatRailcraft]: Sending event FMLServerStoppedEvent to mod MineFactoryReloaded|CompatRailcraft
[14:13:43] [Server thread/TRACE] [MineFactoryReloaded|CompatRailcraft/MineFactoryReloaded|CompatRailcraft]: Sent event FMLServerStoppedEvent to mod MineFactoryReloaded|CompatRailcraft
[14:13:43] [Server thread/DEBUG] [FML/]: Bar Step: ServerStopped - MFR Compat: Railcraft took 0,000s
[14:13:43] [Server thread/TRACE] [MineFactoryReloaded|CompatThermalExpansion/MineFactoryReloaded|CompatThermalExpansion]: Sending event FMLServerStoppedEvent to mod MineFactoryReloaded|CompatThermalExpansion
[14:13:43] [Server thread/TRACE] [MineFactoryReloaded|CompatThermalExpansion/MineFactoryReloaded|CompatThermalExpansion]: Sent event FMLServerStoppedEvent to mod MineFactoryReloaded|CompatThermalExpansion
[14:13:43] [Server thread/DEBUG] [FML/]: Bar Step: ServerStopped - MFR Compat: Thermal Expansion took 0,000s
[14:13:43] [Server thread/TRACE] [MineFactoryReloaded|CompatVanilla/MineFactoryReloaded|CompatVanilla]: Sending event FMLServerStoppedEvent to mod MineFactoryReloaded|CompatVanilla
[14:13:43] [Server thread/TRACE] [MineFactoryReloaded|CompatVanilla/MineFactoryReloaded|CompatVanilla]: Sent event FMLServerStoppedEvent to mod MineFactoryReloaded|CompatVanilla
[14:13:43] [Server thread/DEBUG] [FML/]: Bar Step: ServerStopped - MFR Compat: Vanilla took 0,000s
[14:13:43] [Server thread/TRACE] [modtweaker2/modtweaker2]: Sending event FMLServerStoppedEvent to mod modtweaker2
[14:13:43] [Server thread/TRACE] [modtweaker2/modtweaker2]: Sent event FMLServerStoppedEvent to mod modtweaker2
[14:13:43] [Server thread/DEBUG] [FML/]: Bar Step: ServerStopped - Mod Tweaker 2 took 0,000s
[14:13:43] [Server thread/TRACE] [Monoblocks/Monoblocks]: Sending event FMLServerStoppedEvent to mod Monoblocks
[14:13:43] [Server thread/TRACE] [Monoblocks/Monoblocks]: Sent event FMLServerStoppedEvent to mod Monoblocks
[14:13:43] [Server thread/DEBUG] [FML/]: Bar Step: ServerStopped - �cMonoblocks took 0,000s
[14:13:43] [Server thread/TRACE] [MonoblocksMultipart/MonoblocksMultipart]: Sending event FMLServerStoppedEvent to mod MonoblocksMultipart
[14:13:43] [Server thread/TRACE] [MonoblocksMultipart/MonoblocksMultipart]: Sent event FMLServerStoppedEvent to mod MonoblocksMultipart
[14:13:43] [Server thread/DEBUG] [FML/]: Bar Step: ServerStopped - MonoblocksMultipart took 0,000s
[14:13:43] [Server thread/TRACE] [cfm/cfm]: Sending event FMLServerStoppedEvent to mod cfm
[14:13:43] [Server thread/TRACE] [cfm/cfm]: Sent event FMLServerStoppedEvent to mod cfm
[14:13:43] [Server thread/DEBUG] [FML/]: Bar Step: ServerStopped - �9MrCrayfish's Furniture Mod took 0,000s
[14:13:43] [Server thread/TRACE] [NuclearCraft/NuclearCraft]: Sending event FMLServerStoppedEvent to mod NuclearCraft
[14:13:43] [Server thread/TRACE] [NuclearCraft/NuclearCraft]: Sent event FMLServerStoppedEvent to mod NuclearCraft
[14:13:43] [Server thread/DEBUG] [FML/]: Bar Step: ServerStopped - NuclearCraft took 0,001s
[14:13:43] [Server thread/TRACE] [OpenMods/OpenMods]: Sending event FMLServerStoppedEvent to mod OpenMods
[14:13:43] [Server thread/TRACE] [OpenMods/OpenMods]: Sent event FMLServerStoppedEvent to mod OpenMods
[14:13:43] [Server thread/DEBUG] [FML/]: Bar Step: ServerStopped - OpenMods took 0,001s
[14:13:43] [Server thread/TRACE] [OpenBlocks/OpenBlocks]: Sending event FMLServerStoppedEvent to mod OpenBlocks
[14:13:43] [Server thread/TRACE] [OpenBlocks/OpenBlocks]: Sent event FMLServerStoppedEvent to mod OpenBlocks
[14:13:43] [Server thread/DEBUG] [FML/]: Bar Step: ServerStopped - OpenBlocks took 0,000s
[14:13:43] [Server thread/TRACE] [ProjRed|Transmission/ProjRed|Transmission]: Sending event FMLServerStoppedEvent to mod ProjRed|Transmission
[14:13:43] [Server thread/TRACE] [ProjRed|Transmission/ProjRed|Transmission]: Sent event FMLServerStoppedEvent to mod ProjRed|Transmission
[14:13:43] [Server thread/DEBUG] [FML/]: Bar Step: ServerStopped - ProjectRed Transmission took 0,000s
[14:13:43] [Server thread/TRACE] [OpenComputers/OpenComputers]: Sending event FMLServerStoppedEvent to mod OpenComputers
[14:13:43] [Server thread/TRACE] [OpenComputers/OpenComputers]: Sent event FMLServerStoppedEvent to mod OpenComputers
[14:13:43] [Server thread/DEBUG] [FML/]: Bar Step: ServerStopped - OpenComputers took 0,020s
[14:13:43] [Server thread/TRACE] [openmodularturrets/openmodularturrets]: Sending event FMLServerStoppedEvent to mod openmodularturrets
[14:13:43] [Server thread/TRACE] [openmodularturrets/openmodularturrets]: Sent event FMLServerStoppedEvent to mod openmodularturrets
[14:13:43] [Server thread/DEBUG] [FML/]: Bar Step: ServerStopped - Open Modular Turrets took 0,000s
[14:13:43] [Server thread/TRACE] [OpenPeripheralCore/OpenPeripheralCore]: Sending event FMLServerStoppedEvent to mod OpenPeripheralCore
[14:13:43] [Server thread/TRACE] [OpenPeripheralCore/OpenPeripheralCore]: Sent event FMLServerStoppedEvent to mod OpenPeripheralCore
[14:13:43] [Server thread/DEBUG] [FML/]: Bar Step: ServerStopped - OpenPeripheralCore took 0,000s
[14:13:43] [Server thread/TRACE] [OpenPeripheral/OpenPeripheral]: Sending event FMLServerStoppedEvent to mod OpenPeripheral
[14:13:43] [Server thread/TRACE] [OpenPeripheral/OpenPeripheral]: Sent event FMLServerStoppedEvent to mod OpenPeripheral
[14:13:43] [Server thread/DEBUG] [FML/]: Bar Step: ServerStopped - OpenPeripheralAddons took 0,000s
[14:13:43] [Server thread/TRACE] [OpenPeripheralIntegration/OpenPeripheralIntegration]: Sending event FMLServerStoppedEvent to mod OpenPeripheralIntegration
[14:13:43] [Server thread/TRACE] [OpenPeripheralIntegration/OpenPeripheralIntegration]: Sent event FMLServerStoppedEvent to mod OpenPeripheralIntegration
[14:13:43] [Server thread/DEBUG] [FML/]: Bar Step: ServerStopped - OpenPeripheralIntegration took 0,000s
[14:13:43] [Server thread/TRACE] [opensecurity/opensecurity]: Sending event FMLServerStoppedEvent to mod opensecurity
[14:13:43] [Server thread/TRACE] [opensecurity/opensecurity]: Sent event FMLServerStoppedEvent to mod opensecurity
[14:13:43] [Server thread/DEBUG] [FML/]: Bar Step: ServerStopped - OpenSecurity took 0,000s
[14:13:43] [Server thread/TRACE] [p455w0rdslib/p455w0rdslib]: Sending event FMLServerStoppedEvent to mod p455w0rdslib
[14:13:43] [Server thread/TRACE] [p455w0rdslib/p455w0rdslib]: Sent event FMLServerStoppedEvent to mod p455w0rdslib
[14:13:43] [Server thread/DEBUG] [FML/]: Bar Step: ServerStopped - p455w0rd's Library took 0,000s
[14:13:43] [Server thread/TRACE] [physica/physica]: Sending event FMLServerStoppedEvent to mod physica
[14:13:43] [Server thread/TRACE] [physica/physica]: Sent event FMLServerStoppedEvent to mod physica
[14:13:43] [Server thread/DEBUG] [FML/]: Bar Step: ServerStopped - Physica took 0,000s
[14:13:43] [Server thread/TRACE] [physicanuclearphysics/physicanuclearphysics]: Sending event FMLServerStoppedEvent to mod physicanuclearphysics
[14:13:43] [Server thread/TRACE] [physicanuclearphysics/physicanuclearphysics]: Sent event FMLServerStoppedEvent to mod physicanuclearphysics
[14:13:43] [Server thread/DEBUG] [FML/]: Bar Step: ServerStopped - PhysicaNuclearPhysics took 0,000s
[14:13:43] [Server thread/TRACE] [PowerConverters3/PowerConverters3]: Sending event FMLServerStoppedEvent to mod PowerConverters3
[14:13:43] [Server thread/TRACE] [PowerConverters3/PowerConverters3]: Sent event FMLServerStoppedEvent to mod PowerConverters3
[14:13:43] [Server thread/DEBUG] [FML/]: Bar Step: ServerStopped - Power Converters 3 took 0,000s
[14:13:43] [Server thread/TRACE] [pressure/pressure]: Sending event FMLServerStoppedEvent to mod pressure
[14:13:43] [Server thread/TRACE] [pressure/pressure]: Sent event FMLServerStoppedEvent to mod pressure
[14:13:43] [Server thread/DEBUG] [FML/]: Bar Step: ServerStopped - Pressure Pipes took 0,000s
[14:13:43] [Server thread/TRACE] [ProjRed|Transportation/ProjRed|Transportation]: Sending event FMLServerStoppedEvent to mod ProjRed|Transportation
[14:13:43] [Server thread/TRACE] [ProjRed|Transportation/ProjRed|Transportation]: Sent event FMLServerStoppedEvent to mod ProjRed|Transportation
[14:13:43] [Server thread/DEBUG] [FML/]: Bar Step: ServerStopped - ProjectRed Transportation took 0,000s
[14:13:43] [Server thread/TRACE] [ProjRed|Compatibility/ProjRed|Compatibility]: Sending event FMLServerStoppedEvent to mod ProjRed|Compatibility
[14:13:43] [Server thread/TRACE] [ProjRed|Compatibility/ProjRed|Compatibility]: Sent event FMLServerStoppedEvent to mod ProjRed|Compatibility
[14:13:43] [Server thread/DEBUG] [FML/]: Bar Step: ServerStopped - ProjectRed Compatibility took 0,000s
[14:13:43] [Server thread/TRACE] [ProjRed|Integration/ProjRed|Integration]: Sending event FMLServerStoppedEvent to mod ProjRed|Integration
[14:13:43] [Server thread/TRACE] [ProjRed|Integration/ProjRed|Integration]: Sent event FMLServerStoppedEvent to mod ProjRed|Integration
[14:13:43] [Server thread/DEBUG] [FML/]: Bar Step: ServerStopped - ProjectRed Integration took 0,000s
[14:13:43] [Server thread/TRACE] [ProjRed|Fabrication/ProjRed|Fabrication]: Sending event FMLServerStoppedEvent to mod ProjRed|Fabrication
[14:13:43] [Server thread/TRACE] [ProjRed|Fabrication/ProjRed|Fabrication]: Sent event FMLServerStoppedEvent to mod ProjRed|Fabrication
[14:13:43] [Server thread/DEBUG] [FML/]: Bar Step: ServerStopped - ProjectRed Fabrication took 0,000s
[14:13:43] [Server thread/TRACE] [ProjRed|Illumination/ProjRed|Illumination]: Sending event FMLServerStoppedEvent to mod ProjRed|Illumination
[14:13:43] [Server thread/TRACE] [ProjRed|Illumination/ProjRed|Illumination]: Sent event FMLServerStoppedEvent to mod ProjRed|Illumination
[14:13:43] [Server thread/DEBUG] [FML/]: Bar Step: ServerStopped - ProjectRed Illumination took 0,000s
[14:13:43] [Server thread/TRACE] [ProjRed|Expansion/ProjRed|Expansion]: Sending event FMLServerStoppedEvent to mod ProjRed|Expansion
[14:13:43] [Server thread/TRACE] [ProjRed|Expansion/ProjRed|Expansion]: Sent event FMLServerStoppedEvent to mod ProjRed|Expansion
[14:13:43] [Server thread/DEBUG] [FML/]: Bar Step: ServerStopped - ProjectRed Expansion took 0,000s
[14:13:43] [Server thread/TRACE] [ResourceLoader/ResourceLoader]: Sending event FMLServerStoppedEvent to mod ResourceLoader
[14:13:43] [Server thread/TRACE] [ResourceLoader/ResourceLoader]: Sent event FMLServerStoppedEvent to mod ResourceLoader
[14:13:43] [Server thread/DEBUG] [FML/]: Bar Step: ServerStopped - Resource Loader took 0,000s
[14:13:43] [Server thread/TRACE] [rftools/rftools]: Sending event FMLServerStoppedEvent to mod rftools
[14:13:43] [Server thread/INFO] [mcjty.lib.varia.Logging/rftools]: RFTools: server is stopping. Shutting down gracefully
[14:13:43] [Server thread/TRACE] [rftools/rftools]: Sent event FMLServerStoppedEvent to mod rftools
[14:13:43] [Server thread/DEBUG] [FML/]: Bar Step: ServerStopped - RFTools took 0,027s
[14:13:43] [Server thread/TRACE] [signpic/signpic]: Sending event FMLServerStoppedEvent to mod signpic
[14:13:43] [Server thread/TRACE] [signpic/signpic]: Sent event FMLServerStoppedEvent to mod signpic
[14:13:43] [Server thread/DEBUG] [FML/]: Bar Step: ServerStopped - SignPicture took 0,000s
[14:13:43] [Server thread/TRACE] [spark/spark]: Sending event FMLServerStoppedEvent to mod spark
[14:13:43] [Server thread/TRACE] [spark/spark]: Sent event FMLServerStoppedEvent to mod spark
[14:13:43] [Server thread/DEBUG] [FML/]: Bar Step: ServerStopped - spark took 0,000s
[14:13:43] [Server thread/TRACE] [StorageDrawers/StorageDrawers]: Sending event FMLServerStoppedEvent to mod StorageDrawers
[14:13:43] [Server thread/TRACE] [StorageDrawers/StorageDrawers]: Sent event FMLServerStoppedEvent to mod StorageDrawers
[14:13:43] [Server thread/DEBUG] [FML/]: Bar Step: ServerStopped - Storage Drawers took 0,000s
[14:13:43] [Server thread/TRACE] [svm/svm]: Sending event FMLServerStoppedEvent to mod svm
[14:13:43] [Server thread/TRACE] [svm/svm]: Sent event FMLServerStoppedEvent to mod svm
[14:13:43] [Server thread/DEBUG] [FML/]: Bar Step: ServerStopped - Saracalia's Vehicle Mod took 0,000s
[14:13:43] [Server thread/TRACE] [ThermalDynamics/ThermalDynamics]: Sending event FMLServerStoppedEvent to mod ThermalDynamics
[14:13:43] [Server thread/TRACE] [ThermalDynamics/ThermalDynamics]: Sent event FMLServerStoppedEvent to mod ThermalDynamics
[14:13:43] [Server thread/DEBUG] [FML/]: Bar Step: ServerStopped - Thermal Dynamics took 0,000s
[14:13:43] [Server thread/TRACE] [WailaHarvestability/WailaHarvestability]: Sending event FMLServerStoppedEvent to mod WailaHarvestability
[14:13:43] [Server thread/TRACE] [WailaHarvestability/WailaHarvestability]: Sent event FMLServerStoppedEvent to mod WailaHarvestability
[14:13:43] [Server thread/DEBUG] [FML/]: Bar Step: ServerStopped - Waila Harvestability took 0,000s
[14:13:43] [Server thread/TRACE] [waystones/waystones]: Sending event FMLServerStoppedEvent to mod waystones
[14:13:43] [Server thread/TRACE] [waystones/waystones]: Sent event FMLServerStoppedEvent to mod waystones
[14:13:43] [Server thread/DEBUG] [FML/]: Bar Step: ServerStopped - Waystones took 0,000s
[14:13:43] [Server thread/ERROR] [ae2wct/]: Skipping event FMLServerStoppedEvent and marking errored mod ae2wct since required dependency appliedenergistics2 has errored
[14:13:43] [Server thread/DEBUG] [FML/]: Bar Step: ServerStopped - AE2 Wireless Crafting Terminal took 0,000s
[14:13:43] [Server thread/TRACE] [worldedit/worldedit]: Sending event FMLServerStoppedEvent to mod worldedit
[14:13:43] [Server thread/TRACE] [worldedit/worldedit]: Sent event FMLServerStoppedEvent to mod worldedit
[14:13:43] [Server thread/DEBUG] [FML/]: Bar Step: ServerStopped - WorldEdit took 0,000s
[14:13:43] [Server thread/TRACE] [McMultipart/McMultipart]: Sending event FMLServerStoppedEvent to mod McMultipart
[14:13:43] [Server thread/TRACE] [McMultipart/McMultipart]: Sent event FMLServerStoppedEvent to mod McMultipart
[14:13:43] [Server thread/DEBUG] [FML/]: Bar Step: ServerStopped - Minecraft Multipart Plugin took 0,000s
[14:13:43] [Server thread/TRACE] [ForgeRelocation/ForgeRelocation]: Sending event FMLServerStoppedEvent to mod ForgeRelocation
[14:13:43] [Server thread/TRACE] [ForgeRelocation/ForgeRelocation]: Sent event FMLServerStoppedEvent to mod ForgeRelocation
[14:13:43] [Server thread/DEBUG] [FML/]: Bar Step: ServerStopped - ForgeRelocation took 0,000s
[14:13:43] [Server thread/TRACE] [MCFrames/MCFrames]: Sending event FMLServerStoppedEvent to mod MCFrames
[14:13:43] [Server thread/TRACE] [MCFrames/MCFrames]: Sent event FMLServerStoppedEvent to mod MCFrames
[14:13:43] [Server thread/DEBUG] [FML/]: Bar Step: ServerStopped - MCFrames took 0,000s
[14:13:43] [Server thread/TRACE] [RelocationFMP/RelocationFMP]: Sending event FMLServerStoppedEvent to mod RelocationFMP
[14:13:43] [Server thread/TRACE] [RelocationFMP/RelocationFMP]: Sent event FMLServerStoppedEvent to mod RelocationFMP
[14:13:43] [Server thread/DEBUG] [FML/]: Bar Step: ServerStopped - RelocationFMP took 0,000s
[14:13:43] [Server thread/TRACE] [ForgeMicroblock/ForgeMicroblock]: Sending event FMLServerStoppedEvent to mod ForgeMicroblock
[14:13:43] [Server thread/TRACE] [ForgeMicroblock/ForgeMicroblock]: Sent event FMLServerStoppedEvent to mod ForgeMicroblock
[14:13:43] [Server thread/DEBUG] [FML/]: Bar Step: ServerStopped - Forge Microblocks took 0,000s
[14:13:43] [Server thread/DEBUG] [FML/]: Bar Finished: ServerStopped took 0,473s
[14:13:43] [Server thread/INFO] [FML/]: The state engine was in incorrect state ERRORED and forced into state SERVER_STOPPED. Errors may have been discarded.
[14:13:43] [Server thread/INFO] [FML/]: The state engine was in incorrect state ERRORED and forced into state AVAILABLE. Errors may have been discarded.
